{
  "run_id": "20260528_016",
  "k": 10,
  "drift_score": {
    "Static": {
      "0": 0.6038461538461538,
      "1": 0.6206896551724138,
      "2": 0.5303030303030303,
      "3": 0.6391304347826088,
      "4": 0.5518518518518518,
      "5": 0.4172413793103448,
      "6": 0.48148148148148145,
      "7": 0.46086956521739136,
      "8": 0.4482758620689655,
      "9": 0.38666666666666666
    },
    "Additive": {
      "0": 0.8423076923076922,
      "1": 0.7586206896551724,
      "2": 0.7151515151515151,
      "3": 0.7304347826086957,
      "4": 0.5740740740740741,
      "5": 0.4275862068965518,
      "6": 0.49259259259259264,
      "7": 0.4304347826086956,
      "8": 0.3724137931034483,
      "9": 0.29333333333333333
    },
    "Joint": {
      "0": 0.8576923076923075,
      "1": 0.7551724137931034,
      "2": 0.6939393939393939,
      "3": 0.7608695652173915,
      "4": 0.5518518518518519,
      "5": 0.48275862068965514,
      "6": 0.4333333333333333,
      "7": 0.3956521739130435,
      "8": 0.3172413793103448,
      "9": 0.2633333333333333
    },
    "Timeformer": {
      "0": 0.8346153846153845,
      "1": 0.786206896551724,
      "2": 0.7181818181818181,
      "3": 0.7043478260869567,
      "4": 0.5592592592592593,
      "5": 0.4827586206896552,
      "6": 0.4518518518518519,
      "7": 0.37826086956521743,
      "8": 0.2827586206896551,
      "9": 0.24999999999999997
    }
  },
  "drift_score_by_class": {
    "Static": {
      "stable": {
        "0": 0.6956521739130435,
        "1": 0.7,
        "2": 0.7769230769230767,
        "3": 0.7608695652173915,
        "4": 0.7333333333333333,
        "5": 0.806896551724138,
        "6": 0.7142857142857143,
        "7": 0.8086956521739131,
        "8": 0.6041666666666666,
        "9": 0.7454545454545456
      },
      "drift": {
        "0": 0.6038461538461538,
        "1": 0.6206896551724138,
        "2": 0.5303030303030303,
        "3": 0.6391304347826088,
        "4": 0.5518518518518518,
        "5": 0.4172413793103448,
        "6": 0.48148148148148145,
        "7": 0.46086956521739136,
        "8": 0.4482758620689655,
        "9": 0.38666666666666666
      },
      "bifurc": {
        "0": 0.7846153846153846,
        "1": 0.7607142857142858,
        "2": 0.7869565217391304,
        "3": 0.7521739130434782,
        "4": 0.7153846153846153,
        "5": 0.5833333333333334,
        "6": 0.5761904761904761,
        "7": 0.5857142857142856,
        "8": 0.6,
        "9": 0.6749999999999999
      }
    },
    "Additive": {
      "stable": {
        "0": 0.8217391304347825,
        "1": 0.8399999999999997,
        "2": 0.8346153846153844,
        "3": 0.7956521739130435,
        "4": 0.7583333333333334,
        "5": 0.796551724137931,
        "6": 0.7857142857142857,
        "7": 0.7478260869565218,
        "8": 0.6833333333333332,
        "9": 0.7090909090909091
      },
      "drift": {
        "0": 0.8423076923076922,
        "1": 0.7586206896551724,
        "2": 0.7151515151515151,
        "3": 0.7304347826086957,
        "4": 0.5740740740740741,
        "5": 0.4275862068965518,
        "6": 0.49259259259259264,
        "7": 0.4304347826086956,
        "8": 0.3724137931034483,
        "9": 0.29333333333333333
      },
      "bifurc": {
        "0": 0.8923076923076922,
        "1": 0.8285714285714285,
        "2": 0.8391304347826086,
        "3": 0.7999999999999999,
        "4": 0.7615384615384614,
        "5": 0.5625,
        "6": 0.5666666666666667,
        "7": 0.47142857142857136,
        "8": 0.5736842105263159,
        "9": 0.5291666666666667
      }
    },
    "Joint": {
      "stable": {
        "0": 0.8217391304347827,
        "1": 0.8333333333333334,
        "2": 0.8423076923076922,
        "3": 0.8086956521739129,
        "4": 0.7041666666666667,
        "5": 0.7724137931034484,
        "6": 0.7214285714285713,
        "7": 0.7217391304347827,
        "8": 0.6625000000000001,
        "9": 0.7545454545454546
      },
      "drift": {
        "0": 0.8576923076923075,
        "1": 0.7551724137931034,
        "2": 0.6939393939393939,
        "3": 0.7608695652173915,
        "4": 0.5518518518518519,
        "5": 0.48275862068965514,
        "6": 0.4333333333333333,
        "7": 0.3956521739130435,
        "8": 0.3172413793103448,
        "9": 0.2633333333333333
      },
      "bifurc": {
        "0": 0.8846153846153846,
        "1": 0.825,
        "2": 0.843478260869565,
        "3": 0.7304347826086957,
        "4": 0.7461538461538461,
        "5": 0.5708333333333334,
        "6": 0.5047619047619047,
        "7": 0.4428571428571428,
        "8": 0.5894736842105263,
        "9": 0.5333333333333333
      }
    },
    "Timeformer": {
      "stable": {
        "0": 0.7652173913043478,
        "1": 0.8,
        "2": 0.8192307692307691,
        "3": 0.8086956521739131,
        "4": 0.7374999999999999,
        "5": 0.7689655172413792,
        "6": 0.7071428571428572,
        "7": 0.7782608695652175,
        "8": 0.6666666666666666,
        "9": 0.6863636363636364
      },
      "drift": {
        "0": 0.8346153846153845,
        "1": 0.786206896551724,
        "2": 0.7181818181818181,
        "3": 0.7043478260869567,
        "4": 0.5592592592592593,
        "5": 0.4827586206896552,
        "6": 0.4518518518518519,
        "7": 0.37826086956521743,
        "8": 0.2827586206896551,
        "9": 0.24999999999999997
      },
      "bifurc": {
        "0": 0.8884615384615385,
        "1": 0.8178571428571428,
        "2": 0.8565217391304346,
        "3": 0.7130434782608697,
        "4": 0.7384615384615384,
        "5": 0.5499999999999999,
        "6": 0.5238095238095238,
        "7": 0.5,
        "8": 0.48947368421052634,
        "9": 0.5375
      }
    }
  },
  "trajectory_dist": {
    "Static": {
      "stable": {
        "0": -3.7000787433960625e-09,
        "1": 0.07006565025660313,
        "2": 0.07818726124432716,
        "3": 0.0567227750350812,
        "4": 0.1268400870509856,
        "5": 0.07677814401920893,
        "6": 0.06186441492788736,
        "7": 0.10558618385235063,
        "8": 0.056737314443912154,
        "9": 0.06846760434974758
      },
      "drift": {
        "0": -1.3385825070599821e-08,
        "1": 0.038331230818337426,
        "2": 0.05837576950207825,
        "3": 0.05314829911676501,
        "4": 0.023409096276821716,
        "5": 0.03170437682476342,
        "6": 0.0344279814638624,
        "7": 0.018795761002652178,
        "8": 0.041625528125695935,
        "9": 0.03213001435972497
      },
      "bifurc": {
        "0": 7.453925909839399e-09,
        "1": 0.053076017648059214,
        "2": 0.10057931032882461,
        "3": 0.1366584165634356,
        "4": 0.08245821660670746,
        "5": 0.11214711084954505,
        "6": 0.16035526300935887,
        "7": 0.0709651412282225,
        "8": 0.08743031751969721,
        "9": 0.0946724963460232
      }
    },
    "Additive": {
      "stable": {
        "0": -3.7612977843437536e-09,
        "1": 0.46488371148060786,
        "2": 0.23627702417261037,
        "3": 0.4432934936080083,
        "4": 0.6104388446440716,
        "5": 0.4398459032289139,
        "6": 0.5274217105873324,
        "7": 0.36608394149532775,
        "8": 0.5397771076096881,
        "9": 0.5938633321729191
      },
      "drift": {
        "0": 2.9050314453993308e-08,
        "1": 0.2806487631465844,
        "2": 0.3331431587260017,
        "3": 0.4043720436375534,
        "4": 0.47968084383592824,
        "5": 0.3908312433893664,
        "6": 0.4501083477299586,
        "7": 0.5589256576895708,
        "8": 0.41236575613786186,
        "9": 0.5299840604335438
      },
      "bifurc": {
        "0": 6.09748689317513e-09,
        "1": 0.15120255209269814,
        "2": 0.22113490621010498,
        "3": 0.3395118514245423,
        "4": 0.30851727535896095,
        "5": 0.5220232620763153,
        "6": 0.5149967110281278,
        "7": 0.5765733283810364,
        "8": 0.5744050723428922,
        "9": 0.525609798760664
      }
    },