{
  "Static": {
    "test": {
      "n": 763,
      "probe_subj": {
        "accuracy": 0.872870249017038,
        "f1": 0.8152380952380952,
        "auroc": 0.9338625739398798
      },
      "probe_sent": {
        "accuracy": 0.8899082568807339,
        "f1": 0.8409090909090909,
        "auroc": 0.9507155716252402
      },
      "precision_at_5": 0.8060288335517694,
      "cluster_ari": -0.005367651844667621,
      "cluster_nmi": 0.0049352601281903875
    },
    "hard_verb": {
      "n": 215,
      "probe_subj": {
        "accuracy": 0.5209302325581395,
        "f1": 0.4114285714285714,
        "auroc": 0.39555555555555555
      },
      "probe_sent": {
        "accuracy": 0.4883720930232558,
        "f1": 0.38202247191011235,
        "auroc": 0.34044444444444444
      },
      "precision_at_5": 0.8641860465116279,
      "cluster_ari": -0.005519495133072226,
      "cluster_nmi": 0.0006894871024465102
    },
    "hard_both": {
      "n": 69,
      "probe_subj": {
        "accuracy": 0.2028985507246377,
        "f1": 0.03508771929824561,
        "auroc": 0.03481624758220502
      },
      "probe_sent": {
        "accuracy": 0.21739130434782608,
        "f1": 0.03571428571428571,
        "auroc": 0.05125725338491296
      },
      "precision_at_5": 0.7507246376811594,
      "cluster_ari": 0.09156676121957891,
      "cluster_nmi": 0.039535534201894554
    },
    "ambiguous_test": {
      "n": 5000,
      "probe_subj": {
        "accuracy": 0.5562,
        "f1": 0.4030131826741996,
        "auroc": 0.5353343070160392
      },
      "probe_sent": {
        "accuracy": 0.541,
        "f1": 0.39429928741092635,
        "auroc": 0.5302993329340726
      },
      "precision_at_5": 0.63572,
      "cluster_ari": -0.0021069196944599705,
      "cluster_nmi": 0.00017227569659833563
    },
    "continuation": {
      "n": 794,
      "probe_subj": {
        "accuracy": 0.7355163727959698,
        "f1": 0.729381443298969,
        "auroc": 0.8017876221001221
      },
      "probe_sent": {
        "accuracy": 0.7531486146095718,
        "f1": 0.7467700258397932,
        "auroc": 0.7857905982905983
      },
      "precision_at_5": 0.7561712846347607,
      "cluster_ari": 0.0005353230514126653,
      "cluster_nmi": 0.0008473705729022282
    },
    "interpolation": {
      "n": 398,
      "probe_subj": {
        "accuracy": 0.7688442211055276,
        "f1": 0.7088607594936709,
        "auroc": 0.785510752688172
      },
      "probe_sent": {
        "accuracy": 0.7788944723618091,
        "f1": 0.7161290322580646,
        "auroc": 0.7882258064516129
      },
      "precision_at_5": 0.6909547738693468,
      "cluster_ari": -0.0044780233872859215,
      "cluster_nmi": 0.005184557108340467
    },
    "contrastive": {
      "sign_flip_rate": 0.0,
      "n_pairs": 29,
      "n_correct": 0
    }
  },
  "Additive": {
    "test": {
      "n": 763,
      "probe_subj": {
        "accuracy": 0.8768020969855832,
        "f1": 0.8199233716475096,
        "auroc": 0.9461732802832028
      },
      "probe_sent": {
        "accuracy": 0.8689384010484927,
        "f1": 0.8076923076923077,
        "auroc": 0.9428299118016369
      },
      "precision_at_5": 0.7910878112712975,
      "cluster_ari": -0.00028387159966253484,
      "cluster_nmi": 0.0007666722947141931
    },
    "hard_verb": {
      "n": 215,
      "probe_subj": {
        "accuracy": 0.5395348837209303,
        "f1": 0.44692737430167595,
        "auroc": 0.3970666666666666
      },
      "probe_sent": {
        "accuracy": 0.5627906976744186,
        "f1": 0.4835164835164835,
        "auroc": 0.4045333333333333
      },
      "precision_at_5": 0.9144186046511628,
      "cluster_ari": -0.0032120394359965703,
      "cluster_nmi": 0.0003037115306766008
    },
    "hard_both": {
      "n": 69,
      "probe_subj": {
        "accuracy": 0.2608695652173913,
        "f1": 0.03773584905660377,
        "auroc": 0.08123791102514506
      },
      "probe_sent": {
        "accuracy": 0.21739130434782608,
        "f1": 0.06896551724137931,
        "auroc": 0.06576402321083172
      },
      "precision_at_5": 0.7942028985507247,
      "cluster_ari": -0.005583201491570618,
      "cluster_nmi": 0.0017199442154628502
    },
    "ambiguous_test": {
      "n": 5000,
      "probe_subj": {
        "accuracy": 0.594,
        "f1": 0.44986449864498645,
        "auroc": 0.5915237819396515
      },
      "probe_sent": {
        "accuracy": 0.5864,
        "f1": 0.4455764075067024,
        "auroc": 0.5866131831647619
      },
      "precision_at_5": 0.6968,
      "cluster_ari": -8.362876813902062e-06,
      "cluster_nmi": 7.657921701238712e-05
    },
    "continuation": {
      "n": 794,
      "probe_subj": {
        "accuracy": 0.7556675062972292,
        "f1": 0.7728337236533958,
        "auroc": 0.7901467745217745
      },
      "probe_sent": {
        "accuracy": 0.7644836272040302,
        "f1": 0.7765830346475507,
        "auroc": 0.7834948616198617
      },
      "precision_at_5": 0.726448362720403,
      "cluster_ari": -0.0011009169644886833,
      "cluster_nmi": 0.00011699017059560003
    },
    "interpolation": {
      "n": 398,
      "probe_subj": {
        "accuracy": 0.7562814070351759,
        "f1": 0.692063492063492,
        "auroc": 0.789502688172043
      },
      "probe_sent": {
        "accuracy": 0.7613065326633166,
        "f1": 0.7021943573667712,
        "auroc": 0.7882392473118278
      },
      "precision_at_5": 0.6984924623115578,
      "cluster_ari": -0.0017501178010436178,
      "cluster_nmi": 0.00013006289651555484
    },
    "contrastive": {
      "sign_flip_rate": 0.8620689655172413,
      "n_pairs": 29,
      "n_correct": 25
    }
  },
  "Joint": {
    "test": {
      "n": 763,
      "probe_subj": {
        "accuracy": 0.8899082568807339,
        "f1": 0.8333333333333334,
        "auroc": 0.9608099726176608
      },
      "probe_sent": {
        "accuracy": 0.8859764089121888,
        "f1": 0.8284023668639053,
        "auroc": 0.9576178877777946
      },
      "precision_at_5": 0.835910878112713,
      "cluster_ari": -0.00028387159966253484,
      "cluster_nmi": 0.0007666722947141931
    },
    "hard_verb": {
      "n": 215,
      "probe_subj": {
        "accuracy": 0.4744186046511628,
        "f1": 0.3687150837988827,
        "auroc": 0.3064
      },
      "probe_sent": {
        "accuracy": 0.4883720930232558,
        "f1": 0.38202247191011235,
        "auroc": 0.3224
      },
      "precision_at_5": 0.9386046511627907,
      "cluster_ari": -0.0032120394359965703,
      "cluster_nmi": 0.0003037115306766008
    },
    "hard_both": {
      "n": 69,
      "probe_subj": {
        "accuracy": 0.2753623188405797,
        "f1": 0.07407407407407407,
        "auroc": 0.06382978723404255
      },
      "probe_sent": {
        "accuracy": 0.2463768115942029,
        "f1": 0.07142857142857142,
        "auroc": 0.04448742746615088
      },
      "precision_at_5": 0.7913043478260869,
      "cluster_ari": -0.005583201491570618,
      "cluster_nmi": 0.0017199442154628502
    },
    "ambiguous_test": {
      "n": 5000,
      "probe_subj": {
        "accuracy": 0.5916,
        "f1": 0.44691224268689056,
        "auroc": 0.5558323388154165
      },
      "probe_sent": {
        "accuracy": 0.5816,
        "f1": 0.42997275204359675,
        "auroc": 0.5587318551962532
      },
      "precision_at_5": 0.68888,
      "cluster_ari": -8.362876813902062e-06,
      "cluster_nmi": 7.657921701238712e-05
    },
    "continuation": {
      "n": 794,
      "probe_subj": {
        "accuracy": 0.7518891687657431,
        "f1": 0.767962308598351,
        "auroc": 0.7762483465608465
      },
      "probe_sent": {
        "accuracy": 0.7758186397984886,
        "f1": 0.784503631961259,
        "auroc": 0.7816124847374847
      },
      "precision_at_5": 0.7055415617128463,
      "cluster_ari": -0.0011009169644886833,
      "cluster_nmi": 0.00011699017059560003
    },
    "interpolation": {
      "n": 398,