{
  "run_id": "20260523_008",
  "k": 10,
  "drift_score": {
    "Static": {
      "0": 0.6192307692307693,
      "1": 0.5655172413793103,
      "2": 0.5393939393939394,
      "3": 0.5739130434782609,
      "4": 0.5037037037037038,
      "5": 0.48965517241379314,
      "6": 0.4925925925925927,
      "7": 0.4739130434782609,
      "8": 0.4310344827586208,
      "9": 0.41666666666666674
    },
    "Joint": {
      "0": 0.8692307692307693,
      "1": 0.8068965517241379,
      "2": 0.7666666666666667,
      "3": 0.7217391304347827,
      "4": 0.5037037037037038,
      "5": 0.5241379310344828,
      "6": 0.4333333333333333,
      "7": 0.36521739130434777,
      "8": 0.23793103448275862,
      "9": 0.19666666666666666
    },
    "Timeformer": {
      "0": 0.7692307692307693,
      "1": 0.7758620689655172,
      "2": 0.7515151515151516,
      "3": 0.6913043478260871,
      "4": 0.5555555555555556,
      "5": 0.42758620689655175,
      "6": 0.4592592592592592,
      "7": 0.3608695652173913,
      "8": 0.3482758620689655,
      "9": 0.21666666666666665
    }
  },
  "drift_score_by_class": {
    "Static": {
      "stable": {
        "0": 0.7521739130434782,
        "1": 0.7966666666666664,
        "2": 0.8076923076923077,
        "3": 0.852173913043478,
        "4": 0.7624999999999998,
        "5": 0.8517241379310344,
        "6": 0.7750000000000001,
        "7": 0.8478260869565217,
        "8": 0.7041666666666666,
        "9": 0.7772727272727273
      },
      "drift": {
        "0": 0.6192307692307693,
        "1": 0.5655172413793103,
        "2": 0.5393939393939394,
        "3": 0.5739130434782609,
        "4": 0.5037037037037038,
        "5": 0.48965517241379314,
        "6": 0.4925925925925927,
        "7": 0.4739130434782609,
        "8": 0.4310344827586208,
        "9": 0.41666666666666674
      },
      "bifurc": {
        "0": 0.8499999999999999,
        "1": 0.7678571428571427,
        "2": 0.7999999999999999,
        "3": 0.7478260869565219,
        "4": 0.7692307692307693,
        "5": 0.6333333333333333,
        "6": 0.6,
        "7": 0.6238095238095238,
        "8": 0.7000000000000001,
        "9": 0.7166666666666667
      }
    },
    "Joint": {
      "stable": {
        "0": 0.8260869565217391,
        "1": 0.8466666666666665,
        "2": 0.8730769230769231,
        "3": 0.8434782608695653,
        "4": 0.7458333333333332,
        "5": 0.793103448275862,
        "6": 0.7607142857142858,
        "7": 0.8304347826086957,
        "8": 0.6291666666666667,
        "9": 0.6000000000000001
      },
      "drift": {
        "0": 0.8692307692307693,
        "1": 0.8068965517241379,
        "2": 0.7666666666666667,
        "3": 0.7217391304347827,
        "4": 0.5037037037037038,
        "5": 0.5241379310344828,
        "6": 0.4333333333333333,
        "7": 0.36521739130434777,
        "8": 0.23793103448275862,
        "9": 0.19666666666666666
      },
      "bifurc": {
        "0": 0.95,
        "1": 0.8714285714285713,
        "2": 0.8652173913043477,
        "3": 0.7347826086956523,
        "4": 0.7615384615384614,
        "5": 0.5625,
        "6": 0.4666666666666667,
        "7": 0.46190476190476193,
        "8": 0.4526315789473684,
        "9": 0.4833333333333334
      }
    },
    "Timeformer": {
      "stable": {
        "0": 0.8391304347826087,
        "1": 0.8566666666666664,
        "2": 0.8692307692307693,
        "3": 0.7695652173913045,
        "4": 0.7833333333333335,
        "5": 0.7620689655172416,
        "6": 0.682142857142857,
        "7": 0.7608695652173914,
        "8": 0.6208333333333333,
        "9": 0.5954545454545453
      },
      "drift": {
        "0": 0.7692307692307693,
        "1": 0.7758620689655172,
        "2": 0.7515151515151516,
        "3": 0.6913043478260871,
        "4": 0.5555555555555556,
        "5": 0.42758620689655175,
        "6": 0.4592592592592592,
        "7": 0.3608695652173913,
        "8": 0.3482758620689655,
        "9": 0.21666666666666665
      },
      "bifurc": {
        "0": 0.9076923076923076,
        "1": 0.8642857142857142,
        "2": 0.8608695652173912,
        "3": 0.7608695652173914,
        "4": 0.7999999999999999,
        "5": 0.5750000000000001,
        "6": 0.5380952380952382,
        "7": 0.4904761904761905,
        "8": 0.5684210526315789,
        "9": 0.5208333333333334
      }
    }
  },
  "trajectory_dist": {
    "Static": {
      "stable": {
        "0": -2.5951339233110105e-08,
        "1": 0.23567654023303158,
        "2": 0.08392116789906562,
        "3": 0.3071987950667595,
        "4": 0.27956134285934303,
        "5": 0.2741305374986506,
        "6": 0.20402165975902337,
        "7": 0.09550888009452167,
        "8": 0.1806954792217136,
        "9": 0.2175258711381161
      },
      "drift": {
        "0": 2.8950214492340365e-08,
        "1": 0.06573983607841376,
        "2": 0.11270683197234761,
        "3": 0.11159287903939394,
        "4": 0.14945777785755282,
        "5": 0.06363416547868003,
        "6": 0.07150911744252673,
        "7": 0.16958504594918825,
        "8": 0.11107593813002029,
        "9": 0.10506523024571916
      },
      "bifurc": {
        "0": -3.378354012095741e-08,
        "1": 0.05058105337551211,
        "2": 0.11333429779975975,
        "3": 0.16179996346712366,
        "4": 0.15663709667223172,
        "5": 0.17607264156491756,
        "6": 0.18927852985566015,
        "7": 0.1813334542027458,
        "8": 0.24168260118231308,
        "9": 0.18329501563972012
      }
    },
    "Joint": {
      "stable": {
        "0": -5.615318449114781e-08,
        "1": 0.4101826195415123,
        "2": 0.16959132998500737,
        "3": 0.4110142694552764,
        "4": 0.5616318331458705,
        "5": 0.449417877116166,
        "6": 0.5410117034698368,
        "7": 0.36582220017424394,
        "8": 0.5555412320639026,
        "9": 0.5462895654874922
      },
      "drift": {
        "0": -1.08525650688307e-08,
        "1": 0.12298238827796193,
        "2": 0.23106624594962585,
        "3": 0.2597505334110744,
        "4": 0.35362425094967076,
        "5": 0.24386458181819112,
        "6": 0.3539518584493007,
        "7": 0.6282207825800172,
        "8": 0.550743217620631,
        "9": 0.6434936636133636
      },
      "bifurc": {
        "0": -4.029421577511627e-08,
        "1": 0.10031534142602627,
        "2": 0.15478218737917837,
        "3": 0.34028319283042185,
        "4": 0.261222546960396,
        "5": 0.4519344297701062,
        "6": 0.4769354541788588,
        "7": 0.5727046046691664,
        "8": 0.567706570750268,
        "9": 0.613668032845346
      }
    },
    "Timeformer": {
      "stable": {
        "0": -2.0486660667895505e-08,
        "1": 0.4908394516796409,
        "2": 0.2680172380954841,
        "3": 0.49133722079740033,
        "4": 0.6728123186639183,
        "5": 0.49186298380207133,
        "6": 0.6117070117446458,
        "7": 0.45877559326914163,
        "8": 0.6051474908597814,
        "9": 0.6525671943641455
      },
      "drift": {
        "0": -3.704460838083179e-08,
        "1": 0.2544478993429144,
        "2": 0.2722217336967656,
        "3": 0.374136365905123,
        "4": 0.402318816985633,
        "5": 0.3873455180484819,
        "6": 0.39200390029888577,
        "7": 0.5509574523476529,
        "8": 0.41667077888697834,
        "9": 0.5701265504567228
      },
      "bifurc": {
        "0": -2.0541183654021466e-08,
        "1": 0.1181334220078691,
        "2": 0.19441424593910409,
        "3": 0.35775540910538434,
        "4": 0.29619612157193675,
        "5": 0.4953215868976308,
        "6": 0.5575223777003405,
        "7": 0.601531066763056,
        "8": 0.583996540383454,
        "9": 0.6004902870553793
      }
    }
  },
  "coherence": {
    "Static": {
      "stable": {
        "0": 0.7434782608695653,
        "1": 0.7699999999999998,
        "2": 0.7692307692307693,
        "3": 0.7999999999999999,
        "4": 0.7791666666666667,
        "5": 0.7758620689655173,
        "6": 0.8392857142857143,