{
  "Static": {
    "test": {
      "n": 763,
      "probe_subj": {
        "accuracy": 0.8715596330275229,
        "f1": 0.8055555555555556,
        "auroc": 0.9339987292174097
      },
      "probe_sent": {
        "accuracy": 0.8820445609436435,
        "f1": 0.8249027237354085,
        "auroc": 0.9547170239482003
      },
      "precision_at_5": 0.8128440366972477,
      "cluster_ari": -0.0039404696834187325,
      "cluster_nmi": 0.0003147261037354899
    },
    "hard_verb": {
      "n": 215,
      "probe_subj": {
        "accuracy": 0.44651162790697674,
        "f1": 0.2874251497005988,
        "auroc": 0.3380444444444444
      },
      "probe_sent": {
        "accuracy": 0.46511627906976744,
        "f1": 0.32748538011695905,
        "auroc": 0.3307555555555556
      },
      "precision_at_5": 0.8204651162790698,
      "cluster_ari": -0.0013429841059901437,
      "cluster_nmi": 0.0005232987759076403
    },
    "hard_both": {
      "n": 69,
      "probe_subj": {
        "accuracy": 0.2028985507246377,
        "f1": 0.0,
        "auroc": 0.06866537717601548
      },
      "probe_sent": {
        "accuracy": 0.2028985507246377,
        "f1": 0.0,
        "auroc": 0.0019342359767891661
      },
      "precision_at_5": 0.7130434782608696,
      "cluster_ari": -0.011648169552295137,
      "cluster_nmi": 7.472133775779487e-07
    },
    "ambiguous_test": {
      "n": 5000,
      "probe_subj": {
        "accuracy": 0.5726,
        "f1": 0.39203413940256043,
        "auroc": 0.539457498350142
      },
      "probe_sent": {
        "accuracy": 0.5552,
        "f1": 0.3835920177383592,
        "auroc": 0.5372921506007808
      },
      "precision_at_5": 0.63776,
      "cluster_ari": -0.0047774811217875645,
      "cluster_nmi": 0.0007137616306080332
    },
    "continuation": {
      "n": 794,
      "probe_subj": {
        "accuracy": 0.7103274559193955,
        "f1": 0.6900269541778976,
        "auroc": 0.7785790598290598
      },
      "probe_sent": {
        "accuracy": 0.72544080604534,
        "f1": 0.7093333333333334,
        "auroc": 0.786626856939357
      },
      "precision_at_5": 0.7566750629722921,
      "cluster_ari": 0.006008080164911419,
      "cluster_nmi": 0.004235481644073171
    },
    "interpolation": {
      "n": 398,
      "probe_subj": {
        "accuracy": 0.7562814070351759,
        "f1": 0.6643598615916955,
        "auroc": 0.7800403225806452
      },
      "probe_sent": {
        "accuracy": 0.7613065326633166,
        "f1": 0.6864686468646864,
        "auroc": 0.7935887096774193
      },
      "precision_at_5": 0.6914572864321608,
      "cluster_ari": -0.010118427405924814,
      "cluster_nmi": 0.004485046235643763
    },
    "contrastive": {
      "sign_flip_rate": 0.0,
      "n_pairs": 29,
      "n_correct": 0
    }
  },
  "Additive": {
    "test": {
      "n": 763,
      "probe_subj": {
        "accuracy": 0.8872870249017037,
        "f1": 0.833976833976834,
        "auroc": 0.9627010181389086
      },
      "probe_sent": {
        "accuracy": 0.8899082568807339,
        "f1": 0.8378378378378378,
        "auroc": 0.9628523017806085
      },
      "precision_at_5": 0.8351245085190039,
      "cluster_ari": -0.00028387159966253484,
      "cluster_nmi": 0.0007666722947141931
    },
    "hard_verb": {
      "n": 215,
      "probe_subj": {
        "accuracy": 0.5069767441860465,
        "f1": 0.4175824175824176,
        "auroc": 0.32639999999999997
      },
      "probe_sent": {
        "accuracy": 0.49767441860465117,
        "f1": 0.4,
        "auroc": 0.32924444444444445
      },
      "precision_at_5": 0.9618604651162791,
      "cluster_ari": -0.0032120394359965703,
      "cluster_nmi": 0.0003037115306766008
    },
    "hard_both": {
      "n": 69,
      "probe_subj": {
        "accuracy": 0.2463768115942029,
        "f1": 0.10344827586206896,
        "auroc": 0.08607350096711798
      },
      "probe_sent": {
        "accuracy": 0.2463768115942029,
        "f1": 0.10344827586206896,
        "auroc": 0.08704061895551256
      },
      "precision_at_5": 0.855072463768116,
      "cluster_ari": -0.005583201491570618,
      "cluster_nmi": 0.0017199442154628502
    },
    "ambiguous_test": {
      "n": 5000,
      "probe_subj": {
        "accuracy": 0.579,
        "f1": 0.4394141145139814,
        "auroc": 0.5608065334376063
      },
      "probe_sent": {
        "accuracy": 0.5774,
        "f1": 0.430611694960927,
        "auroc": 0.56461637894694
      },
      "precision_at_5": 0.69336,
      "cluster_ari": -8.362876813902062e-06,
      "cluster_nmi": 7.657921701238712e-05
    },
    "continuation": {
      "n": 794,
      "probe_subj": {
        "accuracy": 0.7518891687657431,
        "f1": 0.7701283547257877,
        "auroc": 0.7760861823361823
      },
      "probe_sent": {
        "accuracy": 0.7531486146095718,
        "f1": 0.7683215130023641,
        "auroc": 0.7749351343101344
      },
      "precision_at_5": 0.7287153652392947,
      "cluster_ari": -0.0011009169644886833,
      "cluster_nmi": 0.00011699017059560003
    },
    "interpolation": {
      "n": 398,
      "probe_subj": {
        "accuracy": 0.7462311557788944,
        "f1": 0.6793650793650794,
        "auroc": 0.78625
      },
      "probe_sent": {
        "accuracy": 0.7537688442211056,
        "f1": 0.6878980891719745,
        "auroc": 0.7860618279569893
      },
      "precision_at_5": 0.6964824120603015,
      "cluster_ari": -0.0017501178010436178,
      "cluster_nmi": 0.00013006289651555484
    },
    "contrastive": {
      "sign_flip_rate": 0.896551724137931,
      "n_pairs": 29,
      "n_correct": 26
    }
  },
  "Joint": {
    "test": {
      "n": 763,
      "probe_subj": {
        "accuracy": 0.8899082568807339,
        "f1": 0.8326693227091634,
        "auroc": 0.9614680564590551
      },
      "probe_sent": {
        "accuracy": 0.8964613368283093,
        "f1": 0.8429423459244533,
        "auroc": 0.9607948442534908
      },
      "precision_at_5": 0.8023591087811272,
      "cluster_ari": 0.000653075898099149,
      "cluster_nmi": 0.0011929158250705391
    },
    "hard_verb": {
      "n": 215,
      "probe_subj": {
        "accuracy": 0.4558139534883721,
        "f1": 0.3389830508474576,
        "auroc": 0.31991111111111115
      },
      "probe_sent": {
        "accuracy": 0.4744186046511628,
        "f1": 0.3615819209039548,
        "auroc": 0.3103111111111111
      },
      "precision_at_5": 0.8074418604651162,
      "cluster_ari": -0.0033307918533158603,
      "cluster_nmi": 0.0002199450540011776
    },
    "hard_both": {
      "n": 69,
      "probe_subj": {
        "accuracy": 0.2608695652173913,
        "f1": 0.10526315789473684,
        "auroc": 0.09381044487427466
      },
      "probe_sent": {
        "accuracy": 0.2608695652173913,
        "f1": 0.07272727272727272,
        "auroc": 0.05996131528046421
      },
      "precision_at_5": 0.7130434782608696,
      "cluster_ari": -0.005583201491570618,
      "cluster_nmi": 0.0017199442154628502
    },
    "ambiguous_test": {
      "n": 5000,
      "probe_subj": {
        "accuracy": 0.5998,
        "f1": 0.45610220168524057,
        "auroc": 0.5713251957298477
      },
      "probe_sent": {
        "accuracy": 0.587,
        "f1": 0.4374829746663035,
        "auroc": 0.5582987674761388
      },
      "precision_at_5": 0.69348,
      "cluster_ari": -0.00012707791551758898,
      "cluster_nmi": 6.725263902061383e-05
    },
    "continuation": {
      "n": 794,
      "probe_subj": {
        "accuracy": 0.7707808564231738,
        "f1": 0.7848699763593381,
        "auroc": 0.7971230158730158
      },
      "probe_sent": {
        "accuracy": 0.7758186397984886,
        "f1": 0.7860576923076923,
        "auroc": 0.7919973544973545
      },
      "precision_at_5": 0.7216624685138538,
      "cluster_ari": -0.0011009169644886833,
      "cluster_nmi": 0.00011699017059560003
    },
    "interpolation": {
      "n": 398,
      "probe_subj": {
        "accuracy": 0.7462311557788944,