{
  "B3_oracle": {
    "test": {
      "n": 763,
      "probe_subj": {
        "accuracy": 0.9003931847968545,
        "f1": 0.8549618320610687,
        "auroc": 0.9634196154369827
      },
      "probe_sent": {
        "accuracy": 0.8990825688073395,
        "f1": 0.8487229862475442,
        "auroc": 0.9645769352959863
      },
      "precision_at_5": 0.8243774574049804,
      "cluster_ari": -0.00028387159966253484,
      "cluster_nmi": 0.0007666722947141931
    },
    "hard_verb": {
      "n": 215,
      "probe_subj": {
        "accuracy": 0.5255813953488372,
        "f1": 0.44565217391304346,
        "auroc": 0.3713777777777778
      },
      "probe_sent": {
        "accuracy": 0.5255813953488372,
        "f1": 0.44565217391304346,
        "auroc": 0.3511111111111111
      },
      "precision_at_5": 0.8995348837209303,
      "cluster_ari": -0.003965245383511008,
      "cluster_nmi": 6.35415022242854e-05
    },
    "hard_both": {
      "n": 69,
      "probe_subj": {
        "accuracy": 0.21739130434782608,
        "f1": 0.03571428571428571,
        "auroc": 0.03965183752417795
      },
      "probe_sent": {
        "accuracy": 0.18840579710144928,
        "f1": 0.0,
        "auroc": 0.031914893617021274
      },
      "precision_at_5": 0.7942028985507247,
      "cluster_ari": -0.005583201491570618,
      "cluster_nmi": 0.0017199442154628502
    },
    "ambiguous_test": {
      "n": 5000,
      "probe_subj": {
        "accuracy": 0.5784,
        "f1": 0.4384656366542355,
        "auroc": 0.580511706723571
      },
      "probe_sent": {
        "accuracy": 0.566,
        "f1": 0.4228723404255319,
        "auroc": 0.5647688272780396
      },
      "precision_at_5": 0.7016,
      "cluster_ari": -4.087639306312631e-06,
      "cluster_nmi": 8.579701949524517e-05
    },
    "continuation": {
      "n": 794,
      "probe_subj": {
        "accuracy": 0.7544080604534005,
        "f1": 0.7653429602888087,
        "auroc": 0.784302503052503
      },
      "probe_sent": {
        "accuracy": 0.7670025188916877,
        "f1": 0.773561811505508,
        "auroc": 0.7819368131868132
      },
      "precision_at_5": 0.7329974811083123,
      "cluster_ari": -0.0011580856718870433,
      "cluster_nmi": 7.345914870388235e-05
    },
    "interpolation": {
      "n": 398,
      "probe_subj": {
        "accuracy": 0.7638190954773869,
        "f1": 0.7025316455696202,
        "auroc": 0.7905510752688173
      },
      "probe_sent": {
        "accuracy": 0.7713567839195979,
        "f1": 0.707395498392283,
        "auroc": 0.7899327956989246
      },
      "precision_at_5": 0.6899497487437186,
      "cluster_ari": -0.0017501178010436178,
      "cluster_nmi": 0.00013006289651555484
    },
    "contrastive": {
      "sign_flip_rate": 0.5862068965517241,
      "n_pairs": 29,
      "n_correct": 17
    },
    "b3_shuffled_subject": {
      "accuracy": 0.7493702770780857,
      "f1": 0.7599517490952955,
      "auroc": 0.7749128764753764
    },
    "b3_nohistory": {
      "accuracy": 0.760705289672544,
      "f1": 0.7721822541966427,
      "auroc": 0.782649063899064
    }
  },
  "B2b_ref": {
    "test": {
      "n": 763,
      "probe_subj": {
        "accuracy": 0.8768020969855832,
        "f1": 0.8156862745098039,
        "auroc": 0.9371719036020635
      },
      "probe_sent": {
        "accuracy": 0.872870249017038,
        "f1": 0.8131021194605009,
        "auroc": 0.9429282461687417
      },
      "precision_at_5": 0.7528178243774574,
      "cluster_ari": -0.0024264991496945965,
      "cluster_nmi": 0.00025427985365519015
    },
    "hard_verb": {
      "n": 215,
      "probe_subj": {
        "accuracy": 0.5534883720930233,
        "f1": 0.4146341463414634,
        "auroc": 0.4549333333333333
      },
      "probe_sent": {
        "accuracy": 0.5767441860465117,
        "f1": 0.49162011173184356,
        "auroc": 0.44586666666666663
      },
      "precision_at_5": 0.812093023255814,
      "cluster_ari": 0.0017102725519449803,
      "cluster_nmi": 0.004593526567659772
    },
    "hard_both": {
      "n": 69,
      "probe_subj": {
        "accuracy": 0.30434782608695654,
        "f1": 0.0,
        "auroc": 0.17117988394584138
      },
      "probe_sent": {
        "accuracy": 0.30434782608695654,
        "f1": 0.07692307692307693,
        "auroc": 0.16150870406189555
      },
      "precision_at_5": 0.7072463768115942,
      "cluster_ari": -0.012753465883862055,
      "cluster_nmi": 7.454881740072446e-05
    },
    "ambiguous_test": {
      "n": 5000,
      "probe_subj": {
        "accuracy": 0.622,
        "f1": 0.466403162055336,
        "auroc": 0.604536764214217
      },
      "probe_sent": {
        "accuracy": 0.5892,
        "f1": 0.4418478260869565,
        "auroc": 0.5918325852038993
      },
      "precision_at_5": 0.68816,
      "cluster_ari": 0.001323160817676482,
      "cluster_nmi": 0.00019760627004229359
    },
    "continuation": {
      "n": 794,
      "probe_subj": {
        "accuracy": 0.7619647355163728,
        "f1": 0.7692307692307693,
        "auroc": 0.794973544973545
      },
      "probe_sent": {
        "accuracy": 0.7682619647355163,
        "f1": 0.773955773955774,
        "auroc": 0.7944838726088725
      },
      "precision_at_5": 0.7322418136020151,
      "cluster_ari": 0.0007891166364132335,
      "cluster_nmi": 0.001217319319484316
    },
    "interpolation": {
      "n": 398,
      "probe_subj": {
        "accuracy": 0.7814070351758794,
        "f1": 0.7202572347266881,
        "auroc": 0.8065725806451615
      },
      "probe_sent": {
        "accuracy": 0.7537688442211056,
        "f1": 0.6754966887417219,
        "auroc": 0.7888575268817204
      },
      "precision_at_5": 0.6904522613065327,
      "cluster_ari": -0.0023834288680863285,
      "cluster_nmi": 9.880859645331722e-05
    },
    "contrastive": {
      "sign_flip_rate": 0.4482758620689655,
      "n_pairs": 29,
      "n_correct": 13
    }
  },
  "B3_learned": {
    "test": {
      "n": 763,
      "probe_subj": {
        "accuracy": 0.8846657929226737,
        "f1": 0.8267716535433071,
        "auroc": 0.951263974826402
      },
      "probe_sent": {
        "accuracy": 0.8885976408912188,
        "f1": 0.8336594911937377,
        "auroc": 0.9568085202947006
      },
      "precision_at_5": 0.8167758846657929,
      "cluster_ari": 0.00017160091745022297,
      "cluster_nmi": 0.0004581882446683256
    },
    "hard_verb": {
      "n": 215,
      "probe_subj": {
        "accuracy": 0.5209302325581395,
        "f1": 0.4046242774566474,
        "auroc": 0.3665777777777777
      },
      "probe_sent": {
        "accuracy": 0.5162790697674419,
        "f1": 0.44680851063829785,
        "auroc": 0.3204444444444445
      },
      "precision_at_5": 0.9265116279069767,
      "cluster_ari": 0.004215483474204301,
      "cluster_nmi": 0.003486681760440437
    },
    "hard_both": {
      "n": 69,
      "probe_subj": {
        "accuracy": 0.2463768115942029,
        "f1": 0.07142857142857142,
        "auroc": 0.07156673114119923
      },
      "probe_sent": {
        "accuracy": 0.11594202898550725,
        "f1": 0.031746031746031744,
        "auroc": 0.04061895551257253
      },
      "precision_at_5": 0.7333333333333333,
      "cluster_ari": 0.0037355888421431826,
      "cluster_nmi": 0.003431544185137206
    },
    "ambiguous_test": {
      "n": 5000,
      "probe_subj": {
        "accuracy": 0.6048,
        "f1": 0.4624591947769314,
        "auroc": 0.5774384828283944
      },
      "probe_sent": {
        "accuracy": 0.5736,
        "f1": 0.4430512016718913,
        "auroc": 0.5691634820289038
      },
      "precision_at_5": 0.68316,
      "cluster_ari": -0.00044640843711383707,
      "cluster_nmi": 0.0002441871383644643
    },
    "continuation": {
      "n": 794,
      "probe_subj": {
        "accuracy": 0.77455919395466,
        "f1": 0.7906432748538011,
        "auroc": 0.7790337555962555
      },
      "probe_sent": {
        "accuracy": 0.7707808564231738,