{
  "run_id": "20260528_025",
  "k": 10,
  "drift_score": {
    "Static": {
      "0": 0.6192307692307693,
      "1": 0.5793103448275863,
      "2": 0.5757575757575758,
      "3": 0.6347826086956521,
      "4": 0.5,
      "5": 0.48620689655172405,
      "6": 0.5481481481481482,
      "7": 0.5260869565217392,
      "8": 0.42758620689655175,
      "9": 0.38999999999999996
    },
    "Additive": {
      "0": 0.7999999999999999,
      "1": 0.7724137931034484,
      "2": 0.7151515151515152,
      "3": 0.782608695652174,
      "4": 0.6000000000000001,
      "5": 0.4620689655172413,
      "6": 0.4962962962962963,
      "7": 0.3217391304347826,
      "8": 0.31724137931034485,
      "9": 0.25666666666666665
    },
    "Joint": {
      "0": 0.7692307692307693,
      "1": 0.8241379310344827,
      "2": 0.7454545454545454,
      "3": 0.773913043478261,
      "4": 0.6333333333333334,
      "5": 0.47241379310344833,
      "6": 0.47407407407407404,
      "7": 0.3565217391304348,
      "8": 0.31724137931034485,
      "9": 0.23000000000000004
    },
    "Timeformer": {
      "0": 0.8076923076923077,
      "1": 0.7517241379310345,
      "2": 0.6333333333333333,
      "3": 0.7130434782608697,
      "4": 0.5296296296296297,
      "5": 0.47241379310344833,
      "6": 0.4481481481481482,
      "7": 0.31739130434782614,
      "8": 0.26206896551724135,
      "9": 0.1933333333333333
    }
  },
  "drift_score_by_class": {
    "Static": {
      "stable": {
        "0": 0.7652173913043478,
        "1": 0.7833333333333332,
        "2": 0.7461538461538463,
        "3": 0.7304347826086959,
        "4": 0.7291666666666666,
        "5": 0.796551724137931,
        "6": 0.7857142857142857,
        "7": 0.8391304347826087,
        "8": 0.7708333333333334,
        "9": 0.7545454545454546
      },
      "drift": {
        "0": 0.6192307692307693,
        "1": 0.5793103448275863,
        "2": 0.5757575757575758,
        "3": 0.6347826086956521,
        "4": 0.5,
        "5": 0.48620689655172405,
        "6": 0.5481481481481482,
        "7": 0.5260869565217392,
        "8": 0.42758620689655175,
        "9": 0.38999999999999996
      },
      "bifurc": {
        "0": 0.8423076923076922,
        "1": 0.767857142857143,
        "2": 0.7782608695652175,
        "3": 0.8043478260869565,
        "4": 0.7461538461538461,
        "5": 0.6541666666666667,
        "6": 0.5238095238095237,
        "7": 0.6666666666666666,
        "8": 0.6789473684210526,
        "9": 0.6625
      }
    },
    "Additive": {
      "stable": {
        "0": 0.8478260869565217,
        "1": 0.85,
        "2": 0.8576923076923078,
        "3": 0.8347826086956521,
        "4": 0.7458333333333335,
        "5": 0.796551724137931,
        "6": 0.7321428571428571,
        "7": 0.7434782608695653,
        "8": 0.6208333333333332,
        "9": 0.6681818181818182
      },
      "drift": {
        "0": 0.7999999999999999,
        "1": 0.7724137931034484,
        "2": 0.7151515151515152,
        "3": 0.782608695652174,
        "4": 0.6000000000000001,
        "5": 0.4620689655172413,
        "6": 0.4962962962962963,
        "7": 0.3217391304347826,
        "8": 0.31724137931034485,
        "9": 0.25666666666666665
      },
      "bifurc": {
        "0": 0.8846153846153846,
        "1": 0.8642857142857142,
        "2": 0.8826086956521739,
        "3": 0.8130434782608696,
        "4": 0.7961538461538461,
        "5": 0.5958333333333333,
        "6": 0.480952380952381,
        "7": 0.5476190476190477,
        "8": 0.5526315789473685,
        "9": 0.5291666666666667
      }
    },
    "Joint": {
      "stable": {
        "0": 0.8652173913043477,
        "1": 0.8533333333333332,
        "2": 0.8653846153846152,
        "3": 0.7913043478260869,
        "4": 0.7291666666666666,
        "5": 0.7655172413793103,
        "6": 0.7107142857142857,
        "7": 0.7391304347826086,
        "8": 0.6625,
        "9": 0.6772727272727274
      },
      "drift": {
        "0": 0.7692307692307693,
        "1": 0.8241379310344827,
        "2": 0.7454545454545454,
        "3": 0.773913043478261,
        "4": 0.6333333333333334,
        "5": 0.47241379310344833,
        "6": 0.47407407407407404,
        "7": 0.3565217391304348,
        "8": 0.31724137931034485,
        "9": 0.23000000000000004
      },
      "bifurc": {
        "0": 0.8615384615384615,
        "1": 0.8607142857142858,
        "2": 0.7913043478260869,
        "3": 0.7608695652173915,
        "4": 0.7192307692307692,
        "5": 0.55,
        "6": 0.4904761904761905,
        "7": 0.4904761904761904,
        "8": 0.6052631578947368,
        "9": 0.5333333333333333
      }
    },
    "Timeformer": {
      "stable": {
        "0": 0.8130434782608695,
        "1": 0.8533333333333333,
        "2": 0.9076923076923076,
        "3": 0.7999999999999999,
        "4": 0.7291666666666666,
        "5": 0.786206896551724,
        "6": 0.7142857142857142,
        "7": 0.717391304347826,
        "8": 0.6375000000000001,
        "9": 0.65
      },
      "drift": {
        "0": 0.8076923076923077,
        "1": 0.7517241379310345,
        "2": 0.6333333333333333,
        "3": 0.7130434782608697,
        "4": 0.5296296296296297,
        "5": 0.47241379310344833,
        "6": 0.4481481481481482,
        "7": 0.31739130434782614,
        "8": 0.26206896551724135,
        "9": 0.1933333333333333
      },
      "bifurc": {
        "0": 0.8692307692307691,
        "1": 0.8428571428571427,
        "2": 0.8347826086956521,
        "3": 0.8173913043478261,
        "4": 0.7884615384615384,
        "5": 0.6166666666666667,
        "6": 0.5,
        "7": 0.5047619047619049,
        "8": 0.5210526315789473,
        "9": 0.4708333333333334
      }
    }
  },
  "trajectory_dist": {
    "Static": {
      "stable": {
        "0": 1.9503729853376228e-08,
        "1": 0.0943067175719675,
        "2": 0.05570478380508431,
        "3": 0.05119708810318796,
        "4": 0.10459933884961847,
        "5": 0.05075783115245478,
        "6": 0.048421279878701026,
        "7": 0.058481462273139107,
        "8": 0.03979026321381269,
        "9": 0.10849612178320252
      },
      "drift": {
        "0": 1.0366953728802031e-08,
        "1": 0.017609537174154345,
        "2": 0.01498162755054384,
        "3": 0.0425571879249387,
        "4": 0.059520948757832495,
        "5": 0.02005169748381489,
        "6": 0.04514618871211353,
        "7": 0.02773083263238326,
        "8": 0.011120755997332355,
        "9": 0.023431248163284513
      },
      "bifurc": {
        "0": -6.9550732506584724e-09,
        "1": 0.02910637898096201,
        "2": 0.05515830915857761,
        "3": 0.05170582309426061,
        "4": 0.05399512062096904,
        "5": 0.06428494014824464,
        "6": 0.061794789255128255,
        "7": 0.08503846907833165,
        "8": 0.1179497314953277,
        "9": 0.05650239796978914
      }
    },
    "Additive": {
      "stable": {
        "0": -2.2504343943907656e-09,
        "1": 0.4496730777827932,
        "2": 0.22409833715500288,
        "3": 0.41894687060092933,
        "4": 0.610615834477433,
        "5": 0.46232374915471014,
        "6": 0.4833434788633221,
        "7": 0.4211020409377706,
        "8": 0.6025524805559884,
        "9": 0.6059859719553438
      },
      "drift": {
        "0": -1.0166001784828183e-08,
        "1": 0.26836478615151765,
        "2": 0.3530652953231552,
        "3": 0.404606896881096,
        "4": 0.47938228175907155,
        "5": 0.4093548756050491,
        "6": 0.4302375213731942,
        "7": 0.6320883603363406,
        "8": 0.4970816184874732,
        "9": 0.6282354211390874
      },
      "bifurc": {
        "0": 4.3923696235737e-09,
        "1": 0.14918901011588356,
        "2": 0.22828819015466112,
        "3": 0.31080222053581913,
        "4": 0.3239217161917264,
        "5": 0.499835773554937,
        "6": 0.5098855845107342,
        "7": 0.5494461367981968,
        "8": 0.5613701764944365,
        "9": 0.6020868587663373
      }
    },