{
  "Static": {
    "test": {
      "n": 763,
      "probe_subj": {
        "accuracy": 0.8899082568807339,
        "f1": 0.8384615384615385,
        "auroc": 0.9471188030438269
      },
      "probe_sent": {
        "accuracy": 0.8859764089121888,
        "f1": 0.8310679611650486,
        "auroc": 0.9529167486119726
      },
      "precision_at_5": 0.7981651376146789,
      "cluster_ari": -0.03240245579517671,
      "cluster_nmi": 0.019371572605227146
    },
    "hard_verb": {
      "n": 215,
      "probe_subj": {
        "accuracy": 0.5069767441860465,
        "f1": 0.42391304347826086,
        "auroc": 0.3672
      },
      "probe_sent": {
        "accuracy": 0.5162790697674419,
        "f1": 0.4157303370786517,
        "auroc": 0.34542222222222224
      },
      "precision_at_5": 0.7274418604651163,
      "cluster_ari": -0.011425585268275876,
      "cluster_nmi": 0.005190782037460819
    },
    "hard_both": {
      "n": 69,
      "probe_subj": {
        "accuracy": 0.2028985507246377,
        "f1": 0.0,
        "auroc": 0.03481624758220503
      },
      "probe_sent": {
        "accuracy": 0.2318840579710145,
        "f1": 0.0,
        "auroc": 0.04061895551257254
      },
      "precision_at_5": 0.6782608695652174,
      "cluster_ari": -0.03977386371212626,
      "cluster_nmi": 0.01197632783030562
    },
    "ambiguous_test": {
      "n": 5000,
      "probe_subj": {
        "accuracy": 0.5616,
        "f1": 0.4043478260869565,
        "auroc": 0.5473620079135039
      },
      "probe_sent": {
        "accuracy": 0.558,
        "f1": 0.3901766004415011,
        "auroc": 0.5458220798967348
      },
      "precision_at_5": 0.63308,
      "cluster_ari": -0.012722305528899188,
      "cluster_nmi": 0.0014980195171311044
    },
    "continuation": {
      "n": 794,
      "probe_subj": {
        "accuracy": 0.7329974811083123,
        "f1": 0.7203166226912929,
        "auroc": 0.7875807641432643
      },
      "probe_sent": {
        "accuracy": 0.743073047858942,
        "f1": 0.7322834645669292,
        "auroc": 0.7808652574277574
      },
      "precision_at_5": 0.7438287153652393,
      "cluster_ari": 0.007993019145324869,
      "cluster_nmi": 0.006600132596735139
    },
    "interpolation": {
      "n": 398,
      "probe_subj": {
        "accuracy": 0.7713567839195979,
        "f1": 0.7035830618892508,
        "auroc": 0.7867876344086021
      },
      "probe_sent": {
        "accuracy": 0.7663316582914573,
        "f1": 0.6950819672131148,
        "auroc": 0.7882930107526881
      },
      "precision_at_5": 0.6879396984924623,
      "cluster_ari": -0.023373325194092746,
      "cluster_nmi": 0.01451054671932965
    },
    "contrastive": {
      "sign_flip_rate": 0.0,
      "n_pairs": 29,
      "n_correct": 0
    }
  },
  "Additive": {
    "test": {
      "n": 763,
      "probe_subj": {
        "accuracy": 0.8964613368283093,
        "f1": 0.8495238095238096,
        "auroc": 0.9568236486588705
      },
      "probe_sent": {
        "accuracy": 0.891218872870249,
        "f1": 0.8406909788867563,
        "auroc": 0.9566421082888307
      },
      "precision_at_5": 0.7792922673656618,
      "cluster_ari": -0.00028387159966253484,
      "cluster_nmi": 0.0007666722947141931
    },
    "hard_verb": {
      "n": 215,
      "probe_subj": {
        "accuracy": 0.5116279069767442,
        "f1": 0.4134078212290503,
        "auroc": 0.36613333333333337
      },
      "probe_sent": {
        "accuracy": 0.5023255813953489,
        "f1": 0.4088397790055249,
        "auroc": 0.35973333333333335
      },
      "precision_at_5": 0.8855813953488372,
      "cluster_ari": -0.0032120394359965703,
      "cluster_nmi": 0.0003037115306766008
    },
    "hard_both": {
      "n": 69,
      "probe_subj": {
        "accuracy": 0.18840579710144928,
        "f1": 0.06666666666666667,
        "auroc": 0.07446808510638299
      },
      "probe_sent": {
        "accuracy": 0.18840579710144928,
        "f1": 0.06666666666666667,
        "auroc": 0.07833655705996131
      },
      "precision_at_5": 0.7768115942028986,
      "cluster_ari": -0.005583201491570618,
      "cluster_nmi": 0.0017199442154628502
    },
    "ambiguous_test": {
      "n": 5000,
      "probe_subj": {
        "accuracy": 0.5838,
        "f1": 0.4455102584598987,
        "auroc": 0.5707533782114086
      },
      "probe_sent": {
        "accuracy": 0.5786,
        "f1": 0.4388814913448735,
        "auroc": 0.5715525963095511
      },
      "precision_at_5": 0.67704,
      "cluster_ari": -8.362876813902062e-06,
      "cluster_nmi": 7.657921701238712e-05
    },
    "continuation": {
      "n": 794,
      "probe_subj": {
        "accuracy": 0.7670025188916877,
        "f1": 0.783625730994152,
        "auroc": 0.7890275234025232
      },
      "probe_sent": {
        "accuracy": 0.7732997481108312,
        "f1": 0.7887323943661971,
        "auroc": 0.794089590964591
      },
      "precision_at_5": 0.7065491183879093,
      "cluster_ari": -0.0011009169644886833,
      "cluster_nmi": 0.00011699017059560003
    },
    "interpolation": {
      "n": 398,
      "probe_subj": {
        "accuracy": 0.7512562814070352,
        "f1": 0.6775244299674267,
        "auroc": 0.765524193548387
      },
      "probe_sent": {
        "accuracy": 0.7462311557788944,
        "f1": 0.6688524590163935,
        "auroc": 0.768024193548387
      },
      "precision_at_5": 0.6874371859296482,
      "cluster_ari": -0.0017501178010436178,
      "cluster_nmi": 0.00013006289651555484
    },
    "contrastive": {
      "sign_flip_rate": 0.4827586206896552,
      "n_pairs": 29,
      "n_correct": 14
    }
  },
  "Joint": {
    "test": {
      "n": 763,
      "probe_subj": {
        "accuracy": 0.8859764089121888,
        "f1": 0.8361581920903954,
        "auroc": 0.9464834117486876
      },
      "probe_sent": {
        "accuracy": 0.8885976408912188,
        "f1": 0.8374760994263862,
        "auroc": 0.9440628734814904
      },
      "precision_at_5": 0.783748361730013,
      "cluster_ari": -0.0010677704407518666,
      "cluster_nmi": 2.302761775949763e-05
    },
    "hard_verb": {
      "n": 215,
      "probe_subj": {
        "accuracy": 0.5302325581395348,
        "f1": 0.45989304812834225,
        "auroc": 0.4188444444444444
      },
      "probe_sent": {
        "accuracy": 0.5209302325581395,
        "f1": 0.44324324324324327,
        "auroc": 0.4064
      },
      "precision_at_5": 0.8604651162790697,
      "cluster_ari": -0.0009220858632493546,
      "cluster_nmi": 0.0007844140373750653
    },
    "hard_both": {
      "n": 69,
      "probe_subj": {
        "accuracy": 0.2463768115942029,
        "f1": 0.037037037037037035,
        "auroc": 0.058994197292069644
      },
      "probe_sent": {
        "accuracy": 0.15942028985507245,
        "f1": 0.03333333333333333,
        "auroc": 0.027079303675048357
      },
      "precision_at_5": 0.7971014492753623,
      "cluster_ari": -0.005583201491570618,
      "cluster_nmi": 0.0017199442154628502
    },
    "ambiguous_test": {
      "n": 5000,
      "probe_subj": {
        "accuracy": 0.5756,
        "f1": 0.44653103808033384,
        "auroc": 0.5848705660975262
      },
      "probe_sent": {
        "accuracy": 0.5754,
        "f1": 0.4391017173051519,
        "auroc": 0.5777422892760684
      },
      "precision_at_5": 0.68532,
      "cluster_ari": 0.000274868238716472,
      "cluster_nmi": 0.0011401063336776605
    },
    "continuation": {
      "n": 794,
      "probe_subj": {
        "accuracy": 0.7783375314861462,
        "f1": 0.794392523364486,
        "auroc": 0.7971866096866097
      },
      "probe_sent": {
        "accuracy": 0.7594458438287154,
        "f1": 0.7734282325029656,
        "auroc": 0.8008782305657306
      },
      "precision_at_5": 0.7221662468513854,
      "cluster_ari": 0.001279270493332504,
      "cluster_nmi": 0.001686798855168121
    },
    "interpolation": {
      "n": 398,
      "probe_subj": {
        "accuracy": 0.7562814070351759,