{
  "run_id": "20260528_004",
  "k": 10,
  "drift_score": {
    "Static": {
      "0": 0.5769230769230769,
      "1": 0.5413793103448277,
      "2": 0.5757575757575758,
      "3": 0.6565217391304349,
      "4": 0.5259259259259259,
      "5": 0.4793103448275862,
      "6": 0.4777777777777778,
      "7": 0.39565217391304336,
      "8": 0.4137931034482759,
      "9": 0.3866666666666666
    },
    "Additive": {
      "0": 0.7923076923076923,
      "1": 0.7517241379310344,
      "2": 0.7030303030303031,
      "3": 0.717391304347826,
      "4": 0.5851851851851853,
      "5": 0.5068965517241381,
      "6": 0.5,
      "7": 0.391304347826087,
      "8": 0.3137931034482758,
      "9": 0.2366666666666667
    },
    "Joint": {
      "0": 0.8538461538461538,
      "1": 0.8379310344827585,
      "2": 0.7666666666666667,
      "3": 0.717391304347826,
      "4": 0.5407407407407407,
      "5": 0.4793103448275862,
      "6": 0.462962962962963,
      "7": 0.41304347826086957,
      "8": 0.3344827586206897,
      "9": 0.2533333333333333
    },
    "Timeformer": {
      "0": 0.8461538461538461,
      "1": 0.7655172413793104,
      "2": 0.6666666666666666,
      "3": 0.7086956521739131,
      "4": 0.5814814814814815,
      "5": 0.5172413793103449,
      "6": 0.5111111111111112,
      "7": 0.42173913043478267,
      "8": 0.3620689655172414,
      "9": 0.3066666666666667
    }
  },
  "drift_score_by_class": {
    "Static": {
      "stable": {
        "0": 0.7695652173913043,
        "1": 0.7099999999999999,
        "2": 0.7615384615384616,
        "3": 0.7478260869565219,
        "4": 0.7458333333333332,
        "5": 0.7999999999999999,
        "6": 0.7750000000000001,
        "7": 0.8347826086956524,
        "8": 0.725,
        "9": 0.8
      },
      "drift": {
        "0": 0.5769230769230769,
        "1": 0.5413793103448277,
        "2": 0.5757575757575758,
        "3": 0.6565217391304349,
        "4": 0.5259259259259259,
        "5": 0.4793103448275862,
        "6": 0.4777777777777778,
        "7": 0.39565217391304336,
        "8": 0.4137931034482759,
        "9": 0.3866666666666666
      },
      "bifurc": {
        "0": 0.7923076923076923,
        "1": 0.7464285714285713,
        "2": 0.7869565217391304,
        "3": 0.691304347826087,
        "4": 0.7807692307692308,
        "5": 0.6708333333333333,
        "6": 0.6619047619047619,
        "7": 0.5571428571428572,
        "8": 0.6684210526315789,
        "9": 0.6916666666666668
      }
    },
    "Additive": {
      "stable": {
        "0": 0.8347826086956521,
        "1": 0.7999999999999999,
        "2": 0.8346153846153845,
        "3": 0.7782608695652173,
        "4": 0.7541666666666668,
        "5": 0.7862068965517242,
        "6": 0.725,
        "7": 0.782608695652174,
        "8": 0.6125,
        "9": 0.5727272727272726
      },
      "drift": {
        "0": 0.7923076923076923,
        "1": 0.7517241379310344,
        "2": 0.7030303030303031,
        "3": 0.717391304347826,
        "4": 0.5851851851851853,
        "5": 0.5068965517241381,
        "6": 0.5,
        "7": 0.391304347826087,
        "8": 0.3137931034482758,
        "9": 0.2366666666666667
      },
      "bifurc": {
        "0": 0.8576923076923075,
        "1": 0.8035714285714285,
        "2": 0.7869565217391304,
        "3": 0.7608695652173915,
        "4": 0.7461538461538461,
        "5": 0.5791666666666666,
        "6": 0.5142857142857143,
        "7": 0.4571428571428572,
        "8": 0.5842105263157895,
        "9": 0.5083333333333333
      }
    },
    "Joint": {
      "stable": {
        "0": 0.8608695652173913,
        "1": 0.8266666666666665,
        "2": 0.8730769230769229,
        "3": 0.8347826086956521,
        "4": 0.7625000000000001,
        "5": 0.8206896551724138,
        "6": 0.7392857142857142,
        "7": 0.773913043478261,
        "8": 0.6583333333333333,
        "9": 0.6545454545454545
      },
      "drift": {
        "0": 0.8538461538461538,
        "1": 0.8379310344827585,
        "2": 0.7666666666666667,
        "3": 0.717391304347826,
        "4": 0.5407407407407407,
        "5": 0.4793103448275862,
        "6": 0.462962962962963,
        "7": 0.41304347826086957,
        "8": 0.3344827586206897,
        "9": 0.2533333333333333
      },
      "bifurc": {
        "0": 0.8730769230769231,
        "1": 0.8392857142857143,
        "2": 0.826086956521739,
        "3": 0.773913043478261,
        "4": 0.7576923076923078,
        "5": 0.5875,
        "6": 0.5333333333333333,
        "7": 0.4761904761904763,
        "8": 0.4999999999999999,
        "9": 0.5291666666666667
      }
    },
    "Timeformer": {
      "stable": {
        "0": 0.8304347826086955,
        "1": 0.8166666666666664,
        "2": 0.8346153846153845,
        "3": 0.782608695652174,
        "4": 0.7291666666666666,
        "5": 0.7793103448275862,
        "6": 0.7428571428571429,
        "7": 0.7304347826086959,
        "8": 0.6041666666666666,
        "9": 0.6909090909090909
      },
      "drift": {
        "0": 0.8461538461538461,
        "1": 0.7655172413793104,
        "2": 0.6666666666666666,
        "3": 0.7086956521739131,
        "4": 0.5814814814814815,
        "5": 0.5172413793103449,
        "6": 0.5111111111111112,
        "7": 0.42173913043478267,
        "8": 0.3620689655172414,
        "9": 0.3066666666666667
      },
      "bifurc": {
        "0": 0.8807692307692307,
        "1": 0.7928571428571428,
        "2": 0.8260869565217392,
        "3": 0.7217391304347827,
        "4": 0.7346153846153847,
        "5": 0.5458333333333333,
        "6": 0.4857142857142859,
        "7": 0.43809523809523804,
        "8": 0.531578947368421,
        "9": 0.5208333333333334
      }
    }
  },
  "trajectory_dist": {
    "Static": {
      "stable": {
        "0": -8.483400504299965e-09,
        "1": 0.10656308569415,
        "2": 0.05958379784052607,
        "3": 0.0674575198882634,
        "4": 0.10713745680818172,
        "5": 0.046628736551495756,
        "6": 0.05736341012752648,
        "7": 0.0805896110207854,
        "8": 0.027551947793794933,
        "9": 0.06952414265116647
      },
      "drift": {
        "0": -1.9081458080272284e-08,
        "1": 0.03871776028394246,
        "2": 0.0495575229850143,
        "3": 0.04011090866251945,
        "4": 0.029256168986326582,
        "5": 0.08992280427218033,
        "6": 0.07723924159838674,
        "7": 0.05904463533853532,
        "8": 0.02723524476889332,
        "9": 0.041153971768565535
      },
      "bifurc": {
        "0": -1.1956838064097753e-08,
        "1": 0.039702422646253586,
        "2": 0.061656729071977924,
        "3": 0.09391726099108116,
        "4": 0.11741650648885896,
        "5": 0.12520608823324983,
        "6": 0.09094623112638398,
        "7": 0.060703222120728234,
        "8": 0.10155478719175942,
        "9": 0.09482673388731114
      }
    },
    "Additive": {
      "stable": {
        "0": 2.9501979970092406e-09,
        "1": 0.4649959539253441,
        "2": 0.22413389087978014,
        "3": 0.4413854996380639,
        "4": 0.5937026791037521,
        "5": 0.42579974057358294,
        "6": 0.4638320048060586,
        "7": 0.3697541596160508,
        "8": 0.5048393994119524,
        "9": 0.5515362216943218
      },
      "drift": {
        "0": -1.818343411397194e-08,
        "1": 0.2678925080653321,
        "2": 0.29628542277154474,
        "3": 0.3761184357596357,
        "4": 0.4477838551754748,
        "5": 0.35320719014442375,
        "6": 0.40504919626753333,
        "7": 0.5138530770968918,
        "8": 0.4088750663938555,
        "9": 0.5383769315772954
      },
      "bifurc": {
        "0": -1.4228747524658302e-08,
        "1": 0.15249066935441902,
        "2": 0.20817928855318152,
        "3": 0.25299541560708305,
        "4": 0.2978854522334943,
        "5": 0.46330764010001324,
        "6": 0.449426007570003,
        "7": 0.46936752080636246,
        "8": 0.5416670433265388,
        "9": 0.54553219555037
      }
    },