{
  "Static": {
    "test": {
      "n": 763,
      "probe_subj": {
        "accuracy": 0.8663171690694627,
        "f1": 0.80078125,
        "auroc": 0.9354132312673031
      },
      "probe_sent": {
        "accuracy": 0.8820445609436435,
        "f1": 0.8228346456692913,
        "auroc": 0.953257136805797
      },
      "precision_at_5": 0.8018348623853211,
      "cluster_ari": -0.0017599245103150606,
      "cluster_nmi": 1.2290645702556184e-05
    },
    "hard_verb": {
      "n": 215,
      "probe_subj": {
        "accuracy": 0.4790697674418605,
        "f1": 0.3707865168539326,
        "auroc": 0.39973333333333333
      },
      "probe_sent": {
        "accuracy": 0.4883720930232558,
        "f1": 0.3888888888888889,
        "auroc": 0.35617777777777776
      },
      "precision_at_5": 0.6976744186046512,
      "cluster_ari": -0.005804151784870002,
      "cluster_nmi": 0.009543604782731944
    },
    "hard_both": {
      "n": 69,
      "probe_subj": {
        "accuracy": 0.2608695652173913,
        "f1": 0.03773584905660377,
        "auroc": 0.06479690522243713
      },
      "probe_sent": {
        "accuracy": 0.18840579710144928,
        "f1": 0.034482758620689655,
        "auroc": 0.022243713733075442
      },
      "precision_at_5": 0.7507246376811594,
      "cluster_ari": -0.020312172806494742,
      "cluster_nmi": 0.0031149011313995763
    },
    "ambiguous_test": {
      "n": 5000,
      "probe_subj": {
        "accuracy": 0.5716,
        "f1": 0.405,
        "auroc": 0.5494359593451736
      },
      "probe_sent": {
        "accuracy": 0.5534,
        "f1": 0.39304158738787714,
        "auroc": 0.5404097098866467
      },
      "precision_at_5": 0.63284,
      "cluster_ari": -0.0073346011583906605,
      "cluster_nmi": 0.0023034992432438375
    },
    "continuation": {
      "n": 794,
      "probe_subj": {
        "accuracy": 0.7443324937027708,
        "f1": 0.7282463186077643,
        "auroc": 0.7807539682539681
      },
      "probe_sent": {
        "accuracy": 0.7267002518891688,
        "f1": 0.7140974967061924,
        "auroc": 0.7742228835978837
      },
      "precision_at_5": 0.7272040302267002,
      "cluster_ari": 0.015851112397102025,
      "cluster_nmi": 0.011195787936345349
    },
    "interpolation": {
      "n": 398,
      "probe_subj": {
        "accuracy": 0.7763819095477387,
        "f1": 0.7081967213114754,
        "auroc": 0.8056317204301076
      },
      "probe_sent": {
        "accuracy": 0.7512562814070352,
        "f1": 0.6644067796610169,
        "auroc": 0.7970026881720429
      },
      "precision_at_5": 0.7015075376884422,
      "cluster_ari": -0.007315155583203193,
      "cluster_nmi": 0.0030104903970695433
    },
    "contrastive": {
      "sign_flip_rate": 0.0,
      "n_pairs": 29,
      "n_correct": 0
    }
  },
  "Additive": {
    "test": {
      "n": 763,
      "probe_subj": {
        "accuracy": 0.8977719528178244,
        "f1": 0.8494208494208494,
        "auroc": 0.9631170481535832
      },
      "probe_sent": {
        "accuracy": 0.8885976408912188,
        "f1": 0.834307992202729,
        "auroc": 0.9616344684649248
      },
      "precision_at_5": 0.799475753604194,
      "cluster_ari": -0.00028387159966253484,
      "cluster_nmi": 0.0007666722947141931
    },
    "hard_verb": {
      "n": 215,
      "probe_subj": {
        "accuracy": 0.5023255813953489,
        "f1": 0.41530054644808745,
        "auroc": 0.36897777777777774
      },
      "probe_sent": {
        "accuracy": 0.5069767441860465,
        "f1": 0.4044943820224719,
        "auroc": 0.37288888888888894
      },
      "precision_at_5": 0.9032558139534884,
      "cluster_ari": -0.0032120394359965703,
      "cluster_nmi": 0.0003037115306766008
    },
    "hard_both": {
      "n": 69,
      "probe_subj": {
        "accuracy": 0.17391304347826086,
        "f1": 0.03389830508474576,
        "auroc": 0.05222437137330754
      },
      "probe_sent": {
        "accuracy": 0.2028985507246377,
        "f1": 0.06779661016949153,
        "auroc": 0.058027079303675046
      },
      "precision_at_5": 0.7942028985507247,
      "cluster_ari": -0.005583201491570618,
      "cluster_nmi": 0.0017199442154628502
    },
    "ambiguous_test": {
      "n": 5000,
      "probe_subj": {
        "accuracy": 0.5798,
        "f1": 0.4457926668425218,
        "auroc": 0.5799281693989865
      },
      "probe_sent": {
        "accuracy": 0.5782,
        "f1": 0.4359454399572078,
        "auroc": 0.5785826629725354
      },
      "precision_at_5": 0.6902,
      "cluster_ari": -8.362876813902062e-06,
      "cluster_nmi": 7.657921701238712e-05
    },
    "continuation": {
      "n": 794,
      "probe_subj": {
        "accuracy": 0.7632241813602015,
        "f1": 0.7813953488372093,
        "auroc": 0.7911579161579162
      },
      "probe_sent": {
        "accuracy": 0.7632241813602015,
        "f1": 0.7793427230046949,
        "auroc": 0.7919019637769639
      },
      "precision_at_5": 0.716624685138539,
      "cluster_ari": -0.0011009169644886833,
      "cluster_nmi": 0.00011699017059560003
    },
    "interpolation": {
      "n": 398,
      "probe_subj": {
        "accuracy": 0.7763819095477387,
        "f1": 0.7210031347962382,
        "auroc": 0.8010618279569895
      },
      "probe_sent": {
        "accuracy": 0.7788944723618091,
        "f1": 0.7232704402515723,
        "auroc": 0.8003091397849462
      },
      "precision_at_5": 0.7160804020100503,
      "cluster_ari": -0.0017501178010436178,
      "cluster_nmi": 0.00013006289651555484
    },
    "contrastive": {
      "sign_flip_rate": 0.6896551724137931,
      "n_pairs": 29,
      "n_correct": 20
    }
  },
  "Joint": {
    "test": {
      "n": 763,
      "probe_subj": {
        "accuracy": 0.8558322411533421,
        "f1": 0.7773279352226721,
        "auroc": 0.9224746978109257
      },
      "probe_sent": {
        "accuracy": 0.8846657929226737,
        "f1": 0.8287937743190662,
        "auroc": 0.9529961725238649
      },
      "precision_at_5": 0.7701179554390564,
      "cluster_ari": -0.016805315360602105,
      "cluster_nmi": 0.00822736316306469
    },
    "hard_verb": {
      "n": 215,
      "probe_subj": {
        "accuracy": 0.5069767441860465,
        "f1": 0.3291139240506329,
        "auroc": 0.4334222222222222
      },
      "probe_sent": {
        "accuracy": 0.5116279069767442,
        "f1": 0.4134078212290503,
        "auroc": 0.37973333333333326
      },
      "precision_at_5": 0.8548837209302326,
      "cluster_ari": 0.012749947788391346,
      "cluster_nmi": 0.005810184847417827
    },
    "hard_both": {
      "n": 69,
      "probe_subj": {
        "accuracy": 0.36231884057971014,
        "f1": 0.08333333333333333,
        "auroc": 0.16150870406189552
      },
      "probe_sent": {
        "accuracy": 0.21739130434782608,
        "f1": 0.03571428571428571,
        "auroc": 0.02321083172147002
      },
      "precision_at_5": 0.7536231884057971,
      "cluster_ari": -0.03606756962410592,
      "cluster_nmi": 0.013215447419434001
    },
    "ambiguous_test": {
      "n": 5000,
      "probe_subj": {
        "accuracy": 0.646,
        "f1": 0.4639612356147789,
        "auroc": 0.6234489881355587
      },
      "probe_sent": {
        "accuracy": 0.589,
        "f1": 0.4459423025074144,
        "auroc": 0.572381522753504
      },
      "precision_at_5": 0.69168,
      "cluster_ari": -0.011493417079788596,
      "cluster_nmi": 0.0020231939589696107
    },
    "continuation": {
      "n": 794,
      "probe_subj": {
        "accuracy": 0.7556675062972292,
        "f1": 0.7657004830917874,
        "auroc": 0.8003472222222222
      },
      "probe_sent": {
        "accuracy": 0.7619647355163728,
        "f1": 0.7784290738569754,
        "auroc": 0.7784041768416768
      },
      "precision_at_5": 0.7211586901763224,
      "cluster_ari": 0.0001157338521750667,
      "cluster_nmi": 0.00018710418591357412
    },
    "interpolation": {
      "n": 398,