{
  "run_id": "20260528_006",
  "k": 10,
  "drift_score": {
    "Static": {
      "0": 0.5769230769230769,
      "1": 0.5793103448275861,
      "2": 0.5636363636363637,
      "3": 0.6217391304347826,
      "4": 0.5074074074074074,
      "5": 0.4620689655172414,
      "6": 0.48148148148148145,
      "7": 0.44347826086956527,
      "8": 0.410344827586207,
      "9": 0.3866666666666667
    },
    "Additive": {
      "0": 0.8346153846153844,
      "1": 0.7413793103448276,
      "2": 0.6757575757575758,
      "3": 0.7391304347826086,
      "4": 0.5481481481481482,
      "5": 0.5137931034482758,
      "6": 0.42962962962962953,
      "7": 0.3739130434782609,
      "8": 0.3103448275862069,
      "9": 0.32000000000000006
    },
    "Joint": {
      "0": 0.796153846153846,
      "1": 0.7344827586206897,
      "2": 0.7000000000000001,
      "3": 0.7217391304347827,
      "4": 0.5555555555555556,
      "5": 0.489655172413793,
      "6": 0.4444444444444444,
      "7": 0.35217391304347817,
      "8": 0.3,
      "9": 0.22999999999999998
    },
    "Timeformer": {
      "0": 0.8307692307692307,
      "1": 0.786206896551724,
      "2": 0.7333333333333334,
      "3": 0.726086956521739,
      "4": 0.5074074074074074,
      "5": 0.5586206896551724,
      "6": 0.45185185185185184,
      "7": 0.3652173913043478,
      "8": 0.2482758620689655,
      "9": 0.24999999999999997
    }
  },
  "drift_score_by_class": {
    "Static": {
      "stable": {
        "0": 0.7521739130434782,
        "1": 0.7833333333333332,
        "2": 0.8269230769230769,
        "3": 0.782608695652174,
        "4": 0.7583333333333333,
        "5": 0.8413793103448275,
        "6": 0.7535714285714284,
        "7": 0.8391304347826086,
        "8": 0.6833333333333332,
        "9": 0.7772727272727273
      },
      "drift": {
        "0": 0.5769230769230769,
        "1": 0.5793103448275861,
        "2": 0.5636363636363637,
        "3": 0.6217391304347826,
        "4": 0.5074074074074074,
        "5": 0.4620689655172414,
        "6": 0.48148148148148145,
        "7": 0.44347826086956527,
        "8": 0.410344827586207,
        "9": 0.3866666666666667
      },
      "bifurc": {
        "0": 0.7884615384615385,
        "1": 0.7749999999999998,
        "2": 0.7956521739130435,
        "3": 0.7217391304347827,
        "4": 0.8192307692307692,
        "5": 0.5916666666666667,
        "6": 0.5857142857142856,
        "7": 0.5666666666666667,
        "8": 0.7473684210526317,
        "9": 0.6833333333333332
      }
    },
    "Additive": {
      "stable": {
        "0": 0.782608695652174,
        "1": 0.7899999999999998,
        "2": 0.8653846153846154,
        "3": 0.791304347826087,
        "4": 0.725,
        "5": 0.789655172413793,
        "6": 0.6785714285714286,
        "7": 0.7434782608695653,
        "8": 0.6208333333333332,
        "9": 0.6363636363636365
      },
      "drift": {
        "0": 0.8346153846153844,
        "1": 0.7413793103448276,
        "2": 0.6757575757575758,
        "3": 0.7391304347826086,
        "4": 0.5481481481481482,
        "5": 0.5137931034482758,
        "6": 0.42962962962962953,
        "7": 0.3739130434782609,
        "8": 0.3103448275862069,
        "9": 0.32000000000000006
      },
      "bifurc": {
        "0": 0.8499999999999999,
        "1": 0.7821428571428571,
        "2": 0.7956521739130435,
        "3": 0.7739130434782611,
        "4": 0.7884615384615384,
        "5": 0.5375,
        "6": 0.4904761904761905,
        "7": 0.43809523809523804,
        "8": 0.5842105263157894,
        "9": 0.5375
      }
    },
    "Joint": {
      "stable": {
        "0": 0.8086956521739131,
        "1": 0.8333333333333333,
        "2": 0.8192307692307691,
        "3": 0.791304347826087,
        "4": 0.7166666666666667,
        "5": 0.796551724137931,
        "6": 0.6857142857142857,
        "7": 0.7695652173913045,
        "8": 0.6416666666666666,
        "9": 0.6363636363636365
      },
      "drift": {
        "0": 0.796153846153846,
        "1": 0.7344827586206897,
        "2": 0.7000000000000001,
        "3": 0.7217391304347827,
        "4": 0.5555555555555556,
        "5": 0.489655172413793,
        "6": 0.4444444444444444,
        "7": 0.35217391304347817,
        "8": 0.3,
        "9": 0.22999999999999998
      },
      "bifurc": {
        "0": 0.8461538461538461,
        "1": 0.7678571428571429,
        "2": 0.8043478260869563,
        "3": 0.7782608695652175,
        "4": 0.723076923076923,
        "5": 0.5583333333333333,
        "6": 0.480952380952381,
        "7": 0.4523809523809524,
        "8": 0.5684210526315789,
        "9": 0.5041666666666668
      }
    },
    "Timeformer": {
      "stable": {
        "0": 0.7782608695652173,
        "1": 0.7999999999999996,
        "2": 0.8615384615384616,
        "3": 0.782608695652174,
        "4": 0.7416666666666667,
        "5": 0.7793103448275862,
        "6": 0.7857142857142857,
        "7": 0.7652173913043477,
        "8": 0.65,
        "9": 0.6045454545454545
      },
      "drift": {
        "0": 0.8307692307692307,
        "1": 0.786206896551724,
        "2": 0.7333333333333334,
        "3": 0.726086956521739,
        "4": 0.5074074074074074,
        "5": 0.5586206896551724,
        "6": 0.45185185185185184,
        "7": 0.3652173913043478,
        "8": 0.2482758620689655,
        "9": 0.24999999999999997
      },
      "bifurc": {
        "0": 0.8730769230769231,
        "1": 0.7571428571428573,
        "2": 0.8652173913043477,
        "3": 0.7565217391304347,
        "4": 0.7423076923076923,
        "5": 0.5916666666666667,
        "6": 0.5333333333333334,
        "7": 0.48095238095238085,
        "8": 0.6210526315789473,
        "9": 0.5375
      }
    }
  },
  "trajectory_dist": {
    "Static": {
      "stable": {
        "0": 3.85758056942187e-08,
        "1": 0.20908350908115567,
        "2": 0.10419480182875004,
        "3": 0.1693509198450731,
        "4": 0.34848400776263966,
        "5": 0.2033113104219349,
        "6": 0.24242225422290745,
        "7": 0.07433848498434834,
        "8": 0.15549268583093967,
        "9": 0.16860770569364356
      },
      "drift": {
        "0": -1.953380931452031e-08,
        "1": 0.09496378587382817,
        "2": 0.14246501511830764,
        "3": 0.13694626738289634,
        "4": 0.12197252990838439,
        "5": 0.15875807708067285,
        "6": 0.14612725614307825,
        "7": 0.09434824914765541,
        "8": 0.13176938707708605,
        "9": 0.10657212867962076
      },
      "bifurc": {
        "0": -7.505622201531282e-09,
        "1": 0.12233658310580106,
        "2": 0.1564614054104801,
        "3": 0.08467112824873581,
        "4": 0.08718814429789461,
        "5": 0.23929668929340803,
        "6": 0.11518638241170273,
        "7": 0.15169837271904715,
        "8": 0.18320835085313109,
        "9": 0.12634781229641434
      }
    },
    "Additive": {
      "stable": {
        "0": 6.907528438127031e-09,
        "1": 0.4252185901316291,
        "2": 0.21103638900629304,
        "3": 0.4418802433906313,
        "4": 0.580564896018347,
        "5": 0.42486136013444653,
        "6": 0.5356811939632955,
        "7": 0.4470461338075266,
        "8": 0.6224311413164938,
        "9": 0.6553689502871439
      },
      "drift": {
        "0": 1.1348336048655483e-08,
        "1": 0.24712581300733255,
        "2": 0.2801396761422107,
        "3": 0.3830380214454092,
        "4": 0.45915928042442156,
        "5": 0.3422527069511993,
        "6": 0.45047820368646957,
        "7": 0.6480355031054132,
        "8": 0.5241294708431913,
        "9": 0.6359572091209611
      },
      "bifurc": {
        "0": 2.6538090613925647e-09,
        "1": 0.13029595618197237,
        "2": 0.1899018324895569,
        "3": 0.2875170881220512,
        "4": 0.2733913704753376,
        "5": 0.5016815914426929,
        "6": 0.5417451533248715,
        "7": 0.6833653368587602,
        "8": 0.5497586354279957,
        "9": 0.6776773853132216
      }
    },