{
  "Static": {
    "test": {
      "n": 763,
      "probe_subj": {
        "accuracy": 0.8807339449541285,
        "f1": 0.8233009708737864,
        "auroc": 0.947050725405062
      },
      "probe_sent": {
        "accuracy": 0.8833551769331586,
        "f1": 0.8278529980657641,
        "auroc": 0.9522057154959834
      },
      "precision_at_5": 0.8249017038007864,
      "cluster_ari": -0.0006853954680669035,
      "cluster_nmi": 1.639486102777913e-05
    },
    "hard_verb": {
      "n": 215,
      "probe_subj": {
        "accuracy": 0.49767441860465117,
        "f1": 0.39325842696629215,
        "auroc": 0.3771555555555556
      },
      "probe_sent": {
        "accuracy": 0.4744186046511628,
        "f1": 0.3615819209039548,
        "auroc": 0.34017777777777775
      },
      "precision_at_5": 0.8586046511627907,
      "cluster_ari": 0.01597254992740128,
      "cluster_nmi": 0.011702109305995658
    },
    "hard_both": {
      "n": 69,
      "probe_subj": {
        "accuracy": 0.2318840579710145,
        "f1": 0.03636363636363636,
        "auroc": 0.09477756286266924
      },
      "probe_sent": {
        "accuracy": 0.2028985507246377,
        "f1": 0.0,
        "auroc": 0.03965183752417795
      },
      "precision_at_5": 0.7739130434782608,
      "cluster_ari": -0.002743078081935307,
      "cluster_nmi": 0.0064264062197052566
    },
    "ambiguous_test": {
      "n": 5000,
      "probe_subj": {
        "accuracy": 0.5642,
        "f1": 0.4048074296640262,
        "auroc": 0.5575845861109576
      },
      "probe_sent": {
        "accuracy": 0.5578,
        "f1": 0.40162381596752367,
        "auroc": 0.5553110345699758
      },
      "precision_at_5": 0.63612,
      "cluster_ari": -9.310175698708318e-05,
      "cluster_nmi": 1.554840412043711e-06
    },
    "continuation": {
      "n": 794,
      "probe_subj": {
        "accuracy": 0.7329974811083123,
        "f1": 0.7158176943699732,
        "auroc": 0.8040356634106635
      },
      "probe_sent": {
        "accuracy": 0.7342569269521411,
        "f1": 0.7212681638044914,
        "auroc": 0.7960864367114366
      },
      "precision_at_5": 0.7312342569269521,
      "cluster_ari": -0.0005031730563873532,
      "cluster_nmi": 0.0007958356956424933
    },
    "interpolation": {
      "n": 398,
      "probe_subj": {
        "accuracy": 0.7638190954773869,
        "f1": 0.6887417218543046,
        "auroc": 0.8081854838709678
      },
      "probe_sent": {
        "accuracy": 0.7512562814070352,
        "f1": 0.6732673267326733,
        "auroc": 0.7993145161290323
      },
      "precision_at_5": 0.7311557788944724,
      "cluster_ari": 4.0600608416660014e-05,
      "cluster_nmi": 0.0006835673282488111
    },
    "contrastive": {
      "sign_flip_rate": 0.0,
      "n_pairs": 29,
      "n_correct": 0
    }
  },
  "Additive": {
    "test": {
      "n": 763,
      "probe_subj": {
        "accuracy": 0.8859764089121888,
        "f1": 0.827037773359841,
        "auroc": 0.95298860834178
      },
      "probe_sent": {
        "accuracy": 0.8885976408912188,
        "f1": 0.8282828282828283,
        "auroc": 0.9523305245003858
      },
      "precision_at_5": 0.8251638269986894,
      "cluster_ari": -0.00028387159966253484,
      "cluster_nmi": 0.0007666722947141931
    },
    "hard_verb": {
      "n": 215,
      "probe_subj": {
        "accuracy": 0.5302325581395348,
        "f1": 0.39520958083832336,
        "auroc": 0.3904
      },
      "probe_sent": {
        "accuracy": 0.5395348837209303,
        "f1": 0.4,
        "auroc": 0.40159999999999996
      },
      "precision_at_5": 0.881860465116279,
      "cluster_ari": -0.0032120394359965703,
      "cluster_nmi": 0.0003037115306766008
    },
    "hard_both": {
      "n": 69,
      "probe_subj": {
        "accuracy": 0.30434782608695654,
        "f1": 0.0,
        "auroc": 0.08994197292069632
      },
      "probe_sent": {
        "accuracy": 0.3188405797101449,
        "f1": 0.04081632653061224,
        "auroc": 0.1160541586073501
      },
      "precision_at_5": 0.7420289855072464,
      "cluster_ari": -0.005583201491570618,
      "cluster_nmi": 0.0017199442154628502
    },
    "ambiguous_test": {
      "n": 5000,
      "probe_subj": {
        "accuracy": 0.6038,
        "f1": 0.4315638450502152,
        "auroc": 0.5809140867345604
      },
      "probe_sent": {
        "accuracy": 0.5958,
        "f1": 0.4217453505007153,
        "auroc": 0.5833343629803849
      },
      "precision_at_5": 0.68012,
      "cluster_ari": -8.362876813902062e-06,
      "cluster_nmi": 7.657921701238712e-05
    },
    "continuation": {
      "n": 794,
      "probe_subj": {
        "accuracy": 0.7405541561712846,
        "f1": 0.745049504950495,
        "auroc": 0.7811736874236874
      },
      "probe_sent": {
        "accuracy": 0.7292191435768262,
        "f1": 0.7261146496815286,
        "auroc": 0.7821975478225479
      },
      "precision_at_5": 0.6934508816120907,
      "cluster_ari": -0.0011009169644886833,
      "cluster_nmi": 0.00011699017059560003
    },
    "interpolation": {
      "n": 398,
      "probe_subj": {
        "accuracy": 0.7763819095477387,
        "f1": 0.7100977198697068,
        "auroc": 0.7961155913978496
      },
      "probe_sent": {
        "accuracy": 0.7788944723618091,
        "f1": 0.7124183006535948,
        "auroc": 0.7960080645161289
      },
      "precision_at_5": 0.7080402010050251,
      "cluster_ari": -0.0017501178010436178,
      "cluster_nmi": 0.00013006289651555484
    },
    "contrastive": {
      "sign_flip_rate": 0.6551724137931034,
      "n_pairs": 29,
      "n_correct": 19
    }
  },
  "Joint": {
    "test": {
      "n": 763,
      "probe_subj": {
        "accuracy": 0.8938401048492791,
        "f1": 0.8427184466019417,
        "auroc": 0.9576330161419646
      },
      "probe_sent": {
        "accuracy": 0.8964613368283093,
        "f1": 0.8454011741682974,
        "auroc": 0.9587449509084583
      },
      "precision_at_5": 0.8159895150720838,
      "cluster_ari": -0.00044766299675647823,
      "cluster_nmi": 0.0004715204054860332
    },
    "hard_verb": {
      "n": 215,
      "probe_subj": {
        "accuracy": 0.4930232558139535,
        "f1": 0.39106145251396646,
        "auroc": 0.3336
      },
      "probe_sent": {
        "accuracy": 0.4697674418604651,
        "f1": 0.3448275862068966,
        "auroc": 0.3276444444444444
      },
      "precision_at_5": 0.8930232558139535,
      "cluster_ari": -0.0032120394359965703,
      "cluster_nmi": 0.0003037115306766008
    },
    "hard_both": {
      "n": 69,
      "probe_subj": {
        "accuracy": 0.2318840579710145,
        "f1": 0.03636363636363636,
        "auroc": 0.06673114119922632
      },
      "probe_sent": {
        "accuracy": 0.2318840579710145,
        "f1": 0.03636363636363636,
        "auroc": 0.06479690522243714
      },
      "precision_at_5": 0.7188405797101449,
      "cluster_ari": -0.005583201491570618,
      "cluster_nmi": 0.0017199442154628502
    },
    "ambiguous_test": {
      "n": 5000,
      "probe_subj": {
        "accuracy": 0.5824,
        "f1": 0.4329168929929386,
        "auroc": 0.568550872316982
      },
      "probe_sent": {
        "accuracy": 0.578,
        "f1": 0.42631865144100056,
        "auroc": 0.573923358645692
      },
      "precision_at_5": 0.6752,
      "cluster_ari": 0.00014740162440292628,
      "cluster_nmi": 0.00025673479497064286
    },
    "continuation": {
      "n": 794,
      "probe_subj": {
        "accuracy": 0.7594458438287154,
        "f1": 0.7673568818514007,
        "auroc": 0.7734851953601954
      },
      "probe_sent": {
        "accuracy": 0.7518891687657431,
        "f1": 0.7570900123304563,
        "auroc": 0.7819304538054538
      },
      "precision_at_5": 0.6856423173803526,
      "cluster_ari": -0.00018721457898402774,
      "cluster_nmi": 0.0007045065214365849
    },
    "interpolation": {
      "n": 398,
      "probe_subj": {
        "accuracy": 0.7613065326633166,