{
  "run_id": "20260528_009",
  "k": 10,
  "drift_score": {
    "Static": {
      "0": 0.6730769230769231,
      "1": 0.6344827586206897,
      "2": 0.6484848484848484,
      "3": 0.6739130434782609,
      "4": 0.5592592592592592,
      "5": 0.5620689655172414,
      "6": 0.5703703703703704,
      "7": 0.42173913043478256,
      "8": 0.4620689655172414,
      "9": 0.4066666666666666
    },
    "Additive": {
      "0": 0.8384615384615384,
      "1": 0.7758620689655172,
      "2": 0.6848484848484849,
      "3": 0.691304347826087,
      "4": 0.5666666666666667,
      "5": 0.47241379310344833,
      "6": 0.4259259259259259,
      "7": 0.391304347826087,
      "8": 0.35517241379310355,
      "9": 0.29000000000000004
    },
    "Joint": {
      "0": 0.9153846153846152,
      "1": 0.7965517241379311,
      "2": 0.7090909090909091,
      "3": 0.7695652173913043,
      "4": 0.5777777777777777,
      "5": 0.48620689655172417,
      "6": 0.5037037037037037,
      "7": 0.30434782608695654,
      "8": 0.35172413793103446,
      "9": 0.22
    },
    "Timeformer": {
      "0": 0.8730769230769229,
      "1": 0.7724137931034483,
      "2": 0.6939393939393939,
      "3": 0.7086956521739131,
      "4": 0.6,
      "5": 0.4655172413793104,
      "6": 0.48888888888888893,
      "7": 0.36086956521739133,
      "8": 0.31724137931034485,
      "9": 0.23
    }
  },
  "drift_score_by_class": {
    "Static": {
      "stable": {
        "0": 0.7391304347826086,
        "1": 0.7466666666666666,
        "2": 0.7961538461538462,
        "3": 0.7521739130434782,
        "4": 0.7666666666666666,
        "5": 0.8103448275862069,
        "6": 0.7464285714285713,
        "7": 0.856521739130435,
        "8": 0.6916666666666668,
        "9": 0.7636363636363637
      },
      "drift": {
        "0": 0.6730769230769231,
        "1": 0.6344827586206897,
        "2": 0.6484848484848484,
        "3": 0.6739130434782609,
        "4": 0.5592592592592592,
        "5": 0.5620689655172414,
        "6": 0.5703703703703704,
        "7": 0.42173913043478256,
        "8": 0.4620689655172414,
        "9": 0.4066666666666666
      },
      "bifurc": {
        "0": 0.8153846153846153,
        "1": 0.7785714285714285,
        "2": 0.7913043478260867,
        "3": 0.7565217391304347,
        "4": 0.7538461538461537,
        "5": 0.5499999999999999,
        "6": 0.5761904761904763,
        "7": 0.523809523809524,
        "8": 0.7105263157894737,
        "9": 0.6041666666666666
      }
    },
    "Additive": {
      "stable": {
        "0": 0.8565217391304347,
        "1": 0.8166666666666665,
        "2": 0.8500000000000001,
        "3": 0.7782608695652173,
        "4": 0.7999999999999999,
        "5": 0.7551724137931034,
        "6": 0.6964285714285714,
        "7": 0.773913043478261,
        "8": 0.6291666666666668,
        "9": 0.6000000000000001
      },
      "drift": {
        "0": 0.8384615384615384,
        "1": 0.7758620689655172,
        "2": 0.6848484848484849,
        "3": 0.691304347826087,
        "4": 0.5666666666666667,
        "5": 0.47241379310344833,
        "6": 0.4259259259259259,
        "7": 0.391304347826087,
        "8": 0.35517241379310355,
        "9": 0.29000000000000004
      },
      "bifurc": {
        "0": 0.9038461538461539,
        "1": 0.85,
        "2": 0.8608695652173913,
        "3": 0.7434782608695653,
        "4": 0.796153846153846,
        "5": 0.5708333333333333,
        "6": 0.5,
        "7": 0.519047619047619,
        "8": 0.5210526315789474,
        "9": 0.5541666666666667
      }
    },
    "Joint": {
      "stable": {
        "0": 0.8652173913043477,
        "1": 0.8833333333333333,
        "2": 0.8730769230769231,
        "3": 0.834782608695652,
        "4": 0.7666666666666666,
        "5": 0.7862068965517242,
        "6": 0.6607142857142856,
        "7": 0.7000000000000001,
        "8": 0.6666666666666666,
        "9": 0.6227272727272728
      },
      "drift": {
        "0": 0.9153846153846152,
        "1": 0.7965517241379311,
        "2": 0.7090909090909091,
        "3": 0.7695652173913043,
        "4": 0.5777777777777777,
        "5": 0.48620689655172417,
        "6": 0.5037037037037037,
        "7": 0.30434782608695654,
        "8": 0.35172413793103446,
        "9": 0.22
      },
      "bifurc": {
        "0": 0.9230769230769231,
        "1": 0.8714285714285713,
        "2": 0.8173913043478261,
        "3": 0.7478260869565215,
        "4": 0.8076923076923076,
        "5": 0.5708333333333333,
        "6": 0.5619047619047619,
        "7": 0.4523809523809523,
        "8": 0.5736842105263159,
        "9": 0.5666666666666667
      }
    },
    "Timeformer": {
      "stable": {
        "0": 0.8217391304347825,
        "1": 0.8299999999999998,
        "2": 0.8461538461538461,
        "3": 0.8086956521739131,
        "4": 0.7416666666666666,
        "5": 0.7965517241379311,
        "6": 0.6892857142857143,
        "7": 0.7782608695652175,
        "8": 0.6541666666666667,
        "9": 0.6818181818181818
      },
      "drift": {
        "0": 0.8730769230769229,
        "1": 0.7724137931034483,
        "2": 0.6939393939393939,
        "3": 0.7086956521739131,
        "4": 0.6,
        "5": 0.4655172413793104,
        "6": 0.48888888888888893,
        "7": 0.36086956521739133,
        "8": 0.31724137931034485,
        "9": 0.23
      },
      "bifurc": {
        "0": 0.9115384615384615,
        "1": 0.8392857142857143,
        "2": 0.8565217391304347,
        "3": 0.7608695652173914,
        "4": 0.7769230769230769,
        "5": 0.5458333333333333,
        "6": 0.5000000000000002,
        "7": 0.47619047619047616,
        "8": 0.5473684210526317,
        "9": 0.5375
      }
    }
  },
  "trajectory_dist": {
    "Static": {
      "stable": {
        "0": 1.7459610524017678e-08,
        "1": 0.3037158631884452,
        "2": 0.24108111663831852,
        "3": 0.18872773842556667,
        "4": 0.372921858884697,
        "5": 0.297082667779683,
        "6": 0.3088213293028027,
        "7": 0.22967196498474232,
        "8": 0.30383066598957637,
        "9": 0.2039566779471452
      },
      "drift": {
        "0": 6.852443645843919e-09,
        "1": 0.11207574184699423,
        "2": 0.0981872778479884,
        "3": 0.10761812881264676,
        "4": 0.1995956694607996,
        "5": 0.13946970959031538,
        "6": 0.12199417944993467,
        "7": 0.12086478743069491,
        "8": 0.07246542471094933,
        "9": 0.09949491765091321
      },
      "bifurc": {
        "0": 3.198827553951844e-08,
        "1": 0.08656614124974102,
        "2": 0.18277506097286395,
        "3": 0.16828835055884805,
        "4": 0.17021991308835932,
        "5": 0.1885587746750142,
        "6": 0.18844287329192727,
        "7": 0.17156606320084616,
        "8": 0.2385182221603328,
        "9": 0.15074985451640951
      }
    },
    "Additive": {
      "stable": {
        "0": -2.221964914284058e-08,
        "1": 0.4896734711264196,
        "2": 0.238781148530769,
        "3": 0.4746715373178863,
        "4": 0.6425590666038258,
        "5": 0.4634192534978059,
        "6": 0.5374082756005271,
        "7": 0.4396273732125047,
        "8": 0.617665084938953,
        "9": 0.64125536397003
      },
      "drift": {
        "0": 1.360203105704727e-09,
        "1": 0.3000897689690193,
        "2": 0.3477223423586688,
        "3": 0.4150976185667128,
        "4": 0.500430869373956,
        "5": 0.3849711792192422,
        "6": 0.45222079966246576,
        "7": 0.6038334917063753,
        "8": 0.4218912121494923,
        "9": 0.5881680332054132
      },
      "bifurc": {
        "0": 1.8434904869302216e-08,
        "1": 0.16045896477222357,
        "2": 0.2439988691919499,
        "3": 0.3447028513849539,
        "4": 0.2974553508200636,
        "5": 0.5353132352626238,
        "6": 0.54505192113638,
        "7": 0.5649964312620774,
        "8": 0.6200807638279687,
        "9": 0.5662838322966433
      }
    },
    "Joint": {
      "stable": {
        "0": -4.794762675786046e-09,