{
  "Static": {
    "test": {
      "n": 763,
      "probe_subj": {
        "accuracy": 0.8768020969855832,
        "f1": 0.8185328185328186,
        "auroc": 0.9423193295108999
      },
      "probe_sent": {
        "accuracy": 0.8938401048492791,
        "f1": 0.8462998102466793,
        "auroc": 0.9551103614166201
      },
      "precision_at_5": 0.8146788990825689,
      "cluster_ari": 0.03906434204142178,
      "cluster_nmi": 0.03325731230514105
    },
    "hard_verb": {
      "n": 215,
      "probe_subj": {
        "accuracy": 0.48372093023255813,
        "f1": 0.3508771929824561,
        "auroc": 0.3708444444444444
      },
      "probe_sent": {
        "accuracy": 0.49767441860465117,
        "f1": 0.39325842696629215,
        "auroc": 0.3224
      },
      "precision_at_5": 0.9497674418604651,
      "cluster_ari": 0.13104034950350854,
      "cluster_nmi": 0.10058861599146592
    },
    "hard_both": {
      "n": 69,
      "probe_subj": {
        "accuracy": 0.2608695652173913,
        "f1": 0.0,
        "auroc": 0.039651837524177946
      },
      "probe_sent": {
        "accuracy": 0.18840579710144928,
        "f1": 0.0,
        "auroc": 0.023210831721469996
      },
      "precision_at_5": 0.8,
      "cluster_ari": -0.011933368987230172,
      "cluster_nmi": 1.6177441234017735e-05
    },
    "ambiguous_test": {
      "n": 5000,
      "probe_subj": {
        "accuracy": 0.5554,
        "f1": 0.3870967741935484,
        "auroc": 0.5347608541758124
      },
      "probe_sent": {
        "accuracy": 0.5484,
        "f1": 0.39882854100106496,
        "auroc": 0.537625847096686
      },
      "precision_at_5": 0.63572,
      "cluster_ari": 0.02226715766958112,
      "cluster_nmi": 0.021575327839422353
    },
    "continuation": {
      "n": 794,
      "probe_subj": {
        "accuracy": 0.7405541561712846,
        "f1": 0.7289473684210527,
        "auroc": 0.7810814763939765
      },
      "probe_sent": {
        "accuracy": 0.7531486146095718,
        "f1": 0.7461139896373057,
        "auroc": 0.7930848087098088
      },
      "precision_at_5": 0.7337531486146096,
      "cluster_ari": 0.09641336664208593,
      "cluster_nmi": 0.07048660612943525
    },
    "interpolation": {
      "n": 398,
      "probe_subj": {
        "accuracy": 0.7587939698492462,
        "f1": 0.6883116883116883,
        "auroc": 0.7834274193548387
      },
      "probe_sent": {
        "accuracy": 0.7814070351758794,
        "f1": 0.7184466019417476,
        "auroc": 0.80122311827957
      },
      "precision_at_5": 0.7115577889447237,
      "cluster_ari": 0.0886646068630352,
      "cluster_nmi": 0.07848456862096097
    },
    "contrastive": {
      "sign_flip_rate": 0.0,
      "n_pairs": 29,
      "n_correct": 0
    }
  },
  "Additive": {
    "test": {
      "n": 763,
      "probe_subj": {
        "accuracy": 0.8899082568807339,
        "f1": 0.83399209486166,
        "auroc": 0.9534122025385395
      },
      "probe_sent": {
        "accuracy": 0.8938401048492791,
        "f1": 0.8402366863905325,
        "auroc": 0.954698113492988
      },
      "precision_at_5": 0.8214941022280472,
      "cluster_ari": -0.00028387159966253484,
      "cluster_nmi": 0.0007666722947141931
    },
    "hard_verb": {
      "n": 215,
      "probe_subj": {
        "accuracy": 0.5069767441860465,
        "f1": 0.4044943820224719,
        "auroc": 0.3568
      },
      "probe_sent": {
        "accuracy": 0.5162790697674419,
        "f1": 0.40229885057471265,
        "auroc": 0.3607111111111111
      },
      "precision_at_5": 0.9311627906976744,
      "cluster_ari": -0.0032120394359965703,
      "cluster_nmi": 0.0003037115306766008
    },
    "hard_both": {
      "n": 69,
      "probe_subj": {
        "accuracy": 0.2608695652173913,
        "f1": 0.03773584905660377,
        "auroc": 0.05319148936170212
      },
      "probe_sent": {
        "accuracy": 0.2608695652173913,
        "f1": 0.03773584905660377,
        "auroc": 0.04448742746615086
      },
      "precision_at_5": 0.7855072463768116,
      "cluster_ari": -0.005583201491570618,
      "cluster_nmi": 0.0017199442154628502
    },
    "ambiguous_test": {
      "n": 5000,
      "probe_subj": {
        "accuracy": 0.5708,
        "f1": 0.41076331685886874,
        "auroc": 0.572620279734511
      },
      "probe_sent": {
        "accuracy": 0.578,
        "f1": 0.4180915609487038,
        "auroc": 0.5758667568879754
      },
      "precision_at_5": 0.66472,
      "cluster_ari": -8.362876813902062e-06,
      "cluster_nmi": 7.657921701238712e-05
    },
    "continuation": {
      "n": 794,
      "probe_subj": {
        "accuracy": 0.7707808564231738,
        "f1": 0.7753086419753087,
        "auroc": 0.7995459401709403
      },
      "probe_sent": {
        "accuracy": 0.7707808564231738,
        "f1": 0.7753086419753087,
        "auroc": 0.8050531644281645
      },
      "precision_at_5": 0.7007556675062973,
      "cluster_ari": -0.0011009169644886833,
      "cluster_nmi": 0.00011699017059560003
    },
    "interpolation": {
      "n": 398,
      "probe_subj": {
        "accuracy": 0.7562814070351759,
        "f1": 0.6798679867986799,
        "auroc": 0.793521505376344
      },
      "probe_sent": {
        "accuracy": 0.7663316582914573,
        "f1": 0.693069306930693,
        "auroc": 0.803010752688172
      },
      "precision_at_5": 0.7115577889447237,
      "cluster_ari": -0.0017501178010436178,
      "cluster_nmi": 0.00013006289651555484
    },
    "contrastive": {
      "sign_flip_rate": 0.4482758620689655,
      "n_pairs": 29,
      "n_correct": 13
    }
  },
  "Joint": {
    "test": {
      "n": 763,
      "probe_subj": {
        "accuracy": 0.8558322411533421,
        "f1": 0.782608695652174,
        "auroc": 0.9200919804541535
      },
      "probe_sent": {
        "accuracy": 0.8571428571428571,
        "f1": 0.786692759295499,
        "auroc": 0.9218166139695316
      },
      "precision_at_5": 0.7764089121887287,
      "cluster_ari": -0.000580264308046769,
      "cluster_nmi": 0.00040228201261087616
    },
    "hard_verb": {
      "n": 215,
      "probe_subj": {
        "accuracy": 0.5488372093023256,
        "f1": 0.41916167664670656,
        "auroc": 0.48533333333333334
      },
      "probe_sent": {
        "accuracy": 0.5674418604651162,
        "f1": 0.4431137724550898,
        "auroc": 0.47884444444444446
      },
      "precision_at_5": 0.8102325581395349,
      "cluster_ari": -0.00026466279124722343,
      "cluster_nmi": 0.0014510187563703109
    },
    "hard_both": {
      "n": 69,
      "probe_subj": {
        "accuracy": 0.30434782608695654,
        "f1": 0.07692307692307693,
        "auroc": 0.12088974854932302
      },
      "probe_sent": {
        "accuracy": 0.30434782608695654,
        "f1": 0.07692307692307693,
        "auroc": 0.10444874274661507
      },
      "precision_at_5": 0.7217391304347827,
      "cluster_ari": -0.011933368987230172,
      "cluster_nmi": 1.6177441234017735e-05
    },
    "ambiguous_test": {
      "n": 5000,
      "probe_subj": {
        "accuracy": 0.6176,
        "f1": 0.465324384787472,
        "auroc": 0.6083706852943143
      },
      "probe_sent": {
        "accuracy": 0.6028,
        "f1": 0.4546952224052718,
        "auroc": 0.5959804880672386
      },
      "precision_at_5": 0.69,
      "cluster_ari": 0.00032521897079823716,
      "cluster_nmi": 0.000735441170146909
    },
    "continuation": {
      "n": 794,
      "probe_subj": {
        "accuracy": 0.760705289672544,
        "f1": 0.7699757869249395,
        "auroc": 0.8043917887667887
      },
      "probe_sent": {
        "accuracy": 0.7707808564231738,
        "f1": 0.7780487804878049,
        "auroc": 0.8100452787952788
      },
      "precision_at_5": 0.7337531486146096,
      "cluster_ari": -0.00018663734803994698,
      "cluster_nmi": 0.0007259321398036143
    },
    "interpolation": {
      "n": 398,
      "probe_subj": {
        "accuracy": 0.7738693467336684,
        "f1": 0.7133757961783439,