{
  "run_id": "20260528_026",
  "k": 10,
  "drift_score": {
    "Static": {
      "0": 0.6846153846153846,
      "1": 0.603448275862069,
      "2": 0.5818181818181818,
      "3": 0.6739130434782609,
      "4": 0.5555555555555556,
      "5": 0.5068965517241381,
      "6": 0.5666666666666667,
      "7": 0.39565217391304347,
      "8": 0.4241379310344828,
      "9": 0.36666666666666664
    },
    "Additive": {
      "0": 0.8538461538461537,
      "1": 0.7793103448275862,
      "2": 0.6606060606060605,
      "3": 0.7217391304347827,
      "4": 0.5814814814814815,
      "5": 0.48620689655172405,
      "6": 0.42962962962962964,
      "7": 0.34782608695652173,
      "8": 0.296551724137931,
      "9": 0.2566666666666667
    },
    "Joint": {
      "0": 0.7961538461538461,
      "1": 0.7310344827586207,
      "2": 0.7303030303030302,
      "3": 0.7000000000000001,
      "4": 0.5222222222222223,
      "5": 0.45862068965517244,
      "6": 0.5,
      "7": 0.38260869565217387,
      "8": 0.38275862068965516,
      "9": 0.30333333333333334
    },
    "Timeformer": {
      "0": 0.8769230769230769,
      "1": 0.796551724137931,
      "2": 0.6696969696969698,
      "3": 0.682608695652174,
      "4": 0.5296296296296296,
      "5": 0.48620689655172417,
      "6": 0.44814814814814813,
      "7": 0.34782608695652173,
      "8": 0.3275862068965517,
      "9": 0.26666666666666666
    }
  },
  "drift_score_by_class": {
    "Static": {
      "stable": {
        "0": 0.7173913043478263,
        "1": 0.7633333333333333,
        "2": 0.7653846153846153,
        "3": 0.7956521739130435,
        "4": 0.75,
        "5": 0.7827586206896551,
        "6": 0.7357142857142858,
        "7": 0.7782608695652173,
        "8": 0.725,
        "9": 0.7909090909090909
      },
      "drift": {
        "0": 0.6846153846153846,
        "1": 0.603448275862069,
        "2": 0.5818181818181818,
        "3": 0.6739130434782609,
        "4": 0.5555555555555556,
        "5": 0.5068965517241381,
        "6": 0.5666666666666667,
        "7": 0.39565217391304347,
        "8": 0.4241379310344828,
        "9": 0.36666666666666664
      },
      "bifurc": {
        "0": 0.7884615384615383,
        "1": 0.7678571428571429,
        "2": 0.7434782608695653,
        "3": 0.6652173913043479,
        "4": 0.7192307692307693,
        "5": 0.5791666666666667,
        "6": 0.5523809523809524,
        "7": 0.5619047619047619,
        "8": 0.7052631578947368,
        "9": 0.6333333333333333
      }
    },
    "Additive": {
      "stable": {
        "0": 0.8652173913043477,
        "1": 0.7833333333333331,
        "2": 0.7884615384615384,
        "3": 0.8086956521739131,
        "4": 0.7624999999999998,
        "5": 0.7758620689655173,
        "6": 0.6964285714285713,
        "7": 0.7652173913043478,
        "8": 0.6666666666666666,
        "9": 0.7136363636363637
      },
      "drift": {
        "0": 0.8538461538461537,
        "1": 0.7793103448275862,
        "2": 0.6606060606060605,
        "3": 0.7217391304347827,
        "4": 0.5814814814814815,
        "5": 0.48620689655172405,
        "6": 0.42962962962962964,
        "7": 0.34782608695652173,
        "8": 0.296551724137931,
        "9": 0.2566666666666667
      },
      "bifurc": {
        "0": 0.9153846153846152,
        "1": 0.8499999999999999,
        "2": 0.8565217391304347,
        "3": 0.7695652173913043,
        "4": 0.7461538461538461,
        "5": 0.5541666666666667,
        "6": 0.47619047619047616,
        "7": 0.4904761904761904,
        "8": 0.6368421052631579,
        "9": 0.5666666666666668
      }
    },
    "Joint": {
      "stable": {
        "0": 0.8565217391304347,
        "1": 0.8133333333333332,
        "2": 0.8846153846153846,
        "3": 0.7565217391304347,
        "4": 0.75,
        "5": 0.6793103448275862,
        "6": 0.6642857142857143,
        "7": 0.7782608695652175,
        "8": 0.5958333333333333,
        "9": 0.5909090909090909
      },
      "drift": {
        "0": 0.7961538461538461,
        "1": 0.7310344827586207,
        "2": 0.7303030303030302,
        "3": 0.7000000000000001,
        "4": 0.5222222222222223,
        "5": 0.45862068965517244,
        "6": 0.5,
        "7": 0.38260869565217387,
        "8": 0.38275862068965516,
        "9": 0.30333333333333334
      },
      "bifurc": {
        "0": 0.9230769230769231,
        "1": 0.8642857142857141,
        "2": 0.8347826086956524,
        "3": 0.7434782608695653,
        "4": 0.7576923076923077,
        "5": 0.5875,
        "6": 0.5285714285714286,
        "7": 0.5000000000000001,
        "8": 0.5631578947368421,
        "9": 0.5333333333333333
      }
    },
    "Timeformer": {
      "stable": {
        "0": 0.8304347826086957,
        "1": 0.7766666666666667,
        "2": 0.8692307692307691,
        "3": 0.8,
        "4": 0.7208333333333332,
        "5": 0.8103448275862067,
        "6": 0.7249999999999999,
        "7": 0.717391304347826,
        "8": 0.6166666666666667,
        "9": 0.6545454545454545
      },
      "drift": {
        "0": 0.8769230769230769,
        "1": 0.796551724137931,
        "2": 0.6696969696969698,
        "3": 0.682608695652174,
        "4": 0.5296296296296296,
        "5": 0.48620689655172417,
        "6": 0.44814814814814813,
        "7": 0.34782608695652173,
        "8": 0.3275862068965517,
        "9": 0.26666666666666666
      },
      "bifurc": {
        "0": 0.9192307692307692,
        "1": 0.8250000000000002,
        "2": 0.7869565217391303,
        "3": 0.7434782608695653,
        "4": 0.7807692307692308,
        "5": 0.5583333333333332,
        "6": 0.5476190476190477,
        "7": 0.4238095238095238,
        "8": 0.5631578947368422,
        "9": 0.5208333333333334
      }
    }
  },
  "trajectory_dist": {
    "Static": {
      "stable": {
        "0": 1.234377562386868e-08,
        "1": 0.11919063037701552,
        "2": 0.05892894991804998,
        "3": 0.0784484402745859,
        "4": 0.11843029897817976,
        "5": 0.11788524815694545,
        "6": 0.06802479340646206,
        "7": 0.09919989905678198,
        "8": 0.0892392877298176,
        "9": 0.0463520867347742
      },
      "drift": {
        "0": 1.1514462061601449e-08,
        "1": 0.08527181246263435,
        "2": 0.08427633163679812,
        "3": 0.07687557676855936,
        "4": 0.09049465755466153,
        "5": 0.12077809856628281,
        "6": 0.08411118457846817,
        "7": 0.09677370716310722,
        "8": 0.09381072404744076,
        "9": 0.08691835657172138
      },
      "bifurc": {
        "0": -2.1753220191822463e-08,
        "1": 0.05066633540967926,
        "2": 0.09331474681524571,
        "3": 0.07681366746784962,
        "4": 0.0456781230356272,
        "5": 0.1098814702144825,
        "6": 0.12112156407402856,
        "7": 0.05854230993433393,
        "8": 0.08460514400482423,
        "9": 0.07301010085079959
      }
    },
    "Additive": {
      "stable": {
        "0": -2.5384476187717553e-09,
        "1": 0.4033249533520066,
        "2": 0.20358144876384016,
        "3": 0.4241069171320313,
        "4": 0.568890520634653,
        "5": 0.3999273434692368,
        "6": 0.4513978052475137,
        "7": 0.3826756830401092,
        "8": 0.56697522231368,
        "9": 0.5422037380020103
      },
      "drift": {
        "0": 1.2710449637243215e-08,
        "1": 0.2566573642782409,
        "2": 0.26956653382256784,
        "3": 0.3487142416247313,
        "4": 0.43831583686694325,
        "5": 0.36145531979187495,
        "6": 0.432559177027673,
        "7": 0.5001977691913582,
        "8": 0.4210135452684539,
        "9": 0.5226045595835677
      },
      "bifurc": {
        "0": 2.0374392495359218e-08,
        "1": 0.17156519384851832,
        "2": 0.22392565095645964,
        "3": 0.26813731324830165,
        "4": 0.292472495121754,
        "5": 0.5216124621503215,
        "6": 0.5185603818768378,
        "7": 0.5009422918322487,
        "8": 0.5971575791614564,
        "9": 0.5008877269940284
      }
    },