{
  "Static": {
    "test": {
      "n": 763,
      "probe_subj": {
        "accuracy": 0.8859764089121888,
        "f1": 0.8304093567251462,
        "auroc": 0.9502503744270132
      },
      "probe_sent": {
        "accuracy": 0.8768020969855832,
        "f1": 0.8142292490118577,
        "auroc": 0.9407611080013918
      },
      "precision_at_5": 0.818872870249017,
      "cluster_ari": -0.002714682926668605,
      "cluster_nmi": 0.0002905925526461701
    },
    "hard_verb": {
      "n": 215,
      "probe_subj": {
        "accuracy": 0.4930232558139535,
        "f1": 0.39106145251396646,
        "auroc": 0.37297777777777774
      },
      "probe_sent": {
        "accuracy": 0.48372093023255813,
        "f1": 0.3508771929824561,
        "auroc": 0.41359999999999997
      },
      "precision_at_5": 0.9041860465116279,
      "cluster_ari": -0.005622067831650699,
      "cluster_nmi": 0.0004931181233368462
    },
    "hard_both": {
      "n": 69,
      "probe_subj": {
        "accuracy": 0.2463768115942029,
        "f1": 0.0,
        "auroc": 0.043520309477756286
      },
      "probe_sent": {
        "accuracy": 0.2608695652173913,
        "f1": 0.0,
        "auroc": 0.029980657640232104
      },
      "precision_at_5": 0.7536231884057971,
      "cluster_ari": 0.088575349012665,
      "cluster_nmi": 0.03732272281067936
    },
    "ambiguous_test": {
      "n": 5000,
      "probe_subj": {
        "accuracy": 0.5526,
        "f1": 0.38796169630642957,
        "auroc": 0.528501024074844
      },
      "probe_sent": {
        "accuracy": 0.5546,
        "f1": 0.3781066741133762,
        "auroc": 0.5504846548671537
      },
      "precision_at_5": 0.63536,
      "cluster_ari": 0.00052534599713198,
      "cluster_nmi": 1.9593108508889032e-05
    },
    "continuation": {
      "n": 794,
      "probe_subj": {
        "accuracy": 0.7229219143576826,
        "f1": 0.7105263157894737,
        "auroc": 0.7696822853072853
      },
      "probe_sent": {
        "accuracy": 0.716624685138539,
        "f1": 0.6987951807228916,
        "auroc": 0.7982549857549857
      },
      "precision_at_5": 0.7612090680100756,
      "cluster_ari": 0.012717621873567422,
      "cluster_nmi": 0.008981239152513094
    },
    "interpolation": {
      "n": 398,
      "probe_subj": {
        "accuracy": 0.7663316582914573,
        "f1": 0.693069306930693,
        "auroc": 0.7886693548387097
      },
      "probe_sent": {
        "accuracy": 0.7713567839195979,
        "f1": 0.6915254237288135,
        "auroc": 0.8033198924731183
      },
      "precision_at_5": 0.6944723618090453,
      "cluster_ari": -0.004374243940441937,
      "cluster_nmi": 0.0013730096245462868
    },
    "contrastive": {
      "sign_flip_rate": 0.0,
      "n_pairs": 29,
      "n_correct": 0
    }
  },
  "Additive": {
    "test": {
      "n": 763,
      "probe_subj": {
        "accuracy": 0.9056356487549148,
        "f1": 0.8620689655172413,
        "auroc": 0.9643802665617768
      },
      "probe_sent": {
        "accuracy": 0.9030144167758847,
        "f1": 0.8571428571428571,
        "auroc": 0.9650232220390009
      },
      "precision_at_5": 0.8293577981651377,
      "cluster_ari": -0.00028387159966253484,
      "cluster_nmi": 0.0007666722947141931
    },
    "hard_verb": {
      "n": 215,
      "probe_subj": {
        "accuracy": 0.5162790697674419,
        "f1": 0.4222222222222222,
        "auroc": 0.34195555555555557
      },
      "probe_sent": {
        "accuracy": 0.5162790697674419,
        "f1": 0.4157303370786517,
        "auroc": 0.34613333333333335
      },
      "precision_at_5": 0.9172093023255814,
      "cluster_ari": -0.0032120394359965703,
      "cluster_nmi": 0.0003037115306766008
    },
    "hard_both": {
      "n": 69,
      "probe_subj": {
        "accuracy": 0.17391304347826086,
        "f1": 0.03389830508474576,
        "auroc": 0.035783365570599614
      },
      "probe_sent": {
        "accuracy": 0.18840579710144928,
        "f1": 0.034482758620689655,
        "auroc": 0.02611218568665377
      },
      "precision_at_5": 0.808695652173913,
      "cluster_ari": -0.005583201491570618,
      "cluster_nmi": 0.0017199442154628502
    },
    "ambiguous_test": {
      "n": 5000,
      "probe_subj": {
        "accuracy": 0.5698,
        "f1": 0.43050039714058774,
        "auroc": 0.5631559457392963
      },
      "probe_sent": {
        "accuracy": 0.5738,
        "f1": 0.4309746328437917,
        "auroc": 0.5648725793603493
      },
      "precision_at_5": 0.67644,
      "cluster_ari": -8.362876813902062e-06,
      "cluster_nmi": 7.657921701238712e-05
    },
    "continuation": {
      "n": 794,
      "probe_subj": {
        "accuracy": 0.7732997481108312,
        "f1": 0.7831325301204819,
        "auroc": 0.7780130748880749
      },
      "probe_sent": {
        "accuracy": 0.7770780856423174,
        "f1": 0.7859733978234583,
        "auroc": 0.7780130748880749
      },
      "precision_at_5": 0.7110831234256927,
      "cluster_ari": -0.0011009169644886833,
      "cluster_nmi": 0.00011699017059560003
    },
    "interpolation": {
      "n": 398,
      "probe_subj": {
        "accuracy": 0.7613065326633166,
        "f1": 0.6945337620578779,
        "auroc": 0.7840994623655914
      },
      "probe_sent": {
        "accuracy": 0.7688442211055276,
        "f1": 0.7070063694267515,
        "auroc": 0.784260752688172
      },
      "precision_at_5": 0.7020100502512563,
      "cluster_ari": -0.0017501178010436178,
      "cluster_nmi": 0.00013006289651555484
    },
    "contrastive": {
      "sign_flip_rate": 0.7241379310344828,
      "n_pairs": 29,
      "n_correct": 21
    }
  },
  "Joint": {
    "test": {
      "n": 763,
      "probe_subj": {
        "accuracy": 0.8676277850589778,
        "f1": 0.8023483365949119,
        "auroc": 0.9401143704331251
      },
      "probe_sent": {
        "accuracy": 0.8676277850589778,
        "f1": 0.8083491461100569,
        "auroc": 0.9395319284125807
      },
      "precision_at_5": 0.7840104849279161,
      "cluster_ari": -0.0005122608947429942,
      "cluster_nmi": 7.183092246067514e-05
    },
    "hard_verb": {
      "n": 215,
      "probe_subj": {
        "accuracy": 0.5395348837209303,
        "f1": 0.4,
        "auroc": 0.42924444444444443
      },
      "probe_sent": {
        "accuracy": 0.5906976744186047,
        "f1": 0.4942528735632184,
        "auroc": 0.4514666666666667
      },
      "precision_at_5": 0.881860465116279,
      "cluster_ari": -0.00350545225185886,
      "cluster_nmi": 0.0008306263034174965
    },
    "hard_both": {
      "n": 69,
      "probe_subj": {
        "accuracy": 0.2028985507246377,
        "f1": 0.0,
        "auroc": 0.06479690522243714
      },
      "probe_sent": {
        "accuracy": 0.2028985507246377,
        "f1": 0.0,
        "auroc": 0.035783365570599614
      },
      "precision_at_5": 0.8173913043478261,
      "cluster_ari": -0.008257239059194545,
      "cluster_nmi": 0.0018745867491869626
    },
    "ambiguous_test": {
      "n": 5000,
      "probe_subj": {
        "accuracy": 0.5982,
        "f1": 0.43360586411051594,
        "auroc": 0.590970316365719
      },
      "probe_sent": {
        "accuracy": 0.5804,
        "f1": 0.4258347016967707,
        "auroc": 0.5757725441827607
      },
      "precision_at_5": 0.66784,
      "cluster_ari": 0.005195260752947275,
      "cluster_nmi": 0.0020813058132581634
    },
    "continuation": {
      "n": 794,
      "probe_subj": {
        "accuracy": 0.7657430730478589,
        "f1": 0.7720588235294118,
        "auroc": 0.7857015669515669
      },
      "probe_sent": {
        "accuracy": 0.7644836272040302,
        "f1": 0.7716727716727717,
        "auroc": 0.7856061762311762
      },
      "precision_at_5": 0.6942065491183879,
      "cluster_ari": -0.0011009169644886833,
      "cluster_nmi": 0.00011699017059560003
    },
    "interpolation": {
      "n": 398,
      "probe_subj": {
        "accuracy": 0.7763819095477387,
        "f1": 0.7174603174603175,