{
  "B3_oracle": {
    "test": {
      "n": 763,
      "probe_subj": {
        "accuracy": 0.8859764089121888,
        "f1": 0.8304093567251462,
        "auroc": 0.9591609809231328
      },
      "probe_sent": {
        "accuracy": 0.8833551769331586,
        "f1": 0.8285163776493256,
        "auroc": 0.9586768732696933
      },
      "precision_at_5": 0.8445609436435124,
      "cluster_ari": -0.00028387159966253484,
      "cluster_nmi": 0.0007666722947141931
    },
    "hard_verb": {
      "n": 215,
      "probe_subj": {
        "accuracy": 0.4697674418604651,
        "f1": 0.3595505617977528,
        "auroc": 0.3418666666666667
      },
      "probe_sent": {
        "accuracy": 0.4930232558139535,
        "f1": 0.39106145251396646,
        "auroc": 0.3426666666666667
      },
      "precision_at_5": 0.9804651162790697,
      "cluster_ari": -0.0032120394359965703,
      "cluster_nmi": 0.0003037115306766008
    },
    "hard_both": {
      "n": 69,
      "probe_subj": {
        "accuracy": 0.30434782608695654,
        "f1": 0.14285714285714285,
        "auroc": 0.11798839458413926
      },
      "probe_sent": {
        "accuracy": 0.2318840579710145,
        "f1": 0.13114754098360656,
        "auroc": 0.10735009671179885
      },
      "precision_at_5": 0.8927536231884058,
      "cluster_ari": -0.005583201491570618,
      "cluster_nmi": 0.0017199442154628502
    },
    "ambiguous_test": {
      "n": 5000,
      "probe_subj": {
        "accuracy": 0.5972,
        "f1": 0.4574353448275862,
        "auroc": 0.5839536048306679
      },
      "probe_sent": {
        "accuracy": 0.5856,
        "f1": 0.45588235294117646,
        "auroc": 0.5821818245248845
      },
      "precision_at_5": 0.70624,
      "cluster_ari": 2.211657572582251e-05,
      "cluster_nmi": 8.983428969523958e-05
    },
    "continuation": {
      "n": 794,
      "probe_subj": {
        "accuracy": 0.7670025188916877,
        "f1": 0.783625730994152,
        "auroc": 0.7863375050875051
      },
      "probe_sent": {
        "accuracy": 0.7770780856423174,
        "f1": 0.7939464493597206,
        "auroc": 0.808468152218152
      },
      "precision_at_5": 0.7526448362720403,
      "cluster_ari": -0.0011009169644886833,
      "cluster_nmi": 0.00011699017059560003
    },
    "interpolation": {
      "n": 398,
      "probe_subj": {
        "accuracy": 0.7613065326633166,
        "f1": 0.7021943573667712,
        "auroc": 0.7861021505376344
      },
      "probe_sent": {
        "accuracy": 0.7562814070351759,
        "f1": 0.6959247648902821,
        "auroc": 0.7855913978494623
      },
      "precision_at_5": 0.7231155778894472,
      "cluster_ari": -0.0017501178010436178,
      "cluster_nmi": 0.00013006289651555484
    },
    "contrastive": {
      "sign_flip_rate": 0.7586206896551724,
      "n_pairs": 29,
      "n_correct": 22
    },
    "b3_shuffled_subject": {
      "accuracy": 0.7481108312342569,
      "f1": 0.7512437810945274,
      "auroc": 0.768493080993081
    },
    "b3_nohistory": {
      "accuracy": 0.7481108312342569,
      "f1": 0.7578692493946732,
      "auroc": 0.769685464997965
    }
  },
  "B2b_ref": {
    "test": {
      "n": 763,
      "probe_subj": {
        "accuracy": 0.8859764089121888,
        "f1": 0.8323699421965318,
        "auroc": 0.9531625845297348
      },
      "probe_sent": {
        "accuracy": 0.8899082568807339,
        "f1": 0.83399209486166,
        "auroc": 0.9572169861272901
      },
      "precision_at_5": 0.8044560943643513,
      "cluster_ari": -0.0004364560803346393,
      "cluster_nmi": 0.0006776744852477961
    },
    "hard_verb": {
      "n": 215,
      "probe_subj": {
        "accuracy": 0.49767441860465117,
        "f1": 0.38636363636363635,
        "auroc": 0.3517333333333334
      },
      "probe_sent": {
        "accuracy": 0.49767441860465117,
        "f1": 0.39325842696629215,
        "auroc": 0.3303111111111111
      },
      "precision_at_5": 0.8762790697674419,
      "cluster_ari": -0.0032120394359965703,
      "cluster_nmi": 0.0003037115306766008
    },
    "hard_both": {
      "n": 69,
      "probe_subj": {
        "accuracy": 0.15942028985507245,
        "f1": 0.06451612903225806,
        "auroc": 0.03868471953578337
      },
      "probe_sent": {
        "accuracy": 0.21739130434782608,
        "f1": 0.1,
        "auroc": 0.043520309477756286
      },
      "precision_at_5": 0.7246376811594203,
      "cluster_ari": -0.005583201491570618,
      "cluster_nmi": 0.0017199442154628502
    },
    "ambiguous_test": {
      "n": 5000,
      "probe_subj": {
        "accuracy": 0.5772,
        "f1": 0.43746673762639704,
        "auroc": 0.5641982816765465
      },
      "probe_sent": {
        "accuracy": 0.5756,
        "f1": 0.4353379457158063,
        "auroc": 0.5629338145297977
      },
      "precision_at_5": 0.69128,
      "cluster_ari": -1.222693709035996e-05,
      "cluster_nmi": 5.9507559333979643e-05
    },
    "continuation": {
      "n": 794,
      "probe_subj": {
        "accuracy": 0.7758186397984886,
        "f1": 0.7865707434052758,
        "auroc": 0.7929735195360196
      },
      "probe_sent": {
        "accuracy": 0.7795969773299748,
        "f1": 0.7878787878787878,
        "auroc": 0.8032757173382172
      },
      "precision_at_5": 0.7327455919395466,
      "cluster_ari": -0.0011009169644886833,
      "cluster_nmi": 0.00011699017059560003
    },
    "interpolation": {
      "n": 398,
      "probe_subj": {
        "accuracy": 0.7587939698492462,
        "f1": 0.6923076923076923,
        "auroc": 0.7753494623655912
      },
      "probe_sent": {
        "accuracy": 0.7562814070351759,
        "f1": 0.686084142394822,
        "auroc": 0.7961559139784947
      },
      "precision_at_5": 0.7246231155778895,
      "cluster_ari": -0.0008994381987362417,
      "cluster_nmi": 0.0006099966899963374
    },
    "contrastive": {
      "sign_flip_rate": 0.5862068965517241,
      "n_pairs": 29,
      "n_correct": 17
    }
  },
  "B3_learned": {
    "test": {
      "n": 763,
      "probe_subj": {
        "accuracy": 0.8820445609436435,
        "f1": 0.8214285714285714,
        "auroc": 0.95724724285563
      },
      "probe_sent": {
        "accuracy": 0.8964613368283093,
        "f1": 0.8447937131630648,
        "auroc": 0.9590929032843679
      },
      "precision_at_5": 0.8207077326343382,
      "cluster_ari": 2.5231878511897485e-05,
      "cluster_nmi": 0.0007123080024604767
    },
    "hard_verb": {
      "n": 215,
      "probe_subj": {
        "accuracy": 0.46511627906976744,
        "f1": 0.3502824858757062,
        "auroc": 0.3283555555555555
      },
      "probe_sent": {
        "accuracy": 0.48372093023255813,
        "f1": 0.39344262295081966,
        "auroc": 0.3088888888888889
      },
      "precision_at_5": 0.9237209302325582,
      "cluster_ari": -0.004429529775117925,
      "cluster_nmi": 1.2924098003404559e-06
    },
    "hard_both": {
      "n": 69,
      "probe_subj": {
        "accuracy": 0.2028985507246377,
        "f1": 0.03508771929824561,
        "auroc": 0.06866537717601548
      },
      "probe_sent": {
        "accuracy": 0.2318840579710145,
        "f1": 0.07017543859649122,
        "auroc": 0.0657640232108317
      },
      "precision_at_5": 0.8521739130434782,
      "cluster_ari": 3.205936228099448e-05,
      "cluster_nmi": 0.003526013376695813
    },
    "ambiguous_test": {
      "n": 5000,
      "probe_subj": {
        "accuracy": 0.5834,
        "f1": 0.4313404313404313,
        "auroc": 0.5783643475138748
      },
      "probe_sent": {
        "accuracy": 0.584,
        "f1": 0.44206008583690987,
        "auroc": 0.5599182811532435
      },
      "precision_at_5": 0.69616,
      "cluster_ari": 0.0001761867973516601,
      "cluster_nmi": 0.0006212466965257611
    },
    "continuation": {
      "n": 794,
      "probe_subj": {
        "accuracy": 0.7443324937027708,
        "f1": 0.75453446191052,
        "auroc": 0.7769987535612536
      },