{
  "run_id": "20260528_030",
  "k": 10,
  "drift_score": {
    "Static": {
      "0": 0.6461538461538461,
      "1": 0.5724137931034483,
      "2": 0.5757575757575758,
      "3": 0.6608695652173914,
      "4": 0.5407407407407407,
      "5": 0.4896551724137932,
      "6": 0.5148148148148148,
      "7": 0.43043478260869567,
      "8": 0.4103448275862069,
      "9": 0.4166666666666667
    },
    "Additive": {
      "0": 0.8307692307692307,
      "1": 0.7758620689655172,
      "2": 0.7000000000000001,
      "3": 0.7521739130434782,
      "4": 0.562962962962963,
      "5": 0.49310344827586217,
      "6": 0.48518518518518516,
      "7": 0.43043478260869567,
      "8": 0.36551724137931035,
      "9": 0.33999999999999997
    },
    "Joint": {
      "0": 0.8192307692307691,
      "1": 0.7896551724137929,
      "2": 0.7393939393939395,
      "3": 0.7478260869565219,
      "4": 0.5703703703703704,
      "5": 0.48275862068965514,
      "6": 0.47777777777777775,
      "7": 0.4,
      "8": 0.36551724137931035,
      "9": 0.26999999999999996
    },
    "Timeformer": {
      "0": 0.7346153846153846,
      "1": 0.7241379310344827,
      "2": 0.6818181818181818,
      "3": 0.717391304347826,
      "4": 0.5481481481481482,
      "5": 0.43448275862068964,
      "6": 0.43703703703703706,
      "7": 0.3826086956521739,
      "8": 0.31379310344827593,
      "9": 0.33333333333333337
    }
  },
  "drift_score_by_class": {
    "Static": {
      "stable": {
        "0": 0.7956521739130435,
        "1": 0.7866666666666667,
        "2": 0.8499999999999999,
        "3": 0.7956521739130435,
        "4": 0.7791666666666667,
        "5": 0.8275862068965518,
        "6": 0.775,
        "7": 0.8304347826086954,
        "8": 0.725,
        "9": 0.8045454545454546
      },
      "drift": {
        "0": 0.6461538461538461,
        "1": 0.5724137931034483,
        "2": 0.5757575757575758,
        "3": 0.6608695652173914,
        "4": 0.5407407407407407,
        "5": 0.4896551724137932,
        "6": 0.5148148148148148,
        "7": 0.43043478260869567,
        "8": 0.4103448275862069,
        "9": 0.4166666666666667
      },
      "bifurc": {
        "0": 0.8115384615384615,
        "1": 0.7642857142857141,
        "2": 0.7956521739130435,
        "3": 0.7695652173913045,
        "4": 0.7692307692307693,
        "5": 0.5750000000000001,
        "6": 0.5476190476190477,
        "7": 0.523809523809524,
        "8": 0.7000000000000001,
        "9": 0.6375
      }
    },
    "Additive": {
      "stable": {
        "0": 0.8086956521739131,
        "1": 0.8066666666666665,
        "2": 0.8346153846153845,
        "3": 0.7999999999999999,
        "4": 0.7458333333333332,
        "5": 0.7655172413793102,
        "6": 0.725,
        "7": 0.7478260869565219,
        "8": 0.6375000000000001,
        "9": 0.718181818181818
      },
      "drift": {
        "0": 0.8307692307692307,
        "1": 0.7758620689655172,
        "2": 0.7000000000000001,
        "3": 0.7521739130434782,
        "4": 0.562962962962963,
        "5": 0.49310344827586217,
        "6": 0.48518518518518516,
        "7": 0.43043478260869567,
        "8": 0.36551724137931035,
        "9": 0.33999999999999997
      },
      "bifurc": {
        "0": 0.9192307692307692,
        "1": 0.825,
        "2": 0.8521739130434783,
        "3": 0.7347826086956522,
        "4": 0.7538461538461537,
        "5": 0.525,
        "6": 0.48571428571428577,
        "7": 0.4476190476190475,
        "8": 0.5947368421052632,
        "9": 0.5666666666666667
      }
    },
    "Joint": {
      "stable": {
        "0": 0.8521739130434783,
        "1": 0.8366666666666666,
        "2": 0.8,
        "3": 0.7913043478260869,
        "4": 0.6875,
        "5": 0.7965517241379311,
        "6": 0.6857142857142857,
        "7": 0.6565217391304347,
        "8": 0.5375,
        "9": 0.55
      },
      "drift": {
        "0": 0.8192307692307691,
        "1": 0.7896551724137929,
        "2": 0.7393939393939395,
        "3": 0.7478260869565219,
        "4": 0.5703703703703704,
        "5": 0.48275862068965514,
        "6": 0.47777777777777775,
        "7": 0.4,
        "8": 0.36551724137931035,
        "9": 0.26999999999999996
      },
      "bifurc": {
        "0": 0.8576923076923075,
        "1": 0.8714285714285712,
        "2": 0.8217391304347825,
        "3": 0.7565217391304349,
        "4": 0.769230769230769,
        "5": 0.5791666666666666,
        "6": 0.5619047619047619,
        "7": 0.5238095238095237,
        "8": 0.5473684210526317,
        "9": 0.48750000000000004
      }
    },
    "Timeformer": {
      "stable": {
        "0": 0.7869565217391303,
        "1": 0.7999999999999999,
        "2": 0.8307692307692307,
        "3": 0.8739130434782609,
        "4": 0.75,
        "5": 0.7620689655172413,
        "6": 0.6,
        "7": 0.6478260869565218,
        "8": 0.6208333333333333,
        "9": 0.6181818181818182
      },
      "drift": {
        "0": 0.7346153846153846,
        "1": 0.7241379310344827,
        "2": 0.6818181818181818,
        "3": 0.717391304347826,
        "4": 0.5481481481481482,
        "5": 0.43448275862068964,
        "6": 0.43703703703703706,
        "7": 0.3826086956521739,
        "8": 0.31379310344827593,
        "9": 0.33333333333333337
      },
      "bifurc": {
        "0": 0.7884615384615384,
        "1": 0.8142857142857143,
        "2": 0.7521739130434781,
        "3": 0.7521739130434782,
        "4": 0.7115384615384616,
        "5": 0.6625000000000001,
        "6": 0.6571428571428571,
        "7": 0.5095238095238096,
        "8": 0.5,
        "9": 0.5416666666666666
      }
    }
  },
  "trajectory_dist": {
    "Static": {
      "stable": {
        "0": -1.0570100161810813e-08,
        "1": 0.040596664060859024,
        "2": 0.012293536569911523,
        "3": 0.01580211606917591,
        "4": 0.03618399052905776,
        "5": 0.015882109509804898,
        "6": 0.02281095220470696,
        "7": 0.010656650082316643,
        "8": 0.01295224585421426,
        "9": 0.01855421083244192
      },
      "drift": {
        "0": 1.2229723234113977e-09,
        "1": 0.015137000885769447,
        "2": 0.028179866686208966,
        "3": 0.04949291934244425,
        "4": 0.0752030217639654,
        "5": 0.030740221102691943,
        "6": 0.03714706076802822,
        "7": 0.02149096754060157,
        "8": 0.015392906383497218,
        "9": 0.0140297673702925
      },
      "bifurc": {
        "0": 2.340702374148407e-08,
        "1": 0.02481870412014736,
        "2": 0.05404457932109939,
        "3": 0.047063481985439685,
        "4": 0.03740991436298642,
        "5": 0.026457302947287265,
        "6": 0.07499058899600541,
        "7": 0.04116348978783155,
        "8": 0.04549126712160588,
        "9": 0.05108640813039187
      }
    },
    "Additive": {
      "stable": {
        "0": 4.520864498314125e-08,
        "1": 0.4586753853011422,
        "2": 0.22846037861177182,
        "3": 0.4102689314620879,
        "4": 0.6020615730414133,
        "5": 0.45478180377704513,
        "6": 0.5285797286472361,
        "7": 0.4338317078536694,
        "8": 0.5876284913714368,
        "9": 0.5760445160826281
      },
      "drift": {
        "0": 4.708397782771101e-09,
        "1": 0.2911511053814897,
        "2": 0.34260504711061385,
        "3": 0.4161768529137747,
        "4": 0.48843528477318116,
        "5": 0.43006604235062335,
        "6": 0.49937269514205057,
        "7": 0.6397409297171446,
        "8": 0.49388273720999987,
        "9": 0.6552828709334654
      },
      "bifurc": {
        "0": -1.7058298862338007e-08,
        "1": 0.1372684544468701,
        "2": 0.23612551445934876,
        "3": 0.37813321788830556,
        "4": 0.30015404573094423,
        "5": 0.5303349195100722,
        "6": 0.6251851097120621,
        "7": 0.6522783370597863,
        "8": 0.6516865702998744,
        "9": 0.6335272652504498
      }
    },
    "Joint": {
      "stable": {
        "0": -2.7983438410927874e-08,
        "1": 0.4250841247711327,