{
  "Static": {
    "test": {
      "n": 763,
      "probe_subj": {
        "accuracy": 0.8833551769331586,
        "f1": 0.8291746641074856,
        "auroc": 0.9512148076428495
      },
      "probe_sent": {
        "accuracy": 0.8872870249017037,
        "f1": 0.8326848249027238,
        "auroc": 0.9535445757250269
      },
      "precision_at_5": 0.838007863695937,
      "cluster_ari": -0.021385447653255313,
      "cluster_nmi": 0.006240568891329942
    },
    "hard_verb": {
      "n": 215,
      "probe_subj": {
        "accuracy": 0.5116279069767442,
        "f1": 0.4198895027624309,
        "auroc": 0.3208
      },
      "probe_sent": {
        "accuracy": 0.48372093023255813,
        "f1": 0.3867403314917127,
        "auroc": 0.3095111111111111
      },
      "precision_at_5": 0.8446511627906976,
      "cluster_ari": -0.012196419160344836,
      "cluster_nmi": 0.00803736106150002
    },
    "hard_both": {
      "n": 69,
      "probe_subj": {
        "accuracy": 0.2608695652173913,
        "f1": 0.0,
        "auroc": 0.013539651837524178
      },
      "probe_sent": {
        "accuracy": 0.2753623188405797,
        "f1": 0.0,
        "auroc": 0.021276595744680847
      },
      "precision_at_5": 0.6956521739130435,
      "cluster_ari": 0.091577210484391,
      "cluster_nmi": 0.05295504017532801
    },
    "ambiguous_test": {
      "n": 5000,
      "probe_subj": {
        "accuracy": 0.5522,
        "f1": 0.3917413746264602,
        "auroc": 0.532600321540604
      },
      "probe_sent": {
        "accuracy": 0.5562,
        "f1": 0.39222130923034787,
        "auroc": 0.5304110799229
      },
      "precision_at_5": 0.63464,
      "cluster_ari": 0.0036051601688618516,
      "cluster_nmi": 0.00010857911002357844
    },
    "continuation": {
      "n": 794,
      "probe_subj": {
        "accuracy": 0.7329974811083123,
        "f1": 0.7188328912466844,
        "auroc": 0.7751386345136345
      },
      "probe_sent": {
        "accuracy": 0.743073047858942,
        "f1": 0.7294429708222812,
        "auroc": 0.779132326007326
      },
      "precision_at_5": 0.7534005037783376,
      "cluster_ari": -0.0004090786877220855,
      "cluster_nmi": 8.330011067638024e-06
    },
    "interpolation": {
      "n": 398,
      "probe_subj": {
        "accuracy": 0.7713567839195979,
        "f1": 0.7035830618892508,
        "auroc": 0.7753091397849462
      },
      "probe_sent": {
        "accuracy": 0.7814070351758794,
        "f1": 0.7147540983606557,
        "auroc": 0.788481182795699
      },
      "precision_at_5": 0.7316582914572864,
      "cluster_ari": -0.0078982534501572,
      "cluster_nmi": 0.0007595918742829937
    },
    "contrastive": {
      "sign_flip_rate": 0.0,
      "n_pairs": 29,
      "n_correct": 0
    }
  },
  "Additive": {
    "test": {
      "n": 763,
      "probe_subj": {
        "accuracy": 0.8964613368283093,
        "f1": 0.8466019417475729,
        "auroc": 0.958192765616254
      },
      "probe_sent": {
        "accuracy": 0.8925294888597641,
        "f1": 0.83984375,
        "auroc": 0.9582835358012738
      },
      "precision_at_5": 0.8419397116644823,
      "cluster_ari": -0.00028387159966253484,
      "cluster_nmi": 0.0007666722947141931
    },
    "hard_verb": {
      "n": 215,
      "probe_subj": {
        "accuracy": 0.5162790697674419,
        "f1": 0.42857142857142855,
        "auroc": 0.33528888888888886
      },
      "probe_sent": {
        "accuracy": 0.5116279069767442,
        "f1": 0.4198895027624309,
        "auroc": 0.3288
      },
      "precision_at_5": 0.958139534883721,
      "cluster_ari": -0.0032120394359965703,
      "cluster_nmi": 0.0003037115306766008
    },
    "hard_both": {
      "n": 69,
      "probe_subj": {
        "accuracy": 0.15942028985507245,
        "f1": 0.0,
        "auroc": 0.025145067698259183
      },
      "probe_sent": {
        "accuracy": 0.2028985507246377,
        "f1": 0.0,
        "auroc": 0.01063829787234042
      },
      "precision_at_5": 0.8782608695652174,
      "cluster_ari": -0.005583201491570618,
      "cluster_nmi": 0.0017199442154628502
    },
    "ambiguous_test": {
      "n": 5000,
      "probe_subj": {
        "accuracy": 0.5592,
        "f1": 0.4110101549973276,
        "auroc": 0.5666109264206949
      },
      "probe_sent": {
        "accuracy": 0.5612,
        "f1": 0.4130551096843232,
        "auroc": 0.5650188498091397
      },
      "precision_at_5": 0.67444,
      "cluster_ari": -8.362876813902062e-06,
      "cluster_nmi": 7.657921701238712e-05
    },
    "continuation": {
      "n": 794,
      "probe_subj": {
        "accuracy": 0.7720403022670025,
        "f1": 0.7773677736777368,
        "auroc": 0.7923153235653236
      },
      "probe_sent": {
        "accuracy": 0.7657430730478589,
        "f1": 0.7698019801980198,
        "auroc": 0.7873422873422874
      },
      "precision_at_5": 0.6967254408060454,
      "cluster_ari": -0.0011009169644886833,
      "cluster_nmi": 0.00011699017059560003
    },
    "interpolation": {
      "n": 398,
      "probe_subj": {
        "accuracy": 0.7562814070351759,
        "f1": 0.692063492063492,
        "auroc": 0.7904704301075269
      },
      "probe_sent": {
        "accuracy": 0.7537688442211056,
        "f1": 0.689873417721519,
        "auroc": 0.7820430107526881
      },
      "precision_at_5": 0.7035175879396985,
      "cluster_ari": -0.0017501178010436178,
      "cluster_nmi": 0.00013006289651555484
    },
    "contrastive": {
      "sign_flip_rate": 0.41379310344827586,
      "n_pairs": 29,
      "n_correct": 12
    }
  },
  "Joint": {
    "test": {
      "n": 763,
      "probe_subj": {
        "accuracy": 0.8610747051114024,
        "f1": 0.7896825396825397,
        "auroc": 0.9315214595845751
      },
      "probe_sent": {
        "accuracy": 0.8794233289646134,
        "f1": 0.8203125,
        "auroc": 0.9407951468207744
      },
      "precision_at_5": 0.7554390563564876,
      "cluster_ari": -0.00028387159966253484,
      "cluster_nmi": 0.0007666722947141931
    },
    "hard_verb": {
      "n": 215,
      "probe_subj": {
        "accuracy": 0.5534883720930233,
        "f1": 0.45454545454545453,
        "auroc": 0.4816888888888889
      },
      "probe_sent": {
        "accuracy": 0.5162790697674419,
        "f1": 0.4157303370786517,
        "auroc": 0.4413333333333333
      },
      "precision_at_5": 0.866046511627907,
      "cluster_ari": -0.0032120394359965703,
      "cluster_nmi": 0.0003037115306766008
    },
    "hard_both": {
      "n": 69,
      "probe_subj": {
        "accuracy": 0.21739130434782608,
        "f1": 0.06896551724137931,
        "auroc": 0.04642166344294003
      },
      "probe_sent": {
        "accuracy": 0.2028985507246377,
        "f1": 0.06779661016949153,
        "auroc": 0.05802707930367504
      },
      "precision_at_5": 0.744927536231884,
      "cluster_ari": -0.005583201491570618,
      "cluster_nmi": 0.0017199442154628502
    },
    "ambiguous_test": {
      "n": 5000,
      "probe_subj": {
        "accuracy": 0.5824,
        "f1": 0.4353704705246079,
        "auroc": 0.594234509505217
      },
      "probe_sent": {
        "accuracy": 0.579,
        "f1": 0.43246157994068485,
        "auroc": 0.5823597111949042
      },
      "precision_at_5": 0.68092,
      "cluster_ari": -8.362876813902062e-06,
      "cluster_nmi": 7.657921701238712e-05
    },
    "continuation": {
      "n": 794,
      "probe_subj": {
        "accuracy": 0.7670025188916877,
        "f1": 0.7800237812128419,
        "auroc": 0.7833994708994709
      },
      "probe_sent": {
        "accuracy": 0.7556675062972292,
        "f1": 0.7728337236533958,
        "auroc": 0.7747475325600325
      },
      "precision_at_5": 0.7095717884130982,
      "cluster_ari": -0.0011009169644886833,
      "cluster_nmi": 0.00011699017059560003
    },
    "interpolation": {
      "n": 398,
      "probe_subj": {
        "accuracy": 0.7613065326633166,
        "f1": 0.6905537459283387,