{
  "B1": {
    "test": {
      "n": 763,
      "probe_subj": {
        "accuracy": 0.8846657929226737,
        "f1": 0.8267716535433071,
        "auroc": 0.9448760230556269
      },
      "probe_sent": {
        "accuracy": 0.8820445609436435,
        "f1": 0.8295454545454546,
        "auroc": 0.9517480824798414
      },
      "precision_at_5": 0.8251638269986894,
      "cluster_ari": 0.0041629353031021705,
      "cluster_nmi": 0.0003468725586086707
    },
    "hard_verb": {
      "n": 215,
      "probe_subj": {
        "accuracy": 0.5116279069767442,
        "f1": 0.36363636363636365,
        "auroc": 0.4112888888888889
      },
      "probe_sent": {
        "accuracy": 0.4930232558139535,
        "f1": 0.37714285714285717,
        "auroc": 0.37093333333333334
      },
      "precision_at_5": 0.9097674418604651,
      "cluster_ari": 0.10042921310702504,
      "cluster_nmi": 0.0674488076692287
    },
    "hard_both": {
      "n": 69,
      "probe_subj": {
        "accuracy": 0.2898550724637681,
        "f1": 0.0,
        "auroc": 0.061895551257253385
      },
      "probe_sent": {
        "accuracy": 0.15942028985507245,
        "f1": 0.0,
        "auroc": 0.009671179883945846
      },
      "precision_at_5": 0.7507246376811594,
      "cluster_ari": -0.022029870067111736,
      "cluster_nmi": 0.013019746264479487
    },
    "ambiguous_test": {
      "n": 5000,
      "probe_subj": {
        "accuracy": 0.5712,
        "f1": 0.3767441860465116,
        "auroc": 0.5515264456971414
      },
      "probe_sent": {
        "accuracy": 0.5488,
        "f1": 0.38994050838290967,
        "auroc": 0.5412889679011772
      },
      "precision_at_5": 0.6354,
      "cluster_ari": 0.012589864629751358,
      "cluster_nmi": 0.0015152460168557438
    },
    "continuation": {
      "n": 794,
      "probe_subj": {
        "accuracy": 0.7317380352644837,
        "f1": 0.7070151306740028,
        "auroc": 0.7985983923483922
      },
      "probe_sent": {
        "accuracy": 0.7468513853904282,
        "f1": 0.7365661861074705,
        "auroc": 0.7985284391534391
      },
      "precision_at_5": 0.7327455919395466,
      "cluster_ari": 0.008721277690661276,
      "cluster_nmi": 0.013966005146816306
    },
    "interpolation": {
      "n": 398,
      "probe_subj": {
        "accuracy": 0.7688442211055276,
        "f1": 0.684931506849315,
        "auroc": 0.8055510752688172
      },
      "probe_sent": {
        "accuracy": 0.7587939698492462,
        "f1": 0.6883116883116883,
        "auroc": 0.7888575268817204
      },
      "precision_at_5": 0.7201005025125629,
      "cluster_ari": 0.04334871288919084,
      "cluster_nmi": 0.017434910069439178
    },
    "contrastive": {
      "sign_flip_rate": 0.0,
      "n_pairs": 29,
      "n_correct": 0
    }
  },
  "B2a": {
    "test": {
      "n": 763,
      "probe_subj": {
        "accuracy": 0.8925294888597641,
        "f1": 0.8410852713178295,
        "auroc": 0.9588584136397331
      },
      "probe_sent": {
        "accuracy": 0.8820445609436435,
        "f1": 0.8255813953488372,
        "auroc": 0.9559083826265865
      },
      "precision_at_5": 0.8131061598951507,
      "cluster_ari": -0.00028387159966253484,
      "cluster_nmi": 0.0007666722947141931
    },
    "hard_verb": {
      "n": 215,
      "probe_subj": {
        "accuracy": 0.5116279069767442,
        "f1": 0.4198895027624309,
        "auroc": 0.3436444444444444
      },
      "probe_sent": {
        "accuracy": 0.5023255813953489,
        "f1": 0.4088397790055249,
        "auroc": 0.33475555555555553
      },
      "precision_at_5": 0.9395348837209302,
      "cluster_ari": -0.0032120394359965703,
      "cluster_nmi": 0.0003037115306766008
    },
    "hard_both": {
      "n": 69,
      "probe_subj": {
        "accuracy": 0.10144927536231885,
        "f1": 0.0,
        "auroc": 0.018375241779497106
      },
      "probe_sent": {
        "accuracy": 0.10144927536231885,
        "f1": 0.0,
        "auroc": 0.020309477756286255
      },
      "precision_at_5": 0.9043478260869565,
      "cluster_ari": -0.005583201491570618,
      "cluster_nmi": 0.0017199442154628502
    },
    "ambiguous_test": {
      "n": 5000,
      "probe_subj": {
        "accuracy": 0.5596,
        "f1": 0.41217298451681794,
        "auroc": 0.5636919678808265
      },
      "probe_sent": {
        "accuracy": 0.559,
        "f1": 0.411214953271028,
        "auroc": 0.55985822850315
      },
      "precision_at_5": 0.68908,
      "cluster_ari": -8.362876813902062e-06,
      "cluster_nmi": 7.657921701238712e-05
    },
    "continuation": {
      "n": 794,
      "probe_subj": {
        "accuracy": 0.7670025188916877,
        "f1": 0.7752126366950183,
        "auroc": 0.7936889499389499
      },
      "probe_sent": {
        "accuracy": 0.7644836272040302,
        "f1": 0.7738814993954051,
        "auroc": 0.7862993487993488
      },
      "precision_at_5": 0.7350125944584383,
      "cluster_ari": -0.0011009169644886833,
      "cluster_nmi": 0.00011699017059560003
    },
    "interpolation": {
      "n": 398,
      "probe_subj": {
        "accuracy": 0.7537688442211056,
        "f1": 0.689873417721519,
        "auroc": 0.7834811827956989
      },
      "probe_sent": {
        "accuracy": 0.7487437185929648,
        "f1": 0.6835443037974683,
        "auroc": 0.7817876344086021
      },
      "precision_at_5": 0.7266331658291457,
      "cluster_ari": -0.0017501178010436178,
      "cluster_nmi": 0.00013006289651555484
    },
    "contrastive": {
      "sign_flip_rate": 0.4482758620689655,
      "n_pairs": 29,
      "n_correct": 13
    }
  },
  "B2b": {
    "test": {
      "n": 763,
      "probe_subj": {
        "accuracy": 0.8859764089121888,
        "f1": 0.827037773359841,
        "auroc": 0.9542064416574636
      },
      "probe_sent": {
        "accuracy": 0.8846657929226737,
        "f1": 0.8260869565217391,
        "auroc": 0.9539492594665737
      },
      "precision_at_5": 0.8107470511140236,
      "cluster_ari": -0.00028387159966253484,
      "cluster_nmi": 0.0007666722947141931
    },
    "hard_verb": {
      "n": 215,
      "probe_subj": {
        "accuracy": 0.4930232558139535,
        "f1": 0.384180790960452,
        "auroc": 0.3823111111111111
      },
      "probe_sent": {
        "accuracy": 0.5534883720930233,
        "f1": 0.4666666666666667,
        "auroc": 0.36853333333333327
      },
      "precision_at_5": 0.8865116279069768,
      "cluster_ari": -0.0032120394359965703,
      "cluster_nmi": 0.0003037115306766008
    },
    "hard_both": {
      "n": 69,
      "probe_subj": {
        "accuracy": 0.2318840579710145,
        "f1": 0.0,
        "auroc": 0.045454545454545456
      },
      "probe_sent": {
        "accuracy": 0.2028985507246377,
        "f1": 0.03508771929824561,
        "auroc": 0.039651837524177946
      },
      "precision_at_5": 0.7333333333333333,
      "cluster_ari": -0.005583201491570618,
      "cluster_nmi": 0.0017199442154628502
    },
    "ambiguous_test": {
      "n": 5000,
      "probe_subj": {
        "accuracy": 0.5798,
        "f1": 0.42705208617398416,
        "auroc": 0.5767479227779247
      },
      "probe_sent": {
        "accuracy": 0.5814,
        "f1": 0.42610364683301344,
        "auroc": 0.5796059201555954
      },
      "precision_at_5": 0.68964,
      "cluster_ari": -8.362876813902062e-06,
      "cluster_nmi": 7.657921701238712e-05
    },
    "continuation": {
      "n": 794,
      "probe_subj": {
        "accuracy": 0.7846347607052897,
        "f1": 0.7896678966789668,
        "auroc": 0.8040261243386244
      },
      "probe_sent": {
        "accuracy": 0.7846347607052897,
        "f1": 0.7912087912087912,
        "auroc": 0.8073202838827839
      },
      "precision_at_5": 0.7448362720403022,
      "cluster_ari": -0.0011009169644886833,
      "cluster_nmi": 0.00011699017059560003
    },
    "interpolation": {
      "n": 398,
      "probe_subj": {
        "accuracy": 0.7512562814070352,
        "f1": 0.6876971608832808,