{
  "run_id": "20260528_018",
  "k": 10,
  "drift_score": {
    "Static": {
      "0": 0.6692307692307692,
      "1": 0.6241379310344828,
      "2": 0.5818181818181818,
      "3": 0.6565217391304349,
      "4": 0.5814814814814815,
      "5": 0.46896551724137936,
      "6": 0.5074074074074074,
      "7": 0.4434782608695652,
      "8": 0.3862068965517242,
      "9": 0.3733333333333333
    },
    "Additive": {
      "0": 0.8307692307692308,
      "1": 0.789655172413793,
      "2": 0.7151515151515152,
      "3": 0.7391304347826086,
      "4": 0.5666666666666667,
      "5": 0.4482758620689655,
      "6": 0.4444444444444444,
      "7": 0.3565217391304348,
      "8": 0.2827586206896551,
      "9": 0.22999999999999998
    },
    "Joint": {
      "0": 0.8192307692307692,
      "1": 0.7931034482758621,
      "2": 0.7272727272727274,
      "3": 0.7565217391304347,
      "4": 0.5666666666666668,
      "5": 0.4517241379310346,
      "6": 0.4777777777777778,
      "7": 0.30434782608695654,
      "8": 0.2896551724137932,
      "9": 0.24666666666666667
    },
    "Timeformer": {
      "0": 0.8576923076923075,
      "1": 0.7724137931034482,
      "2": 0.703030303030303,
      "3": 0.7521739130434782,
      "4": 0.5962962962962963,
      "5": 0.47241379310344833,
      "6": 0.44074074074074077,
      "7": 0.36086956521739133,
      "8": 0.32068965517241377,
      "9": 0.26999999999999996
    }
  },
  "drift_score_by_class": {
    "Static": {
      "stable": {
        "0": 0.7000000000000001,
        "1": 0.7699999999999998,
        "2": 0.8423076923076922,
        "3": 0.773913043478261,
        "4": 0.75,
        "5": 0.8344827586206897,
        "6": 0.7928571428571429,
        "7": 0.8304347826086955,
        "8": 0.6458333333333334,
        "9": 0.7545454545454546
      },
      "drift": {
        "0": 0.6692307692307692,
        "1": 0.6241379310344828,
        "2": 0.5818181818181818,
        "3": 0.6565217391304349,
        "4": 0.5814814814814815,
        "5": 0.46896551724137936,
        "6": 0.5074074074074074,
        "7": 0.4434782608695652,
        "8": 0.3862068965517242,
        "9": 0.3733333333333333
      },
      "bifurc": {
        "0": 0.7884615384615384,
        "1": 0.7214285714285715,
        "2": 0.7478260869565218,
        "3": 0.7086956521739131,
        "4": 0.7192307692307692,
        "5": 0.5333333333333333,
        "6": 0.5761904761904763,
        "7": 0.5142857142857143,
        "8": 0.6684210526315789,
        "9": 0.5916666666666667
      }
    },
    "Additive": {
      "stable": {
        "0": 0.8956521739130434,
        "1": 0.8333333333333334,
        "2": 0.8692307692307693,
        "3": 0.8391304347826086,
        "4": 0.7541666666666668,
        "5": 0.8275862068965516,
        "6": 0.7535714285714287,
        "7": 0.7217391304347827,
        "8": 0.6541666666666667,
        "9": 0.6227272727272728
      },
      "drift": {
        "0": 0.8307692307692308,
        "1": 0.789655172413793,
        "2": 0.7151515151515152,
        "3": 0.7391304347826086,
        "4": 0.5666666666666667,
        "5": 0.4482758620689655,
        "6": 0.4444444444444444,
        "7": 0.3565217391304348,
        "8": 0.2827586206896551,
        "9": 0.22999999999999998
      },
      "bifurc": {
        "0": 0.926923076923077,
        "1": 0.8142857142857142,
        "2": 0.8304347826086955,
        "3": 0.7869565217391304,
        "4": 0.7769230769230767,
        "5": 0.5499999999999999,
        "6": 0.4666666666666666,
        "7": 0.43809523809523815,
        "8": 0.5842105263157894,
        "9": 0.5291666666666667
      }
    },
    "Joint": {
      "stable": {
        "0": 0.8608695652173912,
        "1": 0.8266666666666665,
        "2": 0.8423076923076922,
        "3": 0.8347826086956521,
        "4": 0.7749999999999999,
        "5": 0.796551724137931,
        "6": 0.7499999999999999,
        "7": 0.6869565217391305,
        "8": 0.6458333333333334,
        "9": 0.6590909090909091
      },
      "drift": {
        "0": 0.8192307692307692,
        "1": 0.7931034482758621,
        "2": 0.7272727272727274,
        "3": 0.7565217391304347,
        "4": 0.5666666666666668,
        "5": 0.4517241379310346,
        "6": 0.4777777777777778,
        "7": 0.30434782608695654,
        "8": 0.2896551724137932,
        "9": 0.24666666666666667
      },
      "bifurc": {
        "0": 0.9115384615384614,
        "1": 0.8499999999999999,
        "2": 0.7999999999999998,
        "3": 0.7565217391304349,
        "4": 0.7384615384615384,
        "5": 0.5625,
        "6": 0.46190476190476193,
        "7": 0.5,
        "8": 0.5421052631578949,
        "9": 0.5
      }
    },
    "Timeformer": {
      "stable": {
        "0": 0.8565217391304347,
        "1": 0.7866666666666666,
        "2": 0.8461538461538461,
        "3": 0.7956521739130433,
        "4": 0.7583333333333333,
        "5": 0.8275862068965516,
        "6": 0.7142857142857143,
        "7": 0.7608695652173914,
        "8": 0.6916666666666668,
        "9": 0.6727272727272728
      },
      "drift": {
        "0": 0.8576923076923075,
        "1": 0.7724137931034482,
        "2": 0.703030303030303,
        "3": 0.7521739130434782,
        "4": 0.5962962962962963,
        "5": 0.47241379310344833,
        "6": 0.44074074074074077,
        "7": 0.36086956521739133,
        "8": 0.32068965517241377,
        "9": 0.26999999999999996
      },
      "bifurc": {
        "0": 0.9076923076923078,
        "1": 0.8428571428571429,
        "2": 0.8782608695652173,
        "3": 0.7608695652173914,
        "4": 0.7307692307692307,
        "5": 0.5499999999999999,
        "6": 0.419047619047619,
        "7": 0.41428571428571426,
        "8": 0.5736842105263158,
        "9": 0.5583333333333332
      }
    }
  },
  "trajectory_dist": {
    "Static": {
      "stable": {
        "0": -2.7012461800701716e-08,
        "1": 0.2796619877730877,
        "2": 0.12680315846186935,
        "3": 0.33014633171932245,
        "4": 0.34976382651849186,
        "5": 0.3177007707736573,
        "6": 0.2829701405508597,
        "7": 0.184518606769094,
        "8": 0.17904284777376622,
        "9": 0.24119194878433295
      },
      "drift": {
        "0": 8.749252400352958e-09,
        "1": 0.15939947677597793,
        "2": 0.23202610783741123,
        "3": 0.2753982058768147,
        "4": 0.3286011803030099,
        "5": 0.1432615955682585,
        "6": 0.23507768907304055,
        "7": 0.3500753405147388,
        "8": 0.20145405014767723,
        "9": 0.2411667405901619
      },
      "bifurc": {
        "0": -6.222441784053956e-10,
        "1": 0.08629101610844847,
        "2": 0.12805661017008285,
        "3": 0.2574024179812444,
        "4": 0.14939141751139182,
        "5": 0.27891112520042577,
        "6": 0.27782825719233956,
        "7": 0.3743663838336675,
        "8": 0.2637162757178861,
        "9": 0.31269308599839485
      }
    },
    "Additive": {
      "stable": {
        "0": -3.756972285495763e-08,
        "1": 0.44867748847827704,
        "2": 0.20668040027312853,
        "3": 0.4467912491667,
        "4": 0.6444837372899759,
        "5": 0.4790751783891663,
        "6": 0.5860986786306551,
        "7": 0.4563154347077993,
        "8": 0.6206051583952237,
        "9": 0.6417447205878802
      },
      "drift": {
        "0": -2.162565493346591e-09,
        "1": 0.2916582753425443,
        "2": 0.3564923220116894,
        "3": 0.4443331098151756,
        "4": 0.5195232808772491,
        "5": 0.4216247787598542,
        "6": 0.4935634689808128,
        "7": 0.6617594936244366,
        "8": 0.5029401118765146,
        "9": 0.6439333922421889
      },
      "bifurc": {
        "0": 1.5579847301161465e-09,
        "1": 0.15148949660648223,
        "2": 0.22929761568614274,
        "3": 0.3785866226084995,
        "4": 0.3047129636491803,
        "5": 0.519963502893889,
        "6": 0.5921141603389101,
        "7": 0.6974733911824679,
        "8": 0.6207605618620885,
        "9": 0.6398848207868484
      }
    },