{
  "Static": {
    "test": {
      "n": 763,
      "probe_subj": {
        "accuracy": 0.8951507208387942,
        "f1": 0.8443579766536965,
        "auroc": 0.952186805040771
      },
      "probe_sent": {
        "accuracy": 0.891218872870249,
        "f1": 0.839458413926499,
        "auroc": 0.9500650519659309
      },
      "precision_at_5": 0.8104849279161206,
      "cluster_ari": -0.0013983310528284366,
      "cluster_nmi": 0.0007664658388766222
    },
    "hard_verb": {
      "n": 215,
      "probe_subj": {
        "accuracy": 0.5302325581395348,
        "f1": 0.39520958083832336,
        "auroc": 0.3758222222222222
      },
      "probe_sent": {
        "accuracy": 0.5302325581395348,
        "f1": 0.39520958083832336,
        "auroc": 0.3858666666666667
      },
      "precision_at_5": 0.8995348837209303,
      "cluster_ari": 0.00029652053724971703,
      "cluster_nmi": 0.003114915703966962
    },
    "hard_both": {
      "n": 69,
      "probe_subj": {
        "accuracy": 0.30434782608695654,
        "f1": 0.0,
        "auroc": 0.03481624758220503
      },
      "probe_sent": {
        "accuracy": 0.2608695652173913,
        "f1": 0.0,
        "auroc": 0.03868471953578336
      },
      "precision_at_5": 0.7884057971014493,
      "cluster_ari": 0.012578972347160478,
      "cluster_nmi": 0.018111074021593877
    },
    "ambiguous_test": {
      "n": 5000,
      "probe_subj": {
        "accuracy": 0.5722,
        "f1": 0.39111870196413323,
        "auroc": 0.5462551676168492
      },
      "probe_sent": {
        "accuracy": 0.5628,
        "f1": 0.38178733031674206,
        "auroc": 0.5488853101587643
      },
      "precision_at_5": 0.63564,
      "cluster_ari": -0.000498168798835716,
      "cluster_nmi": 4.618674540734614e-05
    },
    "continuation": {
      "n": 794,
      "probe_subj": {
        "accuracy": 0.7380352644836272,
        "f1": 0.7219251336898396,
        "auroc": 0.784385175010175
      },
      "probe_sent": {
        "accuracy": 0.7405541561712846,
        "f1": 0.7238605898123325,
        "auroc": 0.7857842389092389
      },
      "precision_at_5": 0.7327455919395466,
      "cluster_ari": -0.0008569316502378836,
      "cluster_nmi": 0.00021658686983705544
    },
    "interpolation": {
      "n": 398,
      "probe_subj": {
        "accuracy": 0.7788944723618091,
        "f1": 0.7086092715231788,
        "auroc": 0.8109005376344086
      },
      "probe_sent": {
        "accuracy": 0.7688442211055276,
        "f1": 0.695364238410596,
        "auroc": 0.8060618279569892
      },
      "precision_at_5": 0.700502512562814,
      "cluster_ari": 0.00013580119187643698,
      "cluster_nmi": 0.0016126659559072012
    },
    "contrastive": {
      "sign_flip_rate": 0.0,
      "n_pairs": 29,
      "n_correct": 0
    }
  },
  "Additive": {
    "test": {
      "n": 763,
      "probe_subj": {
        "accuracy": 0.9003931847968545,
        "f1": 0.8503937007874016,
        "auroc": 0.9608629218922558
      },
      "probe_sent": {
        "accuracy": 0.8977719528178244,
        "f1": 0.8488372093023255,
        "auroc": 0.9592744436544076
      },
      "precision_at_5": 0.8301441677588467,
      "cluster_ari": -0.00028387159966253484,
      "cluster_nmi": 0.0007666722947141931
    },
    "hard_verb": {
      "n": 215,
      "probe_subj": {
        "accuracy": 0.4883720930232558,
        "f1": 0.367816091954023,
        "auroc": 0.34737777777777784
      },
      "probe_sent": {
        "accuracy": 0.4883720930232558,
        "f1": 0.367816091954023,
        "auroc": 0.35671111111111115
      },
      "precision_at_5": 0.8902325581395348,
      "cluster_ari": -0.0032120394359965703,
      "cluster_nmi": 0.0003037115306766008
    },
    "hard_both": {
      "n": 69,
      "probe_subj": {
        "accuracy": 0.2753623188405797,
        "f1": 0.07407407407407407,
        "auroc": 0.058027079303675046
      },
      "probe_sent": {
        "accuracy": 0.3188405797101449,
        "f1": 0.0784313725490196,
        "auroc": 0.06382978723404256
      },
      "precision_at_5": 0.8057971014492754,
      "cluster_ari": -0.005583201491570618,
      "cluster_nmi": 0.0017199442154628502
    },
    "ambiguous_test": {
      "n": 5000,
      "probe_subj": {
        "accuracy": 0.588,
        "f1": 0.4315673289183223,
        "auroc": 0.5756036517825734
      },
      "probe_sent": {
        "accuracy": 0.5842,
        "f1": 0.4252142659662704,
        "auroc": 0.5773657110088409
      },
      "precision_at_5": 0.69176,
      "cluster_ari": -8.362876813902062e-06,
      "cluster_nmi": 7.657921701238712e-05
    },
    "continuation": {
      "n": 794,
      "probe_subj": {
        "accuracy": 0.7707808564231738,
        "f1": 0.7785888077858881,
        "auroc": 0.7852754884004883
      },
      "probe_sent": {
        "accuracy": 0.7657430730478589,
        "f1": 0.7764423076923077,
        "auroc": 0.7943185286935287
      },
      "precision_at_5": 0.6972292191435768,
      "cluster_ari": -0.0011009169644886833,
      "cluster_nmi": 0.00011699017059560003
    },
    "interpolation": {
      "n": 398,
      "probe_subj": {
        "accuracy": 0.7613065326633166,
        "f1": 0.6964856230031949,
        "auroc": 0.7982930107526882
      },
      "probe_sent": {
        "accuracy": 0.7587939698492462,
        "f1": 0.6883116883116883,
        "auroc": 0.7905241935483872
      },
      "precision_at_5": 0.6864321608040201,
      "cluster_ari": -0.0017501178010436178,
      "cluster_nmi": 0.00013006289651555484
    },
    "contrastive": {
      "sign_flip_rate": 0.6206896551724138,
      "n_pairs": 29,
      "n_correct": 18
    }
  },
  "Joint": {
    "test": {
      "n": 763,
      "probe_subj": {
        "accuracy": 0.8453473132372215,
        "f1": 0.7704280155642024,
        "auroc": 0.9220359752499963
      },
      "probe_sent": {
        "accuracy": 0.8768020969855832,
        "f1": 0.8185328185328186,
        "auroc": 0.9382914025506421
      },
      "precision_at_5": 0.7528178243774574,
      "cluster_ari": -0.0005765281648101116,
      "cluster_nmi": 0.0005941735792973331
    },
    "hard_verb": {
      "n": 215,
      "probe_subj": {
        "accuracy": 0.6790697674418604,
        "f1": 0.5868263473053892,
        "auroc": 0.5456888888888889
      },
      "probe_sent": {
        "accuracy": 0.5813953488372093,
        "f1": 0.4578313253012048,
        "auroc": 0.4525333333333333
      },
      "precision_at_5": 0.8251162790697675,
      "cluster_ari": -0.004237820466109984,
      "cluster_nmi": 4.100286437657384e-05
    },
    "hard_both": {
      "n": 69,
      "probe_subj": {
        "accuracy": 0.2608695652173913,
        "f1": 0.0,
        "auroc": 0.08027079303675047
      },
      "probe_sent": {
        "accuracy": 0.30434782608695654,
        "f1": 0.04,
        "auroc": 0.10638297872340421
      },
      "precision_at_5": 0.808695652173913,
      "cluster_ari": -0.005583201491570618,
      "cluster_nmi": 0.0017199442154628502
    },
    "ambiguous_test": {
      "n": 5000,
      "probe_subj": {
        "accuracy": 0.617,
        "f1": 0.4640358242373356,
        "auroc": 0.6106777609319444
      },
      "probe_sent": {
        "accuracy": 0.6032,
        "f1": 0.4411267605633803,
        "auroc": 0.5870944220264036
      },
      "precision_at_5": 0.685,
      "cluster_ari": 0.00012877881224392443,
      "cluster_nmi": 0.00013595056747846973
    },
    "continuation": {
      "n": 794,
      "probe_subj": {
        "accuracy": 0.7556675062972292,
        "f1": 0.7610837438423645,
        "auroc": 0.7899432743182744
      },
      "probe_sent": {
        "accuracy": 0.7657430730478589,
        "f1": 0.7731707317073171,
        "auroc": 0.7868017399267399
      },
      "precision_at_5": 0.6969773299748111,
      "cluster_ari": -0.0011009169644886833,
      "cluster_nmi": 0.00011699017059560003
    },
    "interpolation": {
      "n": 398,
      "probe_subj": {
        "accuracy": 0.7587939698492462,