{
  "run_id": "20260523_006",
  "k": 10,
  "drift_score": {
    "B1": {
      "0": 0.6230769230769231,
      "1": 0.5793103448275863,
      "2": 0.5848484848484847,
      "3": 0.6217391304347826,
      "4": 0.5444444444444444,
      "5": 0.5413793103448277,
      "6": 0.5555555555555556,
      "7": 0.3956521739130435,
      "8": 0.43103448275862066,
      "9": 0.38333333333333336
    },
    "B2b": {
      "0": 0.8384615384615384,
      "1": 0.8068965517241379,
      "2": 0.7393939393939394,
      "3": 0.7782608695652175,
      "4": 0.6,
      "5": 0.4758620689655173,
      "6": 0.4629629629629629,
      "7": 0.32173913043478264,
      "8": 0.2517241379310345,
      "9": 0.24999999999999997
    },
    "B3": {
      "0": 0.8615384615384615,
      "1": 0.7586206896551724,
      "2": 0.7000000000000001,
      "3": 0.7391304347826086,
      "4": 0.5851851851851851,
      "5": 0.5,
      "6": 0.45555555555555544,
      "7": 0.39565217391304347,
      "8": 0.31724137931034474,
      "9": 0.2866666666666667
    }
  },
  "drift_score_by_class": {
    "B1": {
      "stable": {
        "0": 0.6913043478260871,
        "1": 0.7366666666666665,
        "2": 0.7923076923076924,
        "3": 0.8043478260869565,
        "4": 0.7000000000000001,
        "5": 0.7758620689655172,
        "6": 0.7000000000000001,
        "7": 0.7956521739130435,
        "8": 0.6583333333333333,
        "9": 0.7363636363636364
      },
      "drift": {
        "0": 0.6230769230769231,
        "1": 0.5793103448275863,
        "2": 0.5848484848484847,
        "3": 0.6217391304347826,
        "4": 0.5444444444444444,
        "5": 0.5413793103448277,
        "6": 0.5555555555555556,
        "7": 0.3956521739130435,
        "8": 0.43103448275862066,
        "9": 0.38333333333333336
      },
      "bifurc": {
        "0": 0.7538461538461539,
        "1": 0.6964285714285714,
        "2": 0.6913043478260871,
        "3": 0.7217391304347827,
        "4": 0.7769230769230769,
        "5": 0.5958333333333333,
        "6": 0.6238095238095237,
        "7": 0.6095238095238096,
        "8": 0.6473684210526317,
        "9": 0.6666666666666666
      }
    },
    "B2b": {
      "stable": {
        "0": 0.8652173913043477,
        "1": 0.8399999999999997,
        "2": 0.8692307692307691,
        "3": 0.8434782608695651,
        "4": 0.7833333333333332,
        "5": 0.7862068965517242,
        "6": 0.6964285714285714,
        "7": 0.7739130434782607,
        "8": 0.6291666666666667,
        "9": 0.6181818181818183
      },
      "drift": {
        "0": 0.8384615384615384,
        "1": 0.8068965517241379,
        "2": 0.7393939393939394,
        "3": 0.7782608695652175,
        "4": 0.6,
        "5": 0.4758620689655173,
        "6": 0.4629629629629629,
        "7": 0.32173913043478264,
        "8": 0.2517241379310345,
        "9": 0.24999999999999997
      },
      "bifurc": {
        "0": 0.8769230769230768,
        "1": 0.8142857142857142,
        "2": 0.7913043478260869,
        "3": 0.7565217391304347,
        "4": 0.7576923076923077,
        "5": 0.5458333333333334,
        "6": 0.5333333333333333,
        "7": 0.48571428571428577,
        "8": 0.5473684210526316,
        "9": 0.5375
      }
    },
    "B3": {
      "stable": {
        "0": 0.8043478260869565,
        "1": 0.7766666666666665,
        "2": 0.8076923076923077,
        "3": 0.7999999999999999,
        "4": 0.7416666666666666,
        "5": 0.7793103448275861,
        "6": 0.6714285714285714,
        "7": 0.7608695652173914,
        "8": 0.5958333333333333,
        "9": 0.6772727272727274
      },
      "drift": {
        "0": 0.8615384615384615,
        "1": 0.7586206896551724,
        "2": 0.7000000000000001,
        "3": 0.7391304347826086,
        "4": 0.5851851851851851,
        "5": 0.5,
        "6": 0.45555555555555544,
        "7": 0.39565217391304347,
        "8": 0.31724137931034474,
        "9": 0.2866666666666667
      },
      "bifurc": {
        "0": 0.9153846153846155,
        "1": 0.8321428571428572,
        "2": 0.8260869565217391,
        "3": 0.782608695652174,
        "4": 0.7692307692307693,
        "5": 0.5499999999999999,
        "6": 0.4904761904761906,
        "7": 0.48095238095238085,
        "8": 0.5789473684210527,
        "9": 0.4875
      }
    }
  },
  "trajectory_dist": {
    "B1": {
      "stable": {
        "0": -4.830603517191889e-09,
        "1": 0.026394196396265734,
        "2": 0.04657154393387941,
        "3": 0.030418961750190786,
        "4": 0.04740233489910963,
        "5": 0.05664324709707326,
        "6": 0.04627127467989001,
        "7": 0.04932101187988041,
        "8": 0.04138906223588285,
        "9": 0.04018531906447849
      },
      "drift": {
        "0": -1.023939539823715e-08,
        "1": 0.05995758355811144,
        "2": 0.03808815089818259,
        "3": 0.05467911031262934,
        "4": 0.05385448265739745,
        "5": 0.0735206697481642,
        "6": 0.06567183098458475,
        "7": 0.0680741222055007,
        "8": 0.02519408436357846,
        "9": 0.05149787013178638
      },
      "bifurc": {
        "0": 7.922500344648143e-09,
        "1": 0.05143291587221547,
        "2": 0.05956898360753946,
        "3": 0.061775542645234376,
        "4": 0.04327991242942927,
        "5": 0.07592756625141436,
        "6": 0.07478968214221683,
        "7": 0.05075632270323871,
        "8": 0.05992605775637597,
        "9": 0.06233424154413797
      }
    },
    "B2b": {
      "stable": {
        "0": 3.201200748925714e-10,
        "1": 0.24156429211160518,
        "2": 0.1454727827595857,
        "3": 0.28683833498893685,
        "4": 0.3806137303201428,
        "5": 0.3577445464928332,
        "6": 0.4282879555849116,
        "7": 0.42043014167299164,
        "8": 0.5828665037437659,
        "9": 0.6122375809154228
      },
      "drift": {
        "0": -6.680667352654268e-09,
        "1": 0.11909171747580442,
        "2": 0.18742390891869834,
        "3": 0.2829142481586201,
        "4": 0.29390900537357195,
        "5": 0.3575025450021263,
        "6": 0.46201122161382974,
        "7": 0.5034341509293708,
        "8": 0.5670315775019559,
        "9": 0.6380681269631028
      },
      "bifurc": {
        "0": -1.1523355913922728e-08,
        "1": 0.1152750327414955,
        "2": 0.16701717013461637,
        "3": 0.15402531955853846,
        "4": 0.2131670699804995,
        "5": 0.3348726376639215,
        "6": 0.3583141860419986,
        "7": 0.5264112464144513,
        "8": 0.6543576588795007,
        "9": 0.5693666737496166
      }
    },
    "B3": {
      "stable": {
        "0": 7.807425905781428e-09,
        "1": 0.30837753118115113,
        "2": 0.1574035122687909,
        "3": 0.3413710251322673,
        "4": 0.4499928790529153,
        "5": 0.39817626227354463,
        "6": 0.4502074643225281,
        "7": 0.30700990923103744,
        "8": 0.49524782949323487,
        "9": 0.5352190832081802
      },
      "drift": {
        "0": -7.840565308114833e-09,
        "1": 0.19736395186631786,
        "2": 0.24643583378609707,
        "3": 0.32404074728752896,
        "4": 0.32135546074121313,
        "5": 0.2752653865529776,
        "6": 0.3678862330822731,
        "7": 0.4756957788272967,
        "8": 0.4587624432333025,
        "9": 0.49252385296485224
      },
      "bifurc": {
        "0": 6.135933772188906e-09,
        "1": 0.12814640607494004,
        "2": 0.15413801353084858,
        "3": 0.2211006954680092,
        "4": 0.2281126754417111,
        "5": 0.35630569561348374,
        "6": 0.36650605360202937,
        "7": 0.468549774697288,
        "8": 0.48614298199257333,
        "9": 0.45514427878420805
      }
    }
  },
  "coherence": {
    "B1": {
      "stable": {
        "0": 0.7000000000000001,
        "1": 0.7566666666666664,
        "2": 0.8000000000000002,
        "3": 0.7608695652173914,
        "4": 0.725,
        "5": 0.7482758620689656,
        "6": 0.7857142857142857,
        "7": 0.7,
        "8": 0.7583333333333333,
        "9": 0.7636363636363637
      },