{
  "Static": {
    "test": {
      "n": 763,
      "probe_subj": {
        "accuracy": 0.8715596330275229,
        "f1": 0.8055555555555556,
        "auroc": 0.9175504152735965
      },
      "probe_sent": {
        "accuracy": 0.8754914809960681,
        "f1": 0.8148148148148148,
        "auroc": 0.9348648280661411
      },
      "precision_at_5": 0.7903014416775884,
      "cluster_ari": 0.0037533279470867978,
      "cluster_nmi": 0.0005735458854398641
    },
    "hard_verb": {
      "n": 215,
      "probe_subj": {
        "accuracy": 0.5488372093023256,
        "f1": 0.4393063583815029,
        "auroc": 0.47475555555555554
      },
      "probe_sent": {
        "accuracy": 0.5116279069767442,
        "f1": 0.4067796610169492,
        "auroc": 0.41919999999999996
      },
      "precision_at_5": 0.8037209302325582,
      "cluster_ari": 0.08438272550002401,
      "cluster_nmi": 0.0532733267309287
    },
    "hard_both": {
      "n": 69,
      "probe_subj": {
        "accuracy": 0.2463768115942029,
        "f1": 0.0,
        "auroc": 0.06769825918762087
      },
      "probe_sent": {
        "accuracy": 0.18840579710144928,
        "f1": 0.0,
        "auroc": 0.009671179883945854
      },
      "precision_at_5": 0.744927536231884,
      "cluster_ari": -0.008234902678422891,
      "cluster_nmi": 0.00047868561452313335
    },
    "ambiguous_test": {
      "n": 5000,
      "probe_subj": {
        "accuracy": 0.582,
        "f1": 0.4069239500567537,
        "auroc": 0.5571038015053682
      },
      "probe_sent": {
        "accuracy": 0.5488,
        "f1": 0.3795379537953795,
        "auroc": 0.5438397973363879
      },
      "precision_at_5": 0.63388,
      "cluster_ari": 0.00981420343386568,
      "cluster_nmi": 0.0013489180205244417
    },
    "continuation": {
      "n": 794,
      "probe_subj": {
        "accuracy": 0.7355163727959698,
        "f1": 0.7162162162162162,
        "auroc": 0.7924425111925113
      },
      "probe_sent": {
        "accuracy": 0.7380352644836272,
        "f1": 0.723404255319149,
        "auroc": 0.7874440374440375
      },
      "precision_at_5": 0.7360201511335013,
      "cluster_ari": 0.012672448995037605,
      "cluster_nmi": 0.014964510469505123
    },
    "interpolation": {
      "n": 398,
      "probe_subj": {
        "accuracy": 0.7839195979899497,
        "f1": 0.7074829931972789,
        "auroc": 0.8310887096774192
      },
      "probe_sent": {
        "accuracy": 0.7713567839195979,
        "f1": 0.6956521739130435,
        "auroc": 0.8099327956989247
      },
      "precision_at_5": 0.6874371859296482,
      "cluster_ari": 0.028841277790681793,
      "cluster_nmi": 0.013333206887131644
    },
    "contrastive": {
      "sign_flip_rate": 0.0,
      "n_pairs": 29,
      "n_correct": 0
    }
  },
  "Additive": {
    "test": {
      "n": 763,
      "probe_subj": {
        "accuracy": 0.8964613368283093,
        "f1": 0.8471953578336557,
        "auroc": 0.9620731910258544
      },
      "probe_sent": {
        "accuracy": 0.9056356487549148,
        "f1": 0.8604651162790697,
        "auroc": 0.9629657645118833
      },
      "precision_at_5": 0.8222804718217562,
      "cluster_ari": -0.00028387159966253484,
      "cluster_nmi": 0.0007666722947141931
    },
    "hard_verb": {
      "n": 215,
      "probe_subj": {
        "accuracy": 0.4883720930232558,
        "f1": 0.40217391304347827,
        "auroc": 0.3256
      },
      "probe_sent": {
        "accuracy": 0.4930232558139535,
        "f1": 0.41081081081081083,
        "auroc": 0.31991111111111115
      },
      "precision_at_5": 0.933953488372093,
      "cluster_ari": -0.0032120394359965703,
      "cluster_nmi": 0.0003037115306766008
    },
    "hard_both": {
      "n": 69,
      "probe_subj": {
        "accuracy": 0.21739130434782608,
        "f1": 0.0,
        "auroc": 0.026112185686653765
      },
      "probe_sent": {
        "accuracy": 0.21739130434782608,
        "f1": 0.0,
        "auroc": 0.026112185686653775
      },
      "precision_at_5": 0.7884057971014493,
      "cluster_ari": -0.005583201491570618,
      "cluster_nmi": 0.0017199442154628502
    },
    "ambiguous_test": {
      "n": 5000,
      "probe_subj": {
        "accuracy": 0.569,
        "f1": 0.42487323191886844,
        "auroc": 0.5676753392020792
      },
      "probe_sent": {
        "accuracy": 0.5686,
        "f1": 0.42218055183498526,
        "auroc": 0.5628829378519575
      },
      "precision_at_5": 0.67868,
      "cluster_ari": -8.362876813902062e-06,
      "cluster_nmi": 7.657921701238712e-05
    },
    "continuation": {
      "n": 794,
      "probe_subj": {
        "accuracy": 0.7720403022670025,
        "f1": 0.7887981330221704,
        "auroc": 0.7918701668701669
      },
      "probe_sent": {
        "accuracy": 0.7758186397984886,
        "f1": 0.789598108747045,
        "auroc": 0.7922835266585266
      },
      "precision_at_5": 0.7020151133501259,
      "cluster_ari": -0.0011009169644886833,
      "cluster_nmi": 0.00011699017059560003
    },
    "interpolation": {
      "n": 398,
      "probe_subj": {
        "accuracy": 0.7713567839195979,
        "f1": 0.707395498392283,
        "auroc": 0.7942741935483871
      },
      "probe_sent": {
        "accuracy": 0.7613065326633166,
        "f1": 0.6945337620578779,
        "auroc": 0.7871102150537634
      },
      "precision_at_5": 0.7040201005025125,
      "cluster_ari": -0.0017501178010436178,
      "cluster_nmi": 0.00013006289651555484
    },
    "contrastive": {
      "sign_flip_rate": 0.5862068965517241,
      "n_pairs": 29,
      "n_correct": 17
    }
  },
  "Joint": {
    "test": {
      "n": 763,
      "probe_subj": {
        "accuracy": 0.8768020969855832,
        "f1": 0.8156862745098039,
        "auroc": 0.9371719036020635
      },
      "probe_sent": {
        "accuracy": 0.872870249017038,
        "f1": 0.8131021194605009,
        "auroc": 0.9429282461687417
      },
      "precision_at_5": 0.7528178243774574,
      "cluster_ari": -0.0024264991496945965,
      "cluster_nmi": 0.00025427985365519015
    },
    "hard_verb": {
      "n": 215,
      "probe_subj": {
        "accuracy": 0.5534883720930233,
        "f1": 0.4146341463414634,
        "auroc": 0.4549333333333333
      },
      "probe_sent": {
        "accuracy": 0.5767441860465117,
        "f1": 0.49162011173184356,
        "auroc": 0.44586666666666663
      },
      "precision_at_5": 0.812093023255814,
      "cluster_ari": 0.0017102725519449803,
      "cluster_nmi": 0.004593526567659772
    },
    "hard_both": {
      "n": 69,
      "probe_subj": {
        "accuracy": 0.30434782608695654,
        "f1": 0.0,
        "auroc": 0.17117988394584138
      },
      "probe_sent": {
        "accuracy": 0.30434782608695654,
        "f1": 0.07692307692307693,
        "auroc": 0.16150870406189555
      },
      "precision_at_5": 0.7072463768115942,
      "cluster_ari": -0.012753465883862055,
      "cluster_nmi": 7.454881740072446e-05
    },
    "ambiguous_test": {
      "n": 5000,
      "probe_subj": {
        "accuracy": 0.622,
        "f1": 0.466403162055336,
        "auroc": 0.604536764214217
      },
      "probe_sent": {
        "accuracy": 0.5892,
        "f1": 0.4418478260869565,
        "auroc": 0.5918325852038993
      },
      "precision_at_5": 0.68816,
      "cluster_ari": 0.001323160817676482,
      "cluster_nmi": 0.00019760627004229359
    },
    "continuation": {
      "n": 794,
      "probe_subj": {
        "accuracy": 0.7619647355163728,
        "f1": 0.7692307692307693,
        "auroc": 0.794973544973545
      },
      "probe_sent": {
        "accuracy": 0.7682619647355163,
        "f1": 0.773955773955774,
        "auroc": 0.7944838726088725
      },
      "precision_at_5": 0.7322418136020151,
      "cluster_ari": 0.0007891166364132335,
      "cluster_nmi": 0.001217319319484316
    },
    "interpolation": {
      "n": 398,
      "probe_subj": {
        "accuracy": 0.7814070351758794,
        "f1": 0.7202572347266881,