{
  "B1": {
    "test": {
      "n": 763,
      "probe_subj": {
        "accuracy": 0.8899082568807339,
        "f1": 0.8352941176470589,
        "auroc": 0.9532571368057972
      },
      "probe_sent": {
        "accuracy": 0.8885976408912188,
        "f1": 0.8380952380952381,
        "auroc": 0.9549061285003253
      },
      "precision_at_5": 0.835910878112713,
      "cluster_ari": 0.015263447248510646,
      "cluster_nmi": 0.009914772163584478
    },
    "hard_verb": {
      "n": 215,
      "probe_subj": {
        "accuracy": 0.46511627906976744,
        "f1": 0.32748538011695905,
        "auroc": 0.3360888888888889
      },
      "probe_sent": {
        "accuracy": 0.5023255813953489,
        "f1": 0.4022346368715084,
        "auroc": 0.3216888888888889
      },
      "precision_at_5": 0.9720930232558139,
      "cluster_ari": -0.004164990115291181,
      "cluster_nmi": 8.135255008748033e-05
    },
    "hard_both": {
      "n": 69,
      "probe_subj": {
        "accuracy": 0.14492753623188406,
        "f1": 0.0,
        "auroc": 0.012572533849129586
      },
      "probe_sent": {
        "accuracy": 0.15942028985507245,
        "f1": 0.03333333333333333,
        "auroc": 0.013539651837524178
      },
      "precision_at_5": 0.8579710144927536,
      "cluster_ari": -0.008257239059194545,
      "cluster_nmi": 0.0018745867491869626
    },
    "ambiguous_test": {
      "n": 5000,
      "probe_subj": {
        "accuracy": 0.545,
        "f1": 0.38430311231393777,
        "auroc": 0.5283913666638563
      },
      "probe_sent": {
        "accuracy": 0.5444,
        "f1": 0.3963963963963964,
        "auroc": 0.5293743767606964
      },
      "precision_at_5": 0.63632,
      "cluster_ari": 0.00019217022100122283,
      "cluster_nmi": 0.0016342501957565814
    },
    "continuation": {
      "n": 794,
      "probe_subj": {
        "accuracy": 0.7443324937027708,
        "f1": 0.7332457293035479,
        "auroc": 0.7854789886039887
      },
      "probe_sent": {
        "accuracy": 0.7518891687657431,
        "f1": 0.7431551499348109,
        "auroc": 0.7845854955229956
      },
      "precision_at_5": 0.7198992443324937,
      "cluster_ari": -0.0012629087843088315,
      "cluster_nmi": 5.111075523474648e-06
    },
    "interpolation": {
      "n": 398,
      "probe_subj": {
        "accuracy": 0.7738693467336684,
        "f1": 0.7058823529411765,
        "auroc": 0.7828091397849463
      },
      "probe_sent": {
        "accuracy": 0.7788944723618091,
        "f1": 0.7161290322580646,
        "auroc": 0.791008064516129
      },
      "precision_at_5": 0.6909547738693468,
      "cluster_ari": -0.0015550909548071447,
      "cluster_nmi": 0.00032271919954769083
    },
    "contrastive": {
      "sign_flip_rate": 0.0,
      "n_pairs": 29,
      "n_correct": 0
    }
  },
  "B2a": {
    "test": {
      "n": 763,
      "probe_subj": {
        "accuracy": 0.891218872870249,
        "f1": 0.8369351669941061,
        "auroc": 0.9588659778218181
      },
      "probe_sent": {
        "accuracy": 0.8872870249017037,
        "f1": 0.8313725490196079,
        "auroc": 0.958154944705829
      },
      "precision_at_5": 0.837221494102228,
      "cluster_ari": -0.00028387159966253484,
      "cluster_nmi": 0.0007666722947141931
    },
    "hard_verb": {
      "n": 215,
      "probe_subj": {
        "accuracy": 0.5069767441860465,
        "f1": 0.4175824175824176,
        "auroc": 0.32097777777777775
      },
      "probe_sent": {
        "accuracy": 0.5069767441860465,
        "f1": 0.4175824175824176,
        "auroc": 0.32257777777777774
      },
      "precision_at_5": 0.986046511627907,
      "cluster_ari": -0.0032120394359965703,
      "cluster_nmi": 0.0003037115306766008
    },
    "hard_both": {
      "n": 69,
      "probe_subj": {
        "accuracy": 0.18840579710144928,
        "f1": 0.0,
        "auroc": 0.02030947775628627
      },
      "probe_sent": {
        "accuracy": 0.17391304347826086,
        "f1": 0.0,
        "auroc": 0.018375241779497096
      },
      "precision_at_5": 0.9594202898550724,
      "cluster_ari": -0.005583201491570618,
      "cluster_nmi": 0.0017199442154628502
    },
    "ambiguous_test": {
      "n": 5000,
      "probe_subj": {
        "accuracy": 0.5716,
        "f1": 0.4235737351991389,
        "auroc": 0.5684687428227544
      },
      "probe_sent": {
        "accuracy": 0.5752,
        "f1": 0.42718446601941745,
        "auroc": 0.5693401876331879
      },
      "precision_at_5": 0.66796,
      "cluster_ari": -8.362876813902062e-06,
      "cluster_nmi": 7.657921701238712e-05
    },
    "continuation": {
      "n": 794,
      "probe_subj": {
        "accuracy": 0.77455919395466,
        "f1": 0.7861409796893668,
        "auroc": 0.7715646621896622
      },
      "probe_sent": {
        "accuracy": 0.7758186397984886,
        "f1": 0.7880952380952381,
        "auroc": 0.77220378001628
      },
      "precision_at_5": 0.693198992443325,
      "cluster_ari": -0.0011009169644886833,
      "cluster_nmi": 0.00011699017059560003
    },
    "interpolation": {
      "n": 398,
      "probe_subj": {
        "accuracy": 0.7713567839195979,
        "f1": 0.7165109034267912,
        "auroc": 0.7773521505376344
      },
      "probe_sent": {
        "accuracy": 0.7663316582914573,
        "f1": 0.7066246056782335,
        "auroc": 0.7740456989247312
      },
      "precision_at_5": 0.714070351758794,
      "cluster_ari": -0.0017501178010436178,
      "cluster_nmi": 0.00013006289651555484
    },
    "contrastive": {
      "sign_flip_rate": 0.41379310344827586,
      "n_pairs": 29,
      "n_correct": 12
    }
  },
  "B2b": {
    "test": {
      "n": 763,
      "probe_subj": {
        "accuracy": 0.8820445609436435,
        "f1": 0.82421875,
        "auroc": 0.9447360856870548
      },
      "probe_sent": {
        "accuracy": 0.8820445609436435,
        "f1": 0.82421875,
        "auroc": 0.9394411582275608
      },
      "precision_at_5": 0.7958060288335518,
      "cluster_ari": -0.00028387159966253484,
      "cluster_nmi": 0.0007666722947141931
    },
    "hard_verb": {
      "n": 215,
      "probe_subj": {
        "accuracy": 0.5627906976744186,
        "f1": 0.45348837209302323,
        "auroc": 0.5015111111111111
      },
      "probe_sent": {
        "accuracy": 0.5813953488372093,
        "f1": 0.4943820224719101,
        "auroc": 0.5043555555555556
      },
      "precision_at_5": 0.8986046511627906,
      "cluster_ari": -0.0032120394359965703,
      "cluster_nmi": 0.0003037115306766008
    },
    "hard_both": {
      "n": 69,
      "probe_subj": {
        "accuracy": 0.2318840579710145,
        "f1": 0.07017543859649122,
        "auroc": 0.05222437137330754
      },
      "probe_sent": {
        "accuracy": 0.18840579710144928,
        "f1": 0.034482758620689655,
        "auroc": 0.05705996131528047
      },
      "precision_at_5": 0.8144927536231884,
      "cluster_ari": -0.005583201491570618,
      "cluster_nmi": 0.0017199442154628502
    },
    "ambiguous_test": {
      "n": 5000,
      "probe_subj": {
        "accuracy": 0.599,
        "f1": 0.43821798823199776,
        "auroc": 0.6072167840706575
      },
      "probe_sent": {
        "accuracy": 0.5898,
        "f1": 0.4323277055078882,
        "auroc": 0.6067123781503566
      },
      "precision_at_5": 0.67668,
      "cluster_ari": -8.362876813902062e-06,
      "cluster_nmi": 7.657921701238712e-05
    },
    "continuation": {
      "n": 794,
      "probe_subj": {
        "accuracy": 0.7821158690176322,
        "f1": 0.792814371257485,
        "auroc": 0.8009450040700041
      },
      "probe_sent": {
        "accuracy": 0.7720403022670025,
        "f1": 0.7832335329341318,
        "auroc": 0.8041564916564917
      },
      "precision_at_5": 0.7105793450881612,
      "cluster_ari": -0.0011009169644886833,
      "cluster_nmi": 0.00011699017059560003
    },
    "interpolation": {
      "n": 398,
      "probe_subj": {
        "accuracy": 0.7638190954773869,