{
  "run_id": "20260528_012",
  "k": 10,
  "drift_score": {
    "Static": {
      "0": 0.6076923076923078,
      "1": 0.5275862068965517,
      "2": 0.5151515151515151,
      "3": 0.6,
      "4": 0.525925925925926,
      "5": 0.46551724137931033,
      "6": 0.5370370370370371,
      "7": 0.4695652173913043,
      "8": 0.45517241379310347,
      "9": 0.42999999999999994
    },
    "Additive": {
      "0": 0.8307692307692307,
      "1": 0.7482758620689653,
      "2": 0.6878787878787879,
      "3": 0.717391304347826,
      "4": 0.5666666666666667,
      "5": 0.4931034482758621,
      "6": 0.45185185185185184,
      "7": 0.3869565217391305,
      "8": 0.3655172413793104,
      "9": 0.31
    },
    "Joint": {
      "0": 0.8730769230769229,
      "1": 0.7551724137931035,
      "2": 0.7303030303030303,
      "3": 0.7565217391304347,
      "4": 0.5666666666666667,
      "5": 0.5206896551724138,
      "6": 0.4814814814814814,
      "7": 0.3652173913043478,
      "8": 0.3379310344827587,
      "9": 0.29
    },
    "Timeformer": {
      "0": 0.8807692307692307,
      "1": 0.8517241379310344,
      "2": 0.7121212121212122,
      "3": 0.7478260869565215,
      "4": 0.5777777777777778,
      "5": 0.43793103448275866,
      "6": 0.4666666666666667,
      "7": 0.3130434782608696,
      "8": 0.2896551724137931,
      "9": 0.22333333333333333
    }
  },
  "drift_score_by_class": {
    "Static": {
      "stable": {
        "0": 0.7695652173913045,
        "1": 0.83,
        "2": 0.8461538461538463,
        "3": 0.8130434782608695,
        "4": 0.7875000000000001,
        "5": 0.8379310344827586,
        "6": 0.8142857142857143,
        "7": 0.8608695652173914,
        "8": 0.7291666666666666,
        "9": 0.7681818181818183
      },
      "drift": {
        "0": 0.6076923076923078,
        "1": 0.5275862068965517,
        "2": 0.5151515151515151,
        "3": 0.6,
        "4": 0.525925925925926,
        "5": 0.46551724137931033,
        "6": 0.5370370370370371,
        "7": 0.4695652173913043,
        "8": 0.45517241379310347,
        "9": 0.42999999999999994
      },
      "bifurc": {
        "0": 0.8,
        "1": 0.7178571428571427,
        "2": 0.7608695652173914,
        "3": 0.7608695652173914,
        "4": 0.7576923076923078,
        "5": 0.5791666666666667,
        "6": 0.6190476190476191,
        "7": 0.5333333333333334,
        "8": 0.7421052631578948,
        "9": 0.6291666666666667
      }
    },
    "Additive": {
      "stable": {
        "0": 0.7869565217391304,
        "1": 0.7833333333333332,
        "2": 0.8615384615384615,
        "3": 0.8043478260869565,
        "4": 0.7208333333333332,
        "5": 0.7517241379310345,
        "6": 0.7142857142857143,
        "7": 0.7130434782608696,
        "8": 0.6083333333333333,
        "9": 0.690909090909091
      },
      "drift": {
        "0": 0.8307692307692307,
        "1": 0.7482758620689653,
        "2": 0.6878787878787879,
        "3": 0.717391304347826,
        "4": 0.5666666666666667,
        "5": 0.4931034482758621,
        "6": 0.45185185185185184,
        "7": 0.3869565217391305,
        "8": 0.3655172413793104,
        "9": 0.31
      },
      "bifurc": {
        "0": 0.8884615384615384,
        "1": 0.8107142857142858,
        "2": 0.8478260869565216,
        "3": 0.7260869565217393,
        "4": 0.7538461538461537,
        "5": 0.5125000000000001,
        "6": 0.4523809523809523,
        "7": 0.43809523809523804,
        "8": 0.568421052631579,
        "9": 0.5375
      }
    },
    "Joint": {
      "stable": {
        "0": 0.8304347826086957,
        "1": 0.8133333333333332,
        "2": 0.8615384615384615,
        "3": 0.8434782608695651,
        "4": 0.75,
        "5": 0.8,
        "6": 0.7249999999999999,
        "7": 0.7347826086956523,
        "8": 0.6291666666666668,
        "9": 0.6909090909090909
      },
      "drift": {
        "0": 0.8730769230769229,
        "1": 0.7551724137931035,
        "2": 0.7303030303030303,
        "3": 0.7565217391304347,
        "4": 0.5666666666666667,
        "5": 0.5206896551724138,
        "6": 0.4814814814814814,
        "7": 0.3652173913043478,
        "8": 0.3379310344827587,
        "9": 0.29
      },
      "bifurc": {
        "0": 0.8999999999999999,
        "1": 0.8250000000000001,
        "2": 0.8478260869565217,
        "3": 0.782608695652174,
        "4": 0.7615384615384616,
        "5": 0.5125000000000001,
        "6": 0.48571428571428565,
        "7": 0.4999999999999999,
        "8": 0.5684210526315789,
        "9": 0.5458333333333334
      }
    },
    "Timeformer": {
      "stable": {
        "0": 0.7956521739130433,
        "1": 0.8599999999999999,
        "2": 0.8115384615384614,
        "3": 0.834782608695652,
        "4": 0.775,
        "5": 0.803448275862069,
        "6": 0.7357142857142857,
        "7": 0.773913043478261,
        "8": 0.6625,
        "9": 0.7090909090909091
      },
      "drift": {
        "0": 0.8807692307692307,
        "1": 0.8517241379310344,
        "2": 0.7121212121212122,
        "3": 0.7478260869565215,
        "4": 0.5777777777777778,
        "5": 0.43793103448275866,
        "6": 0.4666666666666667,
        "7": 0.3130434782608696,
        "8": 0.2896551724137931,
        "9": 0.22333333333333333
      },
      "bifurc": {
        "0": 0.9115384615384615,
        "1": 0.8178571428571428,
        "2": 0.8347826086956521,
        "3": 0.773913043478261,
        "4": 0.7653846153846153,
        "5": 0.5499999999999999,
        "6": 0.5047619047619049,
        "7": 0.4380952380952382,
        "8": 0.5263157894736843,
        "9": 0.525
      }
    }
  },
  "trajectory_dist": {
    "Static": {
      "stable": {
        "0": 1.3643158613962924e-08,
        "1": 0.03398639008683387,
        "2": 0.013853739985373459,
        "3": 0.021599459218561757,
        "4": 0.02341225254773043,
        "5": 0.021361294643543537,
        "6": 0.015217469455067389,
        "7": 0.014302746214350645,
        "8": 0.01238779334743123,
        "9": 0.02459730259031666
      },
      "drift": {
        "0": -7.4029640861894565e-09,
        "1": 0.05662012551456099,
        "2": 0.06715212133181774,
        "3": 0.09274658118626677,
        "4": 0.07562335831735828,
        "5": 0.05087570324362498,
        "6": 0.05249601406953981,
        "7": 0.07697491462122494,
        "8": 0.05780838815322088,
        "9": 0.045141254571572996
      },
      "bifurc": {
        "0": 2.5101045086906026e-08,
        "1": 0.03157766793036004,
        "2": 0.039582014885667705,
        "3": 0.033386993228352924,
        "4": 0.03113511849510182,
        "5": 0.06306500645782945,
        "6": 0.061027252817248155,
        "7": 0.08976969660031192,
        "8": 0.11110776602667126,
        "9": 0.07999501530931456
      }
    },
    "Additive": {
      "stable": {
        "0": -3.491757598617084e-08,
        "1": 0.4656317584686806,
        "2": 0.20297122583427854,
        "3": 0.4380162174117495,
        "4": 0.6192807138103651,
        "5": 0.42804220079880595,
        "6": 0.49604839602972384,
        "7": 0.3631770391088458,
        "8": 0.5548054536374831,
        "9": 0.5822798893718076
      },
      "drift": {
        "0": 2.7772460997610438e-09,
        "1": 0.28624531431188066,
        "2": 0.35166114464917225,
        "3": 0.388643179408274,
        "4": 0.47637483391851676,
        "5": 0.38342095341182486,
        "6": 0.4321555035903075,
        "7": 0.5648034068527508,
        "8": 0.3551243042412357,
        "9": 0.5375055814042489
      },
      "bifurc": {
        "0": 1.2774799451609197e-08,
        "1": 0.1562926322215841,
        "2": 0.23161969285308714,
        "3": 0.3276382478592145,
        "4": 0.29618366047694744,
        "5": 0.49080602219160807,
        "6": 0.5166364555526166,
        "7": 0.5244587122947942,
        "8": 0.5574166326175933,
        "9": 0.49481480280108564
      }
    },
    "Joint": {
      "stable": {
        "0": -1.922384373909125e-08,
        "1": 0.3897573854415026,