{
  "Static": {
    "test": {
      "n": 763,
      "probe_subj": {
        "accuracy": 0.8754914809960681,
        "f1": 0.8183556405353728,
        "auroc": 0.9373383156079333
      },
      "probe_sent": {
        "accuracy": 0.8794233289646134,
        "f1": 0.8181818181818182,
        "auroc": 0.9517896854813088
      },
      "precision_at_5": 0.8,
      "cluster_ari": -0.00144395509520159,
      "cluster_nmi": 7.3348336363459775e-06
    },
    "hard_verb": {
      "n": 215,
      "probe_subj": {
        "accuracy": 0.5069767441860465,
        "f1": 0.4111111111111111,
        "auroc": 0.41662222222222217
      },
      "probe_sent": {
        "accuracy": 0.5023255813953489,
        "f1": 0.41530054644808745,
        "auroc": 0.33066666666666666
      },
      "precision_at_5": 0.813953488372093,
      "cluster_ari": -0.0036948857057361797,
      "cluster_nmi": 0.004401213541045667
    },
    "hard_both": {
      "n": 69,
      "probe_subj": {
        "accuracy": 0.2318840579710145,
        "f1": 0.0,
        "auroc": 0.053191489361702135
      },
      "probe_sent": {
        "accuracy": 0.18840579710144928,
        "f1": 0.0,
        "auroc": 0.004835589941972923
      },
      "precision_at_5": 0.6898550724637681,
      "cluster_ari": -0.020161019203615623,
      "cluster_nmi": 0.005388995582897321
    },
    "ambiguous_test": {
      "n": 5000,
      "probe_subj": {
        "accuracy": 0.5746,
        "f1": 0.41129255466371434,
        "auroc": 0.5610223959135853
      },
      "probe_sent": {
        "accuracy": 0.5506,
        "f1": 0.39253852392538524,
        "auroc": 0.5406865335248234
      },
      "precision_at_5": 0.63468,
      "cluster_ari": -0.0014576377825396818,
      "cluster_nmi": 0.00017090260489187716
    },
    "continuation": {
      "n": 794,
      "probe_subj": {
        "accuracy": 0.7292191435768262,
        "f1": 0.7144754316069057,
        "auroc": 0.8094411375661376
      },
      "probe_sent": {
        "accuracy": 0.7518891687657431,
        "f1": 0.7404479578392622,
        "auroc": 0.7923725579975579
      },
      "precision_at_5": 0.752896725440806,
      "cluster_ari": 0.0015248258701196988,
      "cluster_nmi": 0.0016175934090184854
    },
    "interpolation": {
      "n": 398,
      "probe_subj": {
        "accuracy": 0.7663316582914573,
        "f1": 0.6950819672131148,
        "auroc": 0.8101747311827956
      },
      "probe_sent": {
        "accuracy": 0.7763819095477387,
        "f1": 0.7119741100323624,
        "auroc": 0.805793010752688
      },
      "precision_at_5": 0.7025125628140704,
      "cluster_ari": -0.003958838947734796,
      "cluster_nmi": 0.0010485243791245491
    },
    "contrastive": {
      "sign_flip_rate": 0.0,
      "n_pairs": 29,
      "n_correct": 0
    }
  },
  "Additive": {
    "test": {
      "n": 763,
      "probe_subj": {
        "accuracy": 0.8938401048492791,
        "f1": 0.8421052631578947,
        "auroc": 0.9624362717659338
      },
      "probe_sent": {
        "accuracy": 0.8977719528178244,
        "f1": 0.84765625,
        "auroc": 0.9617554953782848
      },
      "precision_at_5": 0.8382699868938401,
      "cluster_ari": -0.00028387159966253484,
      "cluster_nmi": 0.0007666722947141931
    },
    "hard_verb": {
      "n": 215,
      "probe_subj": {
        "accuracy": 0.5069767441860465,
        "f1": 0.4111111111111111,
        "auroc": 0.32968888888888886
      },
      "probe_sent": {
        "accuracy": 0.49767441860465117,
        "f1": 0.39325842696629215,
        "auroc": 0.32382222222222223
      },
      "precision_at_5": 0.9972093023255814,
      "cluster_ari": -0.0032120394359965703,
      "cluster_nmi": 0.0003037115306766008
    },
    "hard_both": {
      "n": 69,
      "probe_subj": {
        "accuracy": 0.21739130434782608,
        "f1": 0.0,
        "auroc": 0.011605415860735005
      },
      "probe_sent": {
        "accuracy": 0.2028985507246377,
        "f1": 0.0,
        "auroc": 0.004835589941972923
      },
      "precision_at_5": 0.9768115942028985,
      "cluster_ari": -0.005583201491570618,
      "cluster_nmi": 0.0017199442154628502
    },
    "ambiguous_test": {
      "n": 5000,
      "probe_subj": {
        "accuracy": 0.5632,
        "f1": 0.4125874125874126,
        "auroc": 0.5715751274097375
      },
      "probe_sent": {
        "accuracy": 0.5628,
        "f1": 0.41456882699517944,
        "auroc": 0.5694826423311403
      },
      "precision_at_5": 0.68648,
      "cluster_ari": -8.362876813902062e-06,
      "cluster_nmi": 7.657921701238712e-05
    },
    "continuation": {
      "n": 794,
      "probe_subj": {
        "accuracy": 0.7720403022670025,
        "f1": 0.7779141104294478,
        "auroc": 0.790254884004884
      },
      "probe_sent": {
        "accuracy": 0.7707808564231738,
        "f1": 0.7775061124694377,
        "auroc": 0.7844614875864876
      },
      "precision_at_5": 0.7261964735516373,
      "cluster_ari": -0.0011009169644886833,
      "cluster_nmi": 0.00011699017059560003
    },
    "interpolation": {
      "n": 398,
      "probe_subj": {
        "accuracy": 0.7512562814070352,
        "f1": 0.6837060702875399,
        "auroc": 0.7874865591397849
      },
      "probe_sent": {
        "accuracy": 0.7562814070351759,
        "f1": 0.6881028938906752,
        "auroc": 0.7848790322580645
      },
      "precision_at_5": 0.7095477386934673,
      "cluster_ari": -0.0017501178010436178,
      "cluster_nmi": 0.00013006289651555484
    },
    "contrastive": {
      "sign_flip_rate": 0.4482758620689655,
      "n_pairs": 29,
      "n_correct": 13
    }
  },
  "Joint": {
    "test": {
      "n": 763,
      "probe_subj": {
        "accuracy": 0.8859764089121888,
        "f1": 0.8290766208251473,
        "auroc": 0.9440931302098304
      },
      "probe_sent": {
        "accuracy": 0.872870249017038,
        "f1": 0.8086785009861933,
        "auroc": 0.943609022556391
      },
      "precision_at_5": 0.8138925294888598,
      "cluster_ari": -0.000819136770078889,
      "cluster_nmi": 0.0004436492619764869
    },
    "hard_verb": {
      "n": 215,
      "probe_subj": {
        "accuracy": 0.49767441860465117,
        "f1": 0.36470588235294116,
        "auroc": 0.3734222222222222
      },
      "probe_sent": {
        "accuracy": 0.49767441860465117,
        "f1": 0.38636363636363635,
        "auroc": 0.36408888888888885
      },
      "precision_at_5": 0.9246511627906977,
      "cluster_ari": -0.004325997658404937,
      "cluster_nmi": 1.4266509581401229e-05
    },
    "hard_both": {
      "n": 69,
      "probe_subj": {
        "accuracy": 0.2753623188405797,
        "f1": 0.038461538461538464,
        "auroc": 0.09381044487427467
      },
      "probe_sent": {
        "accuracy": 0.21739130434782608,
        "f1": 0.0,
        "auroc": 0.0541586073500967
      },
      "precision_at_5": 0.8202898550724638,
      "cluster_ari": -0.005583201491570618,
      "cluster_nmi": 0.0017199442154628502
    },
    "ambiguous_test": {
      "n": 5000,
      "probe_subj": {
        "accuracy": 0.6082,
        "f1": 0.44488523661093793,
        "auroc": 0.572558864316261
      },
      "probe_sent": {
        "accuracy": 0.5934,
        "f1": 0.4357479877879545,
        "auroc": 0.5566717131485687
      },
      "precision_at_5": 0.68012,
      "cluster_ari": 0.00023062555801713915,
      "cluster_nmi": 0.0001646677319905972
    },
    "continuation": {
      "n": 794,
      "probe_subj": {
        "accuracy": 0.7581863979848866,
        "f1": 0.7692307692307693,
        "auroc": 0.7882612179487178
      },
      "probe_sent": {
        "accuracy": 0.7657430730478589,
        "f1": 0.7731707317073171,
        "auroc": 0.7817174145299146
      },
      "precision_at_5": 0.6992443324937028,
      "cluster_ari": -0.0011009169644886833,
      "cluster_nmi": 0.00011699017059560003
    },
    "interpolation": {
      "n": 398,
      "probe_subj": {
        "accuracy": 0.7688442211055276,
        "f1": 0.6993464052287581,