{
  "run_id": "20260528_021",
  "k": 10,
  "drift_score": {
    "Static": {
      "0": 0.6269230769230769,
      "1": 0.6241379310344828,
      "2": 0.603030303030303,
      "3": 0.6695652173913045,
      "4": 0.5407407407407407,
      "5": 0.5413793103448277,
      "6": 0.5222222222222223,
      "7": 0.42173913043478267,
      "8": 0.4344827586206897,
      "9": 0.36
    },
    "Additive": {
      "0": 0.8499999999999999,
      "1": 0.7931034482758621,
      "2": 0.6636363636363637,
      "3": 0.726086956521739,
      "4": 0.5444444444444445,
      "5": 0.4862068965517241,
      "6": 0.49259259259259264,
      "7": 0.391304347826087,
      "8": 0.3137931034482758,
      "9": 0.26666666666666666
    },
    "Joint": {
      "0": 0.8615384615384616,
      "1": 0.7862068965517239,
      "2": 0.7121212121212122,
      "3": 0.726086956521739,
      "4": 0.5407407407407407,
      "5": 0.4862068965517241,
      "6": 0.4222222222222222,
      "7": 0.39565217391304347,
      "8": 0.32068965517241377,
      "9": 0.30666666666666664
    },
    "Timeformer": {
      "0": 0.8153846153846153,
      "1": 0.7827586206896548,
      "2": 0.6909090909090908,
      "3": 0.6869565217391306,
      "4": 0.5888888888888888,
      "5": 0.47586206896551725,
      "6": 0.4925925925925927,
      "7": 0.3826086956521739,
      "8": 0.3172413793103448,
      "9": 0.23666666666666672
    }
  },
  "drift_score_by_class": {
    "Static": {
      "stable": {
        "0": 0.7043478260869567,
        "1": 0.75,
        "2": 0.8230769230769232,
        "3": 0.8043478260869565,
        "4": 0.7666666666666666,
        "5": 0.8172413793103449,
        "6": 0.7821428571428571,
        "7": 0.782608695652174,
        "8": 0.6708333333333334,
        "9": 0.7954545454545454
      },
      "drift": {
        "0": 0.6269230769230769,
        "1": 0.6241379310344828,
        "2": 0.603030303030303,
        "3": 0.6695652173913045,
        "4": 0.5407407407407407,
        "5": 0.5413793103448277,
        "6": 0.5222222222222223,
        "7": 0.42173913043478267,
        "8": 0.4344827586206897,
        "9": 0.36
      },
      "bifurc": {
        "0": 0.8115384615384615,
        "1": 0.7535714285714284,
        "2": 0.8043478260869565,
        "3": 0.7217391304347827,
        "4": 0.796153846153846,
        "5": 0.5833333333333334,
        "6": 0.5714285714285714,
        "7": 0.5142857142857143,
        "8": 0.6947368421052632,
        "9": 0.6833333333333332
      }
    },
    "Additive": {
      "stable": {
        "0": 0.8,
        "1": 0.7966666666666665,
        "2": 0.8461538461538461,
        "3": 0.7956521739130435,
        "4": 0.7708333333333334,
        "5": 0.8172413793103448,
        "6": 0.7214285714285714,
        "7": 0.726086956521739,
        "8": 0.6749999999999999,
        "9": 0.7136363636363637
      },
      "drift": {
        "0": 0.8499999999999999,
        "1": 0.7931034482758621,
        "2": 0.6636363636363637,
        "3": 0.726086956521739,
        "4": 0.5444444444444445,
        "5": 0.4862068965517241,
        "6": 0.49259259259259264,
        "7": 0.391304347826087,
        "8": 0.3137931034482758,
        "9": 0.26666666666666666
      },
      "bifurc": {
        "0": 0.9153846153846152,
        "1": 0.8285714285714285,
        "2": 0.8695652173913043,
        "3": 0.7478260869565219,
        "4": 0.7269230769230769,
        "5": 0.5541666666666667,
        "6": 0.4619047619047619,
        "7": 0.4428571428571428,
        "8": 0.5684210526315789,
        "9": 0.4916666666666667
      }
    },
    "Joint": {
      "stable": {
        "0": 0.8434782608695651,
        "1": 0.8133333333333331,
        "2": 0.8269230769230769,
        "3": 0.826086956521739,
        "4": 0.7291666666666666,
        "5": 0.8137931034482759,
        "6": 0.7178571428571427,
        "7": 0.7695652173913043,
        "8": 0.6083333333333333,
        "9": 0.6954545454545454
      },
      "drift": {
        "0": 0.8615384615384616,
        "1": 0.7862068965517239,
        "2": 0.7121212121212122,
        "3": 0.726086956521739,
        "4": 0.5407407407407407,
        "5": 0.4862068965517241,
        "6": 0.4222222222222222,
        "7": 0.39565217391304347,
        "8": 0.32068965517241377,
        "9": 0.30666666666666664
      },
      "bifurc": {
        "0": 0.8576923076923078,
        "1": 0.8107142857142858,
        "2": 0.8043478260869565,
        "3": 0.717391304347826,
        "4": 0.7384615384615384,
        "5": 0.5291666666666667,
        "6": 0.4904761904761905,
        "7": 0.4428571428571428,
        "8": 0.5157894736842106,
        "9": 0.5666666666666667
      }
    },
    "Timeformer": {
      "stable": {
        "0": 0.8608695652173912,
        "1": 0.8199999999999998,
        "2": 0.8,
        "3": 0.8130434782608695,
        "4": 0.725,
        "5": 0.7482758620689653,
        "6": 0.6928571428571428,
        "7": 0.7347826086956522,
        "8": 0.6416666666666667,
        "9": 0.5818181818181819
      },
      "drift": {
        "0": 0.8153846153846153,
        "1": 0.7827586206896548,
        "2": 0.6909090909090908,
        "3": 0.6869565217391306,
        "4": 0.5888888888888888,
        "5": 0.47586206896551725,
        "6": 0.4925925925925927,
        "7": 0.3826086956521739,
        "8": 0.3172413793103448,
        "9": 0.23666666666666672
      },
      "bifurc": {
        "0": 0.8307692307692307,
        "1": 0.8178571428571428,
        "2": 0.8043478260869565,
        "3": 0.7478260869565218,
        "4": 0.7653846153846153,
        "5": 0.5625,
        "6": 0.5142857142857142,
        "7": 0.45238095238095244,
        "8": 0.47368421052631576,
        "9": 0.4583333333333333
      }
    }
  },
  "trajectory_dist": {
    "Static": {
      "stable": {
        "0": 1.5860112245746903e-08,
        "1": 0.33631553501218964,
        "2": 0.16573650250208324,
        "3": 0.30457680547900506,
        "4": 0.4013266557333467,
        "5": 0.27699658505743746,
        "6": 0.30387871715485215,
        "7": 0.20192883697666064,
        "8": 0.23807070433653058,
        "9": 0.3090367110033835
      },
      "drift": {
        "0": -1.3847005420064563e-08,
        "1": 0.13712693795166667,
        "2": 0.10130849882472401,
        "3": 0.1370957260738517,
        "4": 0.10941823495541825,
        "5": 0.08298492721268708,
        "6": 0.06383789224637196,
        "7": 0.18097124319652141,
        "8": 0.10081387180527801,
        "9": 0.08124342869287904
      },
      "bifurc": {
        "0": -9.52404123344408e-09,
        "1": 0.07840704894894183,
        "2": 0.14079471646362282,
        "3": 0.17334720037337364,
        "4": 0.15468733862293574,
        "5": 0.22062086466573994,
        "6": 0.26986276126092473,
        "7": 0.21040927472409254,
        "8": 0.24147650305502427,
        "9": 0.20062609871815845
      }
    },
    "Additive": {
      "stable": {
        "0": 3.529397579749016e-08,
        "1": 0.4605117453524758,
        "2": 0.22163837450049662,
        "3": 0.4376419280837311,
        "4": 0.6519294821348164,
        "5": 0.43125061360796907,
        "6": 0.48987418496910184,
        "7": 0.39379824965069155,
        "8": 0.6333855042280371,
        "9": 0.6843751640598839
      },
      "drift": {
        "0": -1.061395594748049e-08,
        "1": 0.1930763877485252,
        "2": 0.2818261579851874,
        "3": 0.33871817245187463,
        "4": 0.44776849061601876,
        "5": 0.3868566183992187,
        "6": 0.5341079572785408,
        "7": 0.535458184642141,
        "8": 0.454424161446212,
        "9": 0.6015257269910179
      },
      "bifurc": {
        "0": 6.87313402858436e-09,
        "1": 0.1724352658887498,
        "2": 0.20165308175260738,
        "3": 0.3038553140674964,
        "4": 0.3640308320558173,
        "5": 0.5793469504560813,
        "6": 0.5979033046627029,
        "7": 0.5505904804838436,
        "8": 0.6919768247195163,
        "9": 0.6086929991583784
      }
    },