{
  "Static": {
    "test": {
      "n": 763,
      "probe_subj": {
        "accuracy": 0.8715596330275229,
        "f1": 0.810077519379845,
        "auroc": 0.9464002057457528
      },
      "probe_sent": {
        "accuracy": 0.8754914809960681,
        "f1": 0.8133595284872298,
        "auroc": 0.9480340690761108
      },
      "precision_at_5": 0.819659239842726,
      "cluster_ari": -0.008444247016150852,
      "cluster_nmi": 0.007007107610065844
    },
    "hard_verb": {
      "n": 215,
      "probe_subj": {
        "accuracy": 0.5348837209302325,
        "f1": 0.45652173913043476,
        "auroc": 0.38666666666666666
      },
      "probe_sent": {
        "accuracy": 0.5069767441860465,
        "f1": 0.38372093023255816,
        "auroc": 0.3797333333333333
      },
      "precision_at_5": 0.8948837209302326,
      "cluster_ari": 0.0011270097830710336,
      "cluster_nmi": 0.00870484660307115
    },
    "hard_both": {
      "n": 69,
      "probe_subj": {
        "accuracy": 0.21739130434782608,
        "f1": 0.0,
        "auroc": 0.014506769825918761
      },
      "probe_sent": {
        "accuracy": 0.2463768115942029,
        "f1": 0.0,
        "auroc": 0.029013539651837533
      },
      "precision_at_5": 0.7855072463768116,
      "cluster_ari": -0.01480030708565247,
      "cluster_nmi": 0.0009619589848506381
    },
    "ambiguous_test": {
      "n": 5000,
      "probe_subj": {
        "accuracy": 0.5626,
        "f1": 0.40619060548465924,
        "auroc": 0.5433062281775393
      },
      "probe_sent": {
        "accuracy": 0.5704,
        "f1": 0.3904653802497162,
        "auroc": 0.5518292527815006
      },
      "precision_at_5": 0.63792,
      "cluster_ari": -0.005241914661268322,
      "cluster_nmi": 0.0009479352952425529
    },
    "continuation": {
      "n": 794,
      "probe_subj": {
        "accuracy": 0.7418136020151134,
        "f1": 0.7291941875825627,
        "auroc": 0.7918574481074483
      },
      "probe_sent": {
        "accuracy": 0.7418136020151134,
        "f1": 0.7248322147651006,
        "auroc": 0.7940514346764346
      },
      "precision_at_5": 0.7236775818639799,
      "cluster_ari": 0.010412308408038648,
      "cluster_nmi": 0.007300031625289736
    },
    "interpolation": {
      "n": 398,
      "probe_subj": {
        "accuracy": 0.7688442211055276,
        "f1": 0.7051282051282052,
        "auroc": 0.79125
      },
      "probe_sent": {
        "accuracy": 0.7587939698492462,
        "f1": 0.6778523489932886,
        "auroc": 0.7963575268817205
      },
      "precision_at_5": 0.7085427135678392,
      "cluster_ari": -0.004130221306317651,
      "cluster_nmi": 0.007033994229735922
    },
    "contrastive": {
      "sign_flip_rate": 0.0,
      "n_pairs": 29,
      "n_correct": 0
    }
  },
  "Additive": {
    "test": {
      "n": 763,
      "probe_subj": {
        "accuracy": 0.8925294888597641,
        "f1": 0.8373015873015873,
        "auroc": 0.9568917262976354
      },
      "probe_sent": {
        "accuracy": 0.8899082568807339,
        "f1": 0.83399209486166,
        "auroc": 0.9604468918775811
      },
      "precision_at_5": 0.8296199213630406,
      "cluster_ari": -0.00028387159966253484,
      "cluster_nmi": 0.0007666722947141931
    },
    "hard_verb": {
      "n": 215,
      "probe_subj": {
        "accuracy": 0.4790697674418605,
        "f1": 0.3488372093023256,
        "auroc": 0.3111111111111111
      },
      "probe_sent": {
        "accuracy": 0.4744186046511628,
        "f1": 0.33136094674556216,
        "auroc": 0.31324444444444444
      },
      "precision_at_5": 0.9469767441860465,
      "cluster_ari": -0.0032120394359965703,
      "cluster_nmi": 0.0003037115306766008
    },
    "hard_both": {
      "n": 69,
      "probe_subj": {
        "accuracy": 0.2318840579710145,
        "f1": 0.03636363636363636,
        "auroc": 0.04158607350096712
      },
      "probe_sent": {
        "accuracy": 0.2463768115942029,
        "f1": 0.037037037037037035,
        "auroc": 0.034816247582205036
      },
      "precision_at_5": 0.8463768115942029,
      "cluster_ari": -0.005583201491570618,
      "cluster_nmi": 0.0017199442154628502
    },
    "ambiguous_test": {
      "n": 5000,
      "probe_subj": {
        "accuracy": 0.587,
        "f1": 0.42686650013877325,
        "auroc": 0.5630263919132248
      },
      "probe_sent": {
        "accuracy": 0.5822,
        "f1": 0.4214898919966768,
        "auroc": 0.5540162231189438
      },
      "precision_at_5": 0.69116,
      "cluster_ari": -8.362876813902062e-06,
      "cluster_nmi": 7.657921701238712e-05
    },
    "continuation": {
      "n": 794,
      "probe_subj": {
        "accuracy": 0.7695214105793451,
        "f1": 0.7787182587666264,
        "auroc": 0.7826490638990639
      },
      "probe_sent": {
        "accuracy": 0.760705289672544,
        "f1": 0.7716346153846154,
        "auroc": 0.7832023300773302
      },
      "precision_at_5": 0.7211586901763224,
      "cluster_ari": -0.0011009169644886833,
      "cluster_nmi": 0.00011699017059560003
    },
    "interpolation": {
      "n": 398,
      "probe_subj": {
        "accuracy": 0.7638190954773869,
        "f1": 0.7006369426751592,
        "auroc": 0.7790994623655914
      },
      "probe_sent": {
        "accuracy": 0.7587939698492462,
        "f1": 0.6903225806451613,
        "auroc": 0.7788037634408603
      },
      "precision_at_5": 0.7165829145728643,
      "cluster_ari": -0.0017501178010436178,
      "cluster_nmi": 0.00013006289651555484
    },
    "contrastive": {
      "sign_flip_rate": 0.5862068965517241,
      "n_pairs": 29,
      "n_correct": 17
    }
  },
  "Joint": {
    "test": {
      "n": 763,
      "probe_subj": {
        "accuracy": 0.8938401048492791,
        "f1": 0.8445297504798465,
        "auroc": 0.9532155338043298
      },
      "probe_sent": {
        "accuracy": 0.9003931847968545,
        "f1": 0.8549618320610687,
        "auroc": 0.9595391900273822
      },
      "precision_at_5": 0.8408912188728702,
      "cluster_ari": -0.00028387159966253484,
      "cluster_nmi": 0.0007666722947141931
    },
    "hard_verb": {
      "n": 215,
      "probe_subj": {
        "accuracy": 0.5023255813953489,
        "f1": 0.4022346368715084,
        "auroc": 0.3511111111111111
      },
      "probe_sent": {
        "accuracy": 0.4930232558139535,
        "f1": 0.39779005524861877,
        "auroc": 0.3584888888888889
      },
      "precision_at_5": 0.9506976744186046,
      "cluster_ari": -0.0032120394359965703,
      "cluster_nmi": 0.0003037115306766008
    },
    "hard_both": {
      "n": 69,
      "probe_subj": {
        "accuracy": 0.17391304347826086,
        "f1": 0.06557377049180328,
        "auroc": 0.07059961315280465
      },
      "probe_sent": {
        "accuracy": 0.14492753623188406,
        "f1": 0.06349206349206349,
        "auroc": 0.05802707930367505
      },
      "precision_at_5": 0.927536231884058,
      "cluster_ari": -0.005583201491570618,
      "cluster_nmi": 0.0017199442154628502
    },
    "ambiguous_test": {
      "n": 5000,
      "probe_subj": {
        "accuracy": 0.5764,
        "f1": 0.4408658922914467,
        "auroc": 0.5703532694806799
      },
      "probe_sent": {
        "accuracy": 0.5656,
        "f1": 0.43613707165109034,
        "auroc": 0.5658308779279528
      },
      "precision_at_5": 0.69596,
      "cluster_ari": -8.362876813902062e-06,
      "cluster_nmi": 7.657921701238712e-05
    },
    "continuation": {
      "n": 794,
      "probe_subj": {
        "accuracy": 0.7783375314861462,
        "f1": 0.7879518072289157,
        "auroc": 0.7866204975579977
      },
      "probe_sent": {
        "accuracy": 0.7783375314861462,
        "f1": 0.7889688249400479,
        "auroc": 0.784795355107855
      },
      "precision_at_5": 0.7209068010075567,
      "cluster_ari": -0.0011009169644886833,
      "cluster_nmi": 0.00011699017059560003
    },
    "interpolation": {
      "n": 398,
      "probe_subj": {
        "accuracy": 0.7738693467336684,