{
  "run_id": "20260528_020",
  "k": 10,
  "drift_score": {
    "Static": {
      "0": 0.6076923076923076,
      "1": 0.596551724137931,
      "2": 0.5242424242424242,
      "3": 0.6043478260869566,
      "4": 0.5407407407407407,
      "5": 0.5172413793103449,
      "6": 0.5407407407407407,
      "7": 0.46521739130434786,
      "8": 0.46896551724137936,
      "9": 0.47
    },
    "Additive": {
      "0": 0.823076923076923,
      "1": 0.789655172413793,
      "2": 0.7545454545454545,
      "3": 0.7347826086956522,
      "4": 0.5851851851851853,
      "5": 0.5103448275862069,
      "6": 0.4962962962962963,
      "7": 0.41304347826086957,
      "8": 0.3,
      "9": 0.26333333333333336
    },
    "Joint": {
      "0": 0.8153846153846154,
      "1": 0.7344827586206897,
      "2": 0.6696969696969698,
      "3": 0.7260869565217393,
      "4": 0.5740740740740741,
      "5": 0.5344827586206896,
      "6": 0.48148148148148145,
      "7": 0.4086956521739131,
      "8": 0.36896551724137927,
      "9": 0.33999999999999997
    },
    "Timeformer": {
      "0": 0.7846153846153847,
      "1": 0.8137931034482758,
      "2": 0.7424242424242424,
      "3": 0.708695652173913,
      "4": 0.5888888888888889,
      "5": 0.5310344827586208,
      "6": 0.4703703703703703,
      "7": 0.41304347826086957,
      "8": 0.31034482758620685,
      "9": 0.29333333333333333
    }
  },
  "drift_score_by_class": {
    "Static": {
      "stable": {
        "0": 0.7000000000000001,
        "1": 0.7933333333333333,
        "2": 0.8115384615384615,
        "3": 0.8130434782608696,
        "4": 0.7708333333333334,
        "5": 0.8172413793103449,
        "6": 0.7750000000000001,
        "7": 0.8478260869565218,
        "8": 0.6999999999999998,
        "9": 0.7727272727272727
      },
      "drift": {
        "0": 0.6076923076923076,
        "1": 0.596551724137931,
        "2": 0.5242424242424242,
        "3": 0.6043478260869566,
        "4": 0.5407407407407407,
        "5": 0.5172413793103449,
        "6": 0.5407407407407407,
        "7": 0.46521739130434786,
        "8": 0.46896551724137936,
        "9": 0.47
      },
      "bifurc": {
        "0": 0.7615384615384614,
        "1": 0.7285714285714286,
        "2": 0.7608695652173914,
        "3": 0.7217391304347827,
        "4": 0.7730769230769231,
        "5": 0.6124999999999999,
        "6": 0.5857142857142856,
        "7": 0.6047619047619048,
        "8": 0.6526315789473685,
        "9": 0.6916666666666668
      }
    },
    "Additive": {
      "stable": {
        "0": 0.8391304347826087,
        "1": 0.8233333333333334,
        "2": 0.8730769230769232,
        "3": 0.8130434782608695,
        "4": 0.7583333333333333,
        "5": 0.8103448275862069,
        "6": 0.775,
        "7": 0.7913043478260869,
        "8": 0.6541666666666667,
        "9": 0.7045454545454545
      },
      "drift": {
        "0": 0.823076923076923,
        "1": 0.789655172413793,
        "2": 0.7545454545454545,
        "3": 0.7347826086956522,
        "4": 0.5851851851851853,
        "5": 0.5103448275862069,
        "6": 0.4962962962962963,
        "7": 0.41304347826086957,
        "8": 0.3,
        "9": 0.26333333333333336
      },
      "bifurc": {
        "0": 0.8923076923076925,
        "1": 0.825,
        "2": 0.8521739130434783,
        "3": 0.7652173913043478,
        "4": 0.7961538461538461,
        "5": 0.5583333333333333,
        "6": 0.5380952380952382,
        "7": 0.47619047619047616,
        "8": 0.5578947368421051,
        "9": 0.4875
      }
    },
    "Joint": {
      "stable": {
        "0": 0.8434782608695651,
        "1": 0.8299999999999998,
        "2": 0.8115384615384614,
        "3": 0.8086956521739131,
        "4": 0.775,
        "5": 0.7931034482758622,
        "6": 0.725,
        "7": 0.7608695652173914,
        "8": 0.6333333333333333,
        "9": 0.6954545454545454
      },
      "drift": {
        "0": 0.8153846153846154,
        "1": 0.7344827586206897,
        "2": 0.6696969696969698,
        "3": 0.7260869565217393,
        "4": 0.5740740740740741,
        "5": 0.5344827586206896,
        "6": 0.48148148148148145,
        "7": 0.4086956521739131,
        "8": 0.36896551724137927,
        "9": 0.33999999999999997
      },
      "bifurc": {
        "0": 0.926923076923077,
        "1": 0.8392857142857142,
        "2": 0.8608695652173914,
        "3": 0.7086956521739131,
        "4": 0.7730769230769231,
        "5": 0.5666666666666667,
        "6": 0.46190476190476193,
        "7": 0.4428571428571429,
        "8": 0.6157894736842106,
        "9": 0.5291666666666667
      }
    },
    "Timeformer": {
      "stable": {
        "0": 0.8478260869565217,
        "1": 0.8533333333333333,
        "2": 0.8961538461538461,
        "3": 0.8173913043478261,
        "4": 0.7708333333333334,
        "5": 0.7965517241379311,
        "6": 0.7178571428571427,
        "7": 0.7695652173913045,
        "8": 0.725,
        "9": 0.7227272727272728
      },
      "drift": {
        "0": 0.7846153846153847,
        "1": 0.8137931034482758,
        "2": 0.7424242424242424,
        "3": 0.708695652173913,
        "4": 0.5888888888888889,
        "5": 0.5310344827586208,
        "6": 0.4703703703703703,
        "7": 0.41304347826086957,
        "8": 0.31034482758620685,
        "9": 0.29333333333333333
      },
      "bifurc": {
        "0": 0.8692307692307693,
        "1": 0.85,
        "2": 0.8130434782608695,
        "3": 0.7956521739130435,
        "4": 0.7961538461538461,
        "5": 0.5708333333333334,
        "6": 0.5047619047619047,
        "7": 0.480952380952381,
        "8": 0.5526315789473684,
        "9": 0.5
      }
    }
  },
  "trajectory_dist": {
    "Static": {
      "stable": {
        "0": -1.8093373244099098e-08,
        "1": 0.03621110764064558,
        "2": 0.0169987449032609,
        "3": 0.010226889989838362,
        "4": 0.02803857545535209,
        "5": 0.02578459892298467,
        "6": 0.029632822798226634,
        "7": 0.04412200461491641,
        "8": 0.05906128057601699,
        "9": 0.03764800155638136
      },
      "drift": {
        "0": 7.249587929969436e-10,
        "1": 0.013223004493166268,
        "2": 0.014429181758829002,
        "3": 0.011377946558976804,
        "4": 0.010712761428701456,
        "5": 0.011803993717590121,
        "6": 0.015256320358510234,
        "7": 0.02177321943846853,
        "8": 0.026227238657831664,
        "9": 0.05407114583668791
      },
      "bifurc": {
        "0": 4.344782722487395e-09,
        "1": 0.017527362748764642,
        "2": 0.05673717525316276,
        "3": 0.032057040136147824,
        "4": 0.025336332655766836,
        "5": 0.028668860975438925,
        "6": 0.045245015978796176,
        "7": 0.013662178987885822,
        "8": 0.017760587529647612,
        "9": 0.01696265777600885
      }
    },
    "Additive": {
      "stable": {
        "0": -1.8256803657745736e-08,
        "1": 0.44820450459122574,
        "2": 0.18173281600766567,
        "3": 0.4070357855074679,
        "4": 0.5696342281004566,
        "5": 0.3801833089513675,
        "6": 0.46618219714495324,
        "7": 0.31033659769367244,
        "8": 0.5302032472483523,
        "9": 0.5807201118472065
      },
      "drift": {
        "0": -4.1418024487871465e-08,
        "1": 0.24953846216377967,
        "2": 0.28993697874203817,
        "3": 0.4130951183449624,
        "4": 0.4622208675665723,
        "5": 0.31753149498532696,
        "6": 0.39561536282681586,
        "7": 0.523698150204347,
        "8": 0.41385657036213563,
        "9": 0.49844475895348256
      },
      "bifurc": {
        "0": 4.898777219430883e-08,
        "1": 0.1438444332683931,
        "2": 0.2035332177832852,
        "3": 0.28287326392062195,
        "4": 0.3092604129882453,
        "5": 0.4926845170149609,
        "6": 0.5288412645290229,
        "7": 0.5451934845304938,
        "8": 0.5092224776212586,
        "9": 0.5290792128546491
      }
    },
    "Joint": {
      "stable": {
        "0": 1.5733335623213663e-08,