{
  "Static": {
    "test": {
      "n": 763,
      "probe_subj": {
        "accuracy": 0.8702490170380078,
        "f1": 0.8085106382978723,
        "auroc": 0.9419675950439479
      },
      "probe_sent": {
        "accuracy": 0.8597640891218873,
        "f1": 0.7881188118811882,
        "auroc": 0.9409880334639416
      },
      "precision_at_5": 0.7910878112712975,
      "cluster_ari": 0.019969976585633653,
      "cluster_nmi": 0.01878688190450539
    },
    "hard_verb": {
      "n": 215,
      "probe_subj": {
        "accuracy": 0.49767441860465117,
        "f1": 0.38636363636363635,
        "auroc": 0.36506666666666665
      },
      "probe_sent": {
        "accuracy": 0.49767441860465117,
        "f1": 0.39325842696629215,
        "auroc": 0.37048888888888887
      },
      "precision_at_5": 0.707906976744186,
      "cluster_ari": 0.03162516047998769,
      "cluster_nmi": 0.03462244336315456
    },
    "hard_both": {
      "n": 69,
      "probe_subj": {
        "accuracy": 0.2898550724637681,
        "f1": 0.07547169811320754,
        "auroc": 0.11798839458413926
      },
      "probe_sent": {
        "accuracy": 0.30434782608695654,
        "f1": 0.07692307692307693,
        "auroc": 0.1034816247582205
      },
      "precision_at_5": 0.6434782608695652,
      "cluster_ari": 0.13953491756918235,
      "cluster_nmi": 0.10118466903617061
    },
    "ambiguous_test": {
      "n": 5000,
      "probe_subj": {
        "accuracy": 0.5706,
        "f1": 0.41065056272303047,
        "auroc": 0.5549188298945544
      },
      "probe_sent": {
        "accuracy": 0.5718,
        "f1": 0.41197473221642406,
        "auroc": 0.5491713097691944
      },
      "precision_at_5": 0.6396,
      "cluster_ari": 0.027606350072408675,
      "cluster_nmi": 0.028441342620732106
    },
    "continuation": {
      "n": 794,
      "probe_subj": {
        "accuracy": 0.7241813602015114,
        "f1": 0.7099337748344371,
        "auroc": 0.7716155372405372
      },
      "probe_sent": {
        "accuracy": 0.7241813602015114,
        "f1": 0.7060402684563758,
        "auroc": 0.7833549552299552
      },
      "precision_at_5": 0.743073047858942,
      "cluster_ari": 0.05134512953776489,
      "cluster_nmi": 0.03763050528810313
    },
    "interpolation": {
      "n": 398,
      "probe_subj": {
        "accuracy": 0.7512562814070352,
        "f1": 0.6837060702875399,
        "auroc": 0.7888844086021506
      },
      "probe_sent": {
        "accuracy": 0.7713567839195979,
        "f1": 0.7016393442622951,
        "auroc": 0.7980510752688171
      },
      "precision_at_5": 0.7040201005025125,
      "cluster_ari": 0.09484126406493014,
      "cluster_nmi": 0.08378378930940651
    },
    "contrastive": {
      "sign_flip_rate": 0.0,
      "n_pairs": 29,
      "n_correct": 0
    }
  },
  "Additive": {
    "test": {
      "n": 763,
      "probe_subj": {
        "accuracy": 0.8990825688073395,
        "f1": 0.8504854368932039,
        "auroc": 0.9635482065324277
      },
      "probe_sent": {
        "accuracy": 0.8938401048492791,
        "f1": 0.8402366863905325,
        "auroc": 0.9613697220919503
      },
      "precision_at_5": 0.8249017038007864,
      "cluster_ari": -0.00028387159966253484,
      "cluster_nmi": 0.0007666722947141931
    },
    "hard_verb": {
      "n": 215,
      "probe_subj": {
        "accuracy": 0.4883720930232558,
        "f1": 0.3956043956043956,
        "auroc": 0.3163555555555555
      },
      "probe_sent": {
        "accuracy": 0.48372093023255813,
        "f1": 0.37988826815642457,
        "auroc": 0.31822222222222224
      },
      "precision_at_5": 0.878139534883721,
      "cluster_ari": -0.0032120394359965703,
      "cluster_nmi": 0.0003037115306766008
    },
    "hard_both": {
      "n": 69,
      "probe_subj": {
        "accuracy": 0.2028985507246377,
        "f1": 0.03508771929824561,
        "auroc": 0.029013539651837523
      },
      "probe_sent": {
        "accuracy": 0.15942028985507245,
        "f1": 0.0,
        "auroc": 0.01740812379110251
      },
      "precision_at_5": 0.7768115942028986,
      "cluster_ari": -0.005583201491570618,
      "cluster_nmi": 0.0017199442154628502
    },
    "ambiguous_test": {
      "n": 5000,
      "probe_subj": {
        "accuracy": 0.5698,
        "f1": 0.4320042249801954,
        "auroc": 0.5605058159310867
      },
      "probe_sent": {
        "accuracy": 0.5668,
        "f1": 0.420545746388443,
        "auroc": 0.5594496706098514
      },
      "precision_at_5": 0.68708,
      "cluster_ari": -8.362876813902062e-06,
      "cluster_nmi": 7.657921701238712e-05
    },
    "continuation": {
      "n": 794,
      "probe_subj": {
        "accuracy": 0.7632241813602015,
        "f1": 0.7740384615384616,
        "auroc": 0.7840258699633699
      },
      "probe_sent": {
        "accuracy": 0.7732997481108312,
        "f1": 0.782608695652174,
        "auroc": 0.7830242673992673
      },
      "precision_at_5": 0.7274559193954659,
      "cluster_ari": -0.0011009169644886833,
      "cluster_nmi": 0.00011699017059560003
    },
    "interpolation": {
      "n": 398,
      "probe_subj": {
        "accuracy": 0.7587939698492462,
        "f1": 0.6942675159235668,
        "auroc": 0.7773252688172044
      },
      "probe_sent": {
        "accuracy": 0.7613065326633166,
        "f1": 0.7003154574132492,
        "auroc": 0.7834274193548387
      },
      "precision_at_5": 0.6824120603015076,
      "cluster_ari": -0.0017501178010436178,
      "cluster_nmi": 0.00013006289651555484
    },
    "contrastive": {
      "sign_flip_rate": 0.5172413793103449,
      "n_pairs": 29,
      "n_correct": 15
    }
  },
  "Joint": {
    "test": {
      "n": 763,
      "probe_subj": {
        "accuracy": 0.8964613368283093,
        "f1": 0.8454011741682974,
        "auroc": 0.950477299889563
      },
      "probe_sent": {
        "accuracy": 0.8925294888597641,
        "f1": 0.8410852713178295,
        "auroc": 0.9517253899335865
      },
      "precision_at_5": 0.8159895150720838,
      "cluster_ari": -0.0004364560803346393,
      "cluster_nmi": 0.0006776744852477961
    },
    "hard_verb": {
      "n": 215,
      "probe_subj": {
        "accuracy": 0.5348837209302325,
        "f1": 0.42528735632183906,
        "auroc": 0.3800888888888889
      },
      "probe_sent": {
        "accuracy": 0.5255813953488372,
        "f1": 0.43333333333333335,
        "auroc": 0.35448888888888885
      },
      "precision_at_5": 0.9246511627906977,
      "cluster_ari": -0.0023998110092123934,
      "cluster_nmi": 0.000589896192910921
    },
    "hard_both": {
      "n": 69,
      "probe_subj": {
        "accuracy": 0.21739130434782608,
        "f1": 0.0,
        "auroc": 0.023210831721470024
      },
      "probe_sent": {
        "accuracy": 0.2028985507246377,
        "f1": 0.0,
        "auroc": 0.040618955512572524
      },
      "precision_at_5": 0.8434782608695652,
      "cluster_ari": -0.012276409535210777,
      "cluster_nmi": 3.997272331737276e-05
    },
    "ambiguous_test": {
      "n": 5000,
      "probe_subj": {
        "accuracy": 0.5892,
        "f1": 0.4325966850828729,
        "auroc": 0.5620914421067015
      },
      "probe_sent": {
        "accuracy": 0.5778,
        "f1": 0.4265145340939962,
        "auroc": 0.56104247403109
      },
      "precision_at_5": 0.68012,
      "cluster_ari": 0.0003387341982420247,
      "cluster_nmi": 0.0002507402945898118
    },
    "continuation": {
      "n": 794,
      "probe_subj": {
        "accuracy": 0.7670025188916877,
        "f1": 0.7768395657418576,
        "auroc": 0.7791514041514042
      },
      "probe_sent": {
        "accuracy": 0.7670025188916877,
        "f1": 0.7768395657418576,
        "auroc": 0.7735551485551486
      },
      "precision_at_5": 0.6964735516372796,
      "cluster_ari": -0.0008531771386884498,
      "cluster_nmi": 0.00028686963755007744
    },
    "interpolation": {
      "n": 398,
      "probe_subj": {
        "accuracy": 0.7688442211055276,