{
  "run_id": "20260523_007",
  "k": 10,
  "drift_score": {
    "B1": {
      "0": 0.6115384615384615,
      "1": 0.5448275862068965,
      "2": 0.5696969696969697,
      "3": 0.5782608695652174,
      "4": 0.5296296296296297,
      "5": 0.49999999999999994,
      "6": 0.5629629629629629,
      "7": 0.4043478260869566,
      "8": 0.40344827586206894,
      "9": 0.36000000000000004
    },
    "B2b": {
      "0": 0.8346153846153845,
      "1": 0.8034482758620689,
      "2": 0.696969696969697,
      "3": 0.7434782608695651,
      "4": 0.5407407407407407,
      "5": 0.4241379310344828,
      "6": 0.48518518518518516,
      "7": 0.3608695652173913,
      "8": 0.3344827586206897,
      "9": 0.2533333333333333
    },
    "B3": {
      "0": 0.8769230769230768,
      "1": 0.7517241379310344,
      "2": 0.7393939393939394,
      "3": 0.7782608695652173,
      "4": 0.6222222222222222,
      "5": 0.5137931034482759,
      "6": 0.5000000000000001,
      "7": 0.34782608695652173,
      "8": 0.3310344827586207,
      "9": 0.2866666666666667
    }
  },
  "drift_score_by_class": {
    "B1": {
      "stable": {
        "0": 0.7652173913043478,
        "1": 0.7766666666666665,
        "2": 0.8269230769230769,
        "3": 0.7869565217391304,
        "4": 0.7416666666666667,
        "5": 0.7862068965517242,
        "6": 0.75,
        "7": 0.8434782608695653,
        "8": 0.6791666666666667,
        "9": 0.7545454545454546
      },
      "drift": {
        "0": 0.6115384615384615,
        "1": 0.5448275862068965,
        "2": 0.5696969696969697,
        "3": 0.5782608695652174,
        "4": 0.5296296296296297,
        "5": 0.49999999999999994,
        "6": 0.5629629629629629,
        "7": 0.4043478260869566,
        "8": 0.40344827586206894,
        "9": 0.36000000000000004
      },
      "bifurc": {
        "0": 0.776923076923077,
        "1": 0.7607142857142856,
        "2": 0.8521739130434783,
        "3": 0.7608695652173914,
        "4": 0.7730769230769231,
        "5": 0.6458333333333334,
        "6": 0.6476190476190476,
        "7": 0.5238095238095238,
        "8": 0.7368421052631579,
        "9": 0.6625
      }
    },
    "B2b": {
      "stable": {
        "0": 0.8391304347826087,
        "1": 0.8066666666666665,
        "2": 0.8499999999999999,
        "3": 0.8173913043478259,
        "4": 0.7666666666666666,
        "5": 0.7724137931034484,
        "6": 0.7321428571428571,
        "7": 0.7869565217391304,
        "8": 0.6375000000000001,
        "9": 0.7045454545454546
      },
      "drift": {
        "0": 0.8346153846153845,
        "1": 0.8034482758620689,
        "2": 0.696969696969697,
        "3": 0.7434782608695651,
        "4": 0.5407407407407407,
        "5": 0.4241379310344828,
        "6": 0.48518518518518516,
        "7": 0.3608695652173913,
        "8": 0.3344827586206897,
        "9": 0.2533333333333333
      },
      "bifurc": {
        "0": 0.8576923076923075,
        "1": 0.8107142857142857,
        "2": 0.8434782608695651,
        "3": 0.7260869565217393,
        "4": 0.7461538461538461,
        "5": 0.5541666666666666,
        "6": 0.5666666666666667,
        "7": 0.4428571428571429,
        "8": 0.5684210526315789,
        "9": 0.5416666666666666
      }
    },
    "B3": {
      "stable": {
        "0": 0.7869565217391304,
        "1": 0.7566666666666664,
        "2": 0.8192307692307692,
        "3": 0.8043478260869565,
        "4": 0.7208333333333332,
        "5": 0.789655172413793,
        "6": 0.7357142857142858,
        "7": 0.7086956521739131,
        "8": 0.6208333333333332,
        "9": 0.7000000000000001
      },
      "drift": {
        "0": 0.8769230769230768,
        "1": 0.7517241379310344,
        "2": 0.7393939393939394,
        "3": 0.7782608695652173,
        "4": 0.6222222222222222,
        "5": 0.5137931034482759,
        "6": 0.5000000000000001,
        "7": 0.34782608695652173,
        "8": 0.3310344827586207,
        "9": 0.2866666666666667
      },
      "bifurc": {
        "0": 0.8923076923076922,
        "1": 0.8714285714285716,
        "2": 0.8304347826086955,
        "3": 0.7956521739130435,
        "4": 0.75,
        "5": 0.5958333333333333,
        "6": 0.4523809523809524,
        "7": 0.4333333333333333,
        "8": 0.5578947368421052,
        "9": 0.5416666666666666
      }
    }
  },
  "trajectory_dist": {
    "B1": {
      "stable": {
        "0": 1.2988138731184762e-08,
        "1": 0.14689061583071603,
        "2": 0.05813804113826311,
        "3": 0.10819056093275044,
        "4": 0.19814436608236638,
        "5": 0.13458175003661998,
        "6": 0.18189647317011914,
        "7": 0.061039720891502385,
        "8": 0.14389295525436438,
        "9": 0.1824961896303444
      },
      "drift": {
        "0": -3.3118663933517925e-08,
        "1": 0.07065844538219382,
        "2": 0.10742118504285943,
        "3": 0.08792524176553332,
        "4": 0.04883472432790352,
        "5": 0.040266309647970865,
        "6": 0.04980570473689296,
        "7": 0.12318058383445227,
        "8": 0.07994980838358431,
        "9": 0.08284376886162748
      },
      "bifurc": {
        "0": -2.993489037761421e-08,
        "1": 0.03656112851471789,
        "2": 0.059663083694896236,
        "3": 0.06859520819219687,
        "4": 0.05060007674313806,
        "5": 0.10625451602146771,
        "6": 0.14590541121811923,
        "7": 0.16308439829181356,
        "8": 0.1205480656281466,
        "9": 0.08831107033678286
      }
    },
    "B2b": {
      "stable": {
        "0": -2.5331399533534693e-08,
        "1": 0.5015054060857798,
        "2": 0.23347768214151926,
        "3": 0.4974559924060551,
        "4": 0.6754873464573953,
        "5": 0.5074083185545731,
        "6": 0.6230192970729673,
        "7": 0.3982289601312881,
        "8": 0.6260135169657666,
        "9": 0.6819831817567656
      },
      "drift": {
        "0": -1.8928940281881525e-08,
        "1": 0.22763619550176037,
        "2": 0.33320969666169975,
        "3": 0.3404216283909465,
        "4": 0.44472294975046545,
        "5": 0.36898992611869497,
        "6": 0.4214721545453967,
        "7": 0.5782256515600567,
        "8": 0.3957736768541517,
        "9": 0.6022073942865318
      },
      "bifurc": {
        "0": -1.0970021524503437e-08,
        "1": 0.15978370306026032,
        "2": 0.22591059105342906,
        "3": 0.4173894602220297,
        "4": 0.2873995221629114,
        "5": 0.5121899045100311,
        "6": 0.5789622306345241,
        "7": 0.6732723765244125,
        "8": 0.5447720242691192,
        "9": 0.6423882992168015
      }
    },
    "B3": {
      "stable": {
        "0": -4.962981126066523e-09,
        "1": 0.42993814160965665,
        "2": 0.16326642227493013,
        "3": 0.39424115152538675,
        "4": 0.5437213357634955,
        "5": 0.3674322646916408,
        "6": 0.42968465651614485,
        "7": 0.25295167535225854,
        "8": 0.401778849379794,
        "9": 0.45124583695875425
      },
      "drift": {
        "0": 5.892578480715116e-09,
        "1": 0.10035056672318728,
        "2": 0.22131238889776425,
        "3": 0.14938340306722536,
        "4": 0.22119125829930075,
        "5": 0.22696081337509888,
        "6": 0.24860086790296337,
        "7": 0.2551467611262434,
        "8": 0.1990035665857092,
        "9": 0.3618706002904951
      },
      "bifurc": {
        "0": -6.818261666374781e-09,
        "1": 0.09805082749006411,
        "2": 0.1595286351512435,
        "3": 0.30431300616529655,
        "4": 0.18097795800727876,
        "5": 0.2622744845895547,
        "6": 0.3363538722901359,
        "7": 0.39801221461827263,
        "8": 0.39040114087858147,
        "9": 0.3793005920339113
      }
    }
  },
  "coherence": {
    "B1": {
      "stable": {
        "0": 0.7652173913043478,
        "1": 0.7966666666666665,
        "2": 0.8115384615384615,
        "3": 0.8217391304347827,
        "4": 0.8416666666666667,
        "5": 0.7793103448275862,
        "6": 0.8285714285714285,
        "7": 0.7304347826086957,