{
  "B1": {
    "test": {
      "n": 763,
      "probe_subj": {
        "accuracy": 0.8741808650065531,
        "f1": 0.805668016194332,
        "auroc": 0.9364722167592019
      },
      "probe_sent": {
        "accuracy": 0.8820445609436435,
        "f1": 0.8178137651821862,
        "auroc": 0.9438170375637281
      },
      "precision_at_5": 0.8162516382699869,
      "cluster_ari": 0.02828538836890178,
      "cluster_nmi": 0.022713752152498715
    },
    "hard_verb": {
      "n": 215,
      "probe_subj": {
        "accuracy": 0.5069767441860465,
        "f1": 0.36904761904761907,
        "auroc": 0.36488888888888893
      },
      "probe_sent": {
        "accuracy": 0.4930232558139535,
        "f1": 0.3699421965317919,
        "auroc": 0.40195555555555557
      },
      "precision_at_5": 0.7646511627906977,
      "cluster_ari": 0.004876841830335684,
      "cluster_nmi": 0.005426077854266859
    },
    "hard_both": {
      "n": 69,
      "probe_subj": {
        "accuracy": 0.2898550724637681,
        "f1": 0.0,
        "auroc": 0.10058027079303675
      },
      "probe_sent": {
        "accuracy": 0.2028985507246377,
        "f1": 0.0,
        "auroc": 0.061895551257253385
      },
      "precision_at_5": 0.6811594202898551,
      "cluster_ari": 0.009782246408979697,
      "cluster_nmi": 0.009289698711340602
    },
    "ambiguous_test": {
      "n": 5000,
      "probe_subj": {
        "accuracy": 0.5756,
        "f1": 0.38349796629866356,
        "auroc": 0.5616291911480396
      },
      "probe_sent": {
        "accuracy": 0.5644,
        "f1": 0.3808982376350199,
        "auroc": 0.5512067402876422
      },
      "precision_at_5": 0.6356,
      "cluster_ari": 0.03205668872962593,
      "cluster_nmi": 0.02272911079200881
    },
    "continuation": {
      "n": 794,
      "probe_subj": {
        "accuracy": 0.7103274559193955,
        "f1": 0.6823204419889503,
        "auroc": 0.7757014397639398
      },
      "probe_sent": {
        "accuracy": 0.7178841309823678,
        "f1": 0.6956521739130435,
        "auroc": 0.7831228378103378
      },
      "precision_at_5": 0.7453400503778338,
      "cluster_ari": 0.041452930070480544,
      "cluster_nmi": 0.032172306155263695
    },
    "interpolation": {
      "n": 398,
      "probe_subj": {
        "accuracy": 0.7587939698492462,
        "f1": 0.673469387755102,
        "auroc": 0.7986962365591398
      },
      "probe_sent": {
        "accuracy": 0.7537688442211056,
        "f1": 0.668918918918919,
        "auroc": 0.7897043010752688
      },
      "precision_at_5": 0.7055276381909548,
      "cluster_ari": 0.0737032012211365,
      "cluster_nmi": 0.05116209712753336
    },
    "contrastive": {
      "sign_flip_rate": 0.0,
      "n_pairs": 29,
      "n_correct": 0
    }
  },
  "B2a": {
    "test": {
      "n": 763,
      "probe_subj": {
        "accuracy": 0.8820445609436435,
        "f1": 0.8228346456692913,
        "auroc": 0.9550233733226425
      },
      "probe_sent": {
        "accuracy": 0.8794233289646134,
        "f1": 0.8203125,
        "auroc": 0.9569446755722303
      },
      "precision_at_5": 0.8235910878112713,
      "cluster_ari": -0.00029134170058218984,
      "cluster_nmi": 0.0006155441821398271
    },
    "hard_verb": {
      "n": 215,
      "probe_subj": {
        "accuracy": 0.4883720930232558,
        "f1": 0.38202247191011235,
        "auroc": 0.2879111111111112
      },
      "probe_sent": {
        "accuracy": 0.4744186046511628,
        "f1": 0.3756906077348066,
        "auroc": 0.2826666666666666
      },
      "precision_at_5": 0.9004651162790698,
      "cluster_ari": -0.0023998110092123934,
      "cluster_nmi": 0.000589896192910921
    },
    "hard_both": {
      "n": 69,
      "probe_subj": {
        "accuracy": 0.15942028985507245,
        "f1": 0.0,
        "auroc": 0.058994197292069644
      },
      "probe_sent": {
        "accuracy": 0.2463768115942029,
        "f1": 0.0,
        "auroc": 0.07833655705996131
      },
      "precision_at_5": 0.8028985507246377,
      "cluster_ari": 3.205936228099448e-05,
      "cluster_nmi": 0.003526013376695813
    },
    "ambiguous_test": {
      "n": 5000,
      "probe_subj": {
        "accuracy": 0.5716,
        "f1": 0.41603053435114506,
        "auroc": 0.5588575024202762
      },
      "probe_sent": {
        "accuracy": 0.5722,
        "f1": 0.41445387352860663,
        "auroc": 0.5572135497675662
      },
      "precision_at_5": 0.65576,
      "cluster_ari": -0.00013643281166749542,
      "cluster_nmi": 4.827751248798712e-05
    },
    "continuation": {
      "n": 794,
      "probe_subj": {
        "accuracy": 0.7367758186397985,
        "f1": 0.7497005988023953,
        "auroc": 0.7721242877492877
      },
      "probe_sent": {
        "accuracy": 0.7355163727959698,
        "f1": 0.7457627118644068,
        "auroc": 0.7681115181115181
      },
      "precision_at_5": 0.6816120906801008,
      "cluster_ari": -0.0008531771386884498,
      "cluster_nmi": 0.00028686963755007744
    },
    "interpolation": {
      "n": 398,
      "probe_subj": {
        "accuracy": 0.7613065326633166,
        "f1": 0.6905537459283387,
        "auroc": 0.7786962365591398
      },
      "probe_sent": {
        "accuracy": 0.7462311557788944,
        "f1": 0.6773162939297125,
        "auroc": 0.7774596774193548
      },
      "precision_at_5": 0.6864321608040201,
      "cluster_ari": -0.0020714967796670158,
      "cluster_nmi": 3.4108315309083516e-05
    },
    "contrastive": {
      "sign_flip_rate": 0.5862068965517241,
      "n_pairs": 29,
      "n_correct": 17
    }
  },
  "B2b": {
    "test": {
      "n": 763,
      "probe_subj": {
        "accuracy": 0.9043250327653998,
        "f1": 0.8571428571428571,
        "auroc": 0.9584045627146336
      },
      "probe_sent": {
        "accuracy": 0.8938401048492791,
        "f1": 0.8439306358381503,
        "auroc": 0.9606435606117911
      },
      "precision_at_5": 0.8131061598951507,
      "cluster_ari": 0.0013251804908080088,
      "cluster_nmi": 0.0030712911821563563
    },
    "hard_verb": {
      "n": 215,
      "probe_subj": {
        "accuracy": 0.5116279069767442,
        "f1": 0.4262295081967213,
        "auroc": 0.35644444444444445
      },
      "probe_sent": {
        "accuracy": 0.5302325581395348,
        "f1": 0.44808743169398907,
        "auroc": 0.35804444444444444
      },
      "precision_at_5": 0.9023255813953488,
      "cluster_ari": 0.006869143452093756,
      "cluster_nmi": 0.007312194082531044
    },
    "hard_both": {
      "n": 69,
      "probe_subj": {
        "accuracy": 0.2608695652173913,
        "f1": 0.10526315789473684,
        "auroc": 0.09284332688588008
      },
      "probe_sent": {
        "accuracy": 0.18840579710144928,
        "f1": 0.034482758620689655,
        "auroc": 0.024177949709864602
      },
      "precision_at_5": 0.8202898550724638,
      "cluster_ari": 0.02239923104733502,
      "cluster_nmi": 0.023148471360242465
    },
    "ambiguous_test": {
      "n": 5000,
      "probe_subj": {
        "accuracy": 0.5764,
        "f1": 0.43095110155830196,
        "auroc": 0.5661589416488114
      },
      "probe_sent": {
        "accuracy": 0.5714,
        "f1": 0.4295980835773223,
        "auroc": 0.5667593772985355
      },
      "precision_at_5": 0.68024,
      "cluster_ari": -0.00029851057512808837,
      "cluster_nmi": 0.0005056508540964726
    },
    "continuation": {
      "n": 794,
      "probe_subj": {
        "accuracy": 0.7644836272040302,
        "f1": 0.7705521472392638,
        "auroc": 0.7696568477818477
      },
      "probe_sent": {
        "accuracy": 0.7531486146095718,
        "f1": 0.7586206896551724,
        "auroc": 0.7780575905575906
      },
      "precision_at_5": 0.6879093198992443,
      "cluster_ari": 0.00036341524952669235,
      "cluster_nmi": 0.0010301427609618473
    },
    "interpolation": {
      "n": 398,
      "probe_subj": {
        "accuracy": 0.7814070351758794,
        "f1": 0.7220447284345048,