{
  "run_id": "20260528_024",
  "k": 10,
  "drift_score": {
    "Static": {
      "0": 0.6730769230769231,
      "1": 0.6241379310344828,
      "2": 0.6272727272727272,
      "3": 0.6782608695652174,
      "4": 0.5444444444444444,
      "5": 0.5172413793103449,
      "6": 0.4666666666666667,
      "7": 0.41304347826086957,
      "8": 0.4310344827586208,
      "9": 0.4366666666666667
    },
    "Additive": {
      "0": 0.8615384615384615,
      "1": 0.8137931034482757,
      "2": 0.7454545454545454,
      "3": 0.7478260869565218,
      "4": 0.5518518518518519,
      "5": 0.46896551724137936,
      "6": 0.4555555555555556,
      "7": 0.31739130434782603,
      "8": 0.2827586206896551,
      "9": 0.18
    },
    "Joint": {
      "0": 0.8576923076923075,
      "1": 0.7689655172413792,
      "2": 0.6787878787878787,
      "3": 0.717391304347826,
      "4": 0.5296296296296296,
      "5": 0.41379310344827586,
      "6": 0.45185185185185184,
      "7": 0.3130434782608696,
      "8": 0.296551724137931,
      "9": 0.18666666666666662
    },
    "Timeformer": {
      "0": 0.8653846153846154,
      "1": 0.7689655172413793,
      "2": 0.6696969696969698,
      "3": 0.6782608695652175,
      "4": 0.5333333333333333,
      "5": 0.4310344827586208,
      "6": 0.425925925925926,
      "7": 0.33478260869565224,
      "8": 0.23448275862068962,
      "9": 0.20000000000000004
    }
  },
  "drift_score_by_class": {
    "Static": {
      "stable": {
        "0": 0.7478260869565219,
        "1": 0.7799999999999999,
        "2": 0.7961538461538461,
        "3": 0.834782608695652,
        "4": 0.7458333333333332,
        "5": 0.8137931034482759,
        "6": 0.7535714285714287,
        "7": 0.7739130434782607,
        "8": 0.6916666666666668,
        "9": 0.790909090909091
      },
      "drift": {
        "0": 0.6730769230769231,
        "1": 0.6241379310344828,
        "2": 0.6272727272727272,
        "3": 0.6782608695652174,
        "4": 0.5444444444444444,
        "5": 0.5172413793103449,
        "6": 0.4666666666666667,
        "7": 0.41304347826086957,
        "8": 0.4310344827586208,
        "9": 0.4366666666666667
      },
      "bifurc": {
        "0": 0.8192307692307692,
        "1": 0.75,
        "2": 0.7913043478260869,
        "3": 0.7478260869565218,
        "4": 0.7615384615384614,
        "5": 0.5625,
        "6": 0.6428571428571429,
        "7": 0.5047619047619047,
        "8": 0.6473684210526315,
        "9": 0.6333333333333334
      }
    },
    "Additive": {
      "stable": {
        "0": 0.8782608695652173,
        "1": 0.8199999999999998,
        "2": 0.9192307692307692,
        "3": 0.8434782608695653,
        "4": 0.7625000000000001,
        "5": 0.820689655172414,
        "6": 0.7214285714285714,
        "7": 0.7695652173913045,
        "8": 0.6958333333333333,
        "9": 0.6227272727272727
      },
      "drift": {
        "0": 0.8615384615384615,
        "1": 0.8137931034482757,
        "2": 0.7454545454545454,
        "3": 0.7478260869565218,
        "4": 0.5518518518518519,
        "5": 0.46896551724137936,
        "6": 0.4555555555555556,
        "7": 0.31739130434782603,
        "8": 0.2827586206896551,
        "9": 0.18
      },
      "bifurc": {
        "0": 0.9230769230769231,
        "1": 0.8642857142857141,
        "2": 0.8391304347826086,
        "3": 0.8173913043478259,
        "4": 0.7769230769230769,
        "5": 0.5833333333333334,
        "6": 0.5476190476190477,
        "7": 0.4523809523809523,
        "8": 0.5473684210526316,
        "9": 0.45416666666666666
      }
    },
    "Joint": {
      "stable": {
        "0": 0.9478260869565216,
        "1": 0.8466666666666665,
        "2": 0.8961538461538461,
        "3": 0.8086956521739131,
        "4": 0.775,
        "5": 0.8206896551724138,
        "6": 0.7214285714285714,
        "7": 0.7652173913043477,
        "8": 0.6625,
        "9": 0.6545454545454544
      },
      "drift": {
        "0": 0.8576923076923075,
        "1": 0.7689655172413792,
        "2": 0.6787878787878787,
        "3": 0.717391304347826,
        "4": 0.5296296296296296,
        "5": 0.41379310344827586,
        "6": 0.45185185185185184,
        "7": 0.3130434782608696,
        "8": 0.296551724137931,
        "9": 0.18666666666666662
      },
      "bifurc": {
        "0": 0.926923076923077,
        "1": 0.8464285714285714,
        "2": 0.8260869565217391,
        "3": 0.7739130434782611,
        "4": 0.7307692307692307,
        "5": 0.5958333333333333,
        "6": 0.523809523809524,
        "7": 0.42857142857142855,
        "8": 0.531578947368421,
        "9": 0.4791666666666667
      }
    },
    "Timeformer": {
      "stable": {
        "0": 0.8695652173913043,
        "1": 0.8166666666666667,
        "2": 0.8307692307692308,
        "3": 0.7869565217391304,
        "4": 0.725,
        "5": 0.786206896551724,
        "6": 0.7178571428571429,
        "7": 0.6956521739130435,
        "8": 0.6166666666666667,
        "9": 0.7136363636363637
      },
      "drift": {
        "0": 0.8653846153846154,
        "1": 0.7689655172413793,
        "2": 0.6696969696969698,
        "3": 0.6782608695652175,
        "4": 0.5333333333333333,
        "5": 0.4310344827586208,
        "6": 0.425925925925926,
        "7": 0.33478260869565224,
        "8": 0.23448275862068962,
        "9": 0.20000000000000004
      },
      "bifurc": {
        "0": 0.9115384615384615,
        "1": 0.8392857142857142,
        "2": 0.8217391304347825,
        "3": 0.717391304347826,
        "4": 0.75,
        "5": 0.5375,
        "6": 0.5095238095238096,
        "7": 0.4476190476190475,
        "8": 0.6578947368421053,
        "9": 0.5416666666666666
      }
    }
  },
  "trajectory_dist": {
    "Static": {
      "stable": {
        "0": -2.1829537177886495e-09,
        "1": 0.1460914478494971,
        "2": 0.10827148434396465,
        "3": 0.1052413873908757,
        "4": 0.19611996813022964,
        "5": 0.14771838068082965,
        "6": 0.12984857915016468,
        "7": 0.17110923884690366,
        "8": 0.14496422349568963,
        "9": 0.1098912779474793
      },
      "drift": {
        "0": 5.522696000515026e-09,
        "1": 0.10028123758089798,
        "2": 0.03875150025915328,
        "3": 0.06609090525843456,
        "4": 0.06279250542894005,
        "5": 0.09110626169554872,
        "6": 0.0492089827415567,
        "7": 0.04103402415468582,
        "8": 0.05172473760265152,
        "9": 0.032579202917883875
      },
      "bifurc": {
        "0": -1.0246205661701424e-08,
        "1": 0.08517348883393186,
        "2": 0.15834832880761285,
        "3": 0.1230021813762141,
        "4": 0.09186064502899562,
        "5": 0.11603143845181693,
        "6": 0.181477626685084,
        "7": 0.07835127873584168,
        "8": 0.14249305672534224,
        "9": 0.09153420243345756
      }
    },
    "Additive": {
      "stable": {
        "0": 1.3125765496724285e-08,
        "1": 0.36001506206555894,
        "2": 0.1474426172058384,
        "3": 0.3791679364857702,
        "4": 0.5102686837794583,
        "5": 0.37183296934126486,
        "6": 0.44516624372003316,
        "7": 0.29779577166246474,
        "8": 0.4436823181885081,
        "9": 0.5840877128185511
      },
      "drift": {
        "0": 1.2532150228672379e-08,
        "1": 0.2381495053541737,
        "2": 0.29970296228572063,
        "3": 0.3702998187090045,
        "4": 0.48854446068055246,
        "5": 0.4225580776822073,
        "6": 0.5410026738467868,
        "7": 0.6385974428410253,
        "8": 0.5576197402706573,
        "9": 0.7622127586330657
      },
      "bifurc": {
        "0": 1.700064395926404e-08,
        "1": 0.12415669858423377,
        "2": 0.17353551118214025,
        "3": 0.29596142494420774,
        "4": 0.2161693977702302,
        "5": 0.4182012474848761,
        "6": 0.5284821780166632,
        "7": 0.6279537034406169,
        "8": 0.5406989912628117,
        "9": 0.6692498577152604
      }
    },