{
  "Static": {
    "test": {
      "n": 763,
      "probe_subj": {
        "accuracy": 0.8885976408912188,
        "f1": 0.8362235067437379,
        "auroc": 0.9463623848353278
      },
      "probe_sent": {
        "accuracy": 0.8859764089121888,
        "f1": 0.8284023668639053,
        "auroc": 0.952553667871893
      },
      "precision_at_5": 0.8319790301441677,
      "cluster_ari": 0.08372639152136024,
      "cluster_nmi": 0.08765692092517427
    },
    "hard_verb": {
      "n": 215,
      "probe_subj": {
        "accuracy": 0.4930232558139535,
        "f1": 0.384180790960452,
        "auroc": 0.3606222222222222
      },
      "probe_sent": {
        "accuracy": 0.4883720930232558,
        "f1": 0.38202247191011235,
        "auroc": 0.35004444444444444
      },
      "precision_at_5": 0.8827906976744186,
      "cluster_ari": 0.14511007798643194,
      "cluster_nmi": 0.12000077433153665
    },
    "hard_both": {
      "n": 69,
      "probe_subj": {
        "accuracy": 0.2318840579710145,
        "f1": 0.0,
        "auroc": 0.05705996131528045
      },
      "probe_sent": {
        "accuracy": 0.21739130434782608,
        "f1": 0.0,
        "auroc": 0.025145067698259197
      },
      "precision_at_5": 0.8579710144927536,
      "cluster_ari": 0.1598673959499636,
      "cluster_nmi": 0.10325120961687902
    },
    "ambiguous_test": {
      "n": 5000,
      "probe_subj": {
        "accuracy": 0.5482,
        "f1": 0.3856404677726407,
        "auroc": 0.5412507195415867
      },
      "probe_sent": {
        "accuracy": 0.5498,
        "f1": 0.3804018717313515,
        "auroc": 0.5390772860344973
      },
      "precision_at_5": 0.63576,
      "cluster_ari": 0.012552767243983302,
      "cluster_nmi": 0.023140740491605156
    },
    "continuation": {
      "n": 794,
      "probe_subj": {
        "accuracy": 0.7329974811083123,
        "f1": 0.7195767195767195,
        "auroc": 0.7858796296296297
      },
      "probe_sent": {
        "accuracy": 0.7367758186397985,
        "f1": 0.7231788079470198,
        "auroc": 0.7780194342694343
      },
      "precision_at_5": 0.7340050377833753,
      "cluster_ari": 0.21849544874609467,
      "cluster_nmi": 0.16650578341273667
    },
    "interpolation": {
      "n": 398,
      "probe_subj": {
        "accuracy": 0.7613065326633166,
        "f1": 0.6925566343042071,
        "auroc": 0.792244623655914
      },
      "probe_sent": {
        "accuracy": 0.7663316582914573,
        "f1": 0.6910299003322259,
        "auroc": 0.7823790322580646
      },
      "precision_at_5": 0.7256281407035176,
      "cluster_ari": 0.18015640278066208,
      "cluster_nmi": 0.17101114839352802
    },
    "contrastive": {
      "sign_flip_rate": 0.0,
      "n_pairs": 29,
      "n_correct": 0
    }
  },
  "Additive": {
    "test": {
      "n": 763,
      "probe_subj": {
        "accuracy": 0.8938401048492791,
        "f1": 0.8389662027833003,
        "auroc": 0.9564454395546209
      },
      "probe_sent": {
        "accuracy": 0.8899082568807339,
        "f1": 0.8326693227091634,
        "auroc": 0.9600611185912468
      },
      "precision_at_5": 0.7887287024901704,
      "cluster_ari": 0.0010786720820470405,
      "cluster_nmi": 0.0027359970820739045
    },
    "hard_verb": {
      "n": 215,
      "probe_subj": {
        "accuracy": 0.4697674418604651,
        "f1": 0.3522727272727273,
        "auroc": 0.3572444444444445
      },
      "probe_sent": {
        "accuracy": 0.48372093023255813,
        "f1": 0.3728813559322034,
        "auroc": 0.3375111111111111
      },
      "precision_at_5": 0.8316279069767442,
      "cluster_ari": 0.00014769654241184827,
      "cluster_nmi": 0.0023182056235356626
    },
    "hard_both": {
      "n": 69,
      "probe_subj": {
        "accuracy": 0.2318840579710145,
        "f1": 0.0,
        "auroc": 0.004835589941972923
      },
      "probe_sent": {
        "accuracy": 0.21739130434782608,
        "f1": 0.0,
        "auroc": 0.008704061895551255
      },
      "precision_at_5": 0.7507246376811594,
      "cluster_ari": -0.005583201491570618,
      "cluster_nmi": 0.0017199442154628502
    },
    "ambiguous_test": {
      "n": 5000,
      "probe_subj": {
        "accuracy": 0.5848,
        "f1": 0.4355628058727569,
        "auroc": 0.568036291061113
      },
      "probe_sent": {
        "accuracy": 0.5846,
        "f1": 0.43297843297843297,
        "auroc": 0.5713766175149504
      },
      "precision_at_5": 0.69768,
      "cluster_ari": -0.00031737937048959485,
      "cluster_nmi": 0.00012133942724401158
    },
    "continuation": {
      "n": 794,
      "probe_subj": {
        "accuracy": 0.7481108312342569,
        "f1": 0.7601918465227818,
        "auroc": 0.7857270044770044
      },
      "probe_sent": {
        "accuracy": 0.7581863979848866,
        "f1": 0.7703349282296651,
        "auroc": 0.7880227411477413
      },
      "precision_at_5": 0.7329974811083123,
      "cluster_ari": 0.0001606744707185326,
      "cluster_nmi": 0.0008130912483745803
    },
    "interpolation": {
      "n": 398,
      "probe_subj": {
        "accuracy": 0.7487437185929648,
        "f1": 0.6855345911949685,
        "auroc": 0.7808467741935483
      },
      "probe_sent": {
        "accuracy": 0.7713567839195979,
        "f1": 0.707395498392283,
        "auroc": 0.7870564516129032
      },
      "precision_at_5": 0.7190954773869347,
      "cluster_ari": -0.0017501178010436178,
      "cluster_nmi": 0.00013006289651555484
    },
    "contrastive": {
      "sign_flip_rate": 0.6551724137931034,
      "n_pairs": 29,
      "n_correct": 19
    }
  },
  "Joint": {
    "test": {
      "n": 763,
      "probe_subj": {
        "accuracy": 0.8885976408912188,
        "f1": 0.8374760994263862,
        "auroc": 0.9493956218514091
      },
      "probe_sent": {
        "accuracy": 0.8951507208387942,
        "f1": 0.8461538461538461,
        "auroc": 0.9531398919834797
      },
      "precision_at_5": 0.7979030144167759,
      "cluster_ari": -0.000901776793532821,
      "cluster_nmi": 2.1964224570278076e-05
    },
    "hard_verb": {
      "n": 215,
      "probe_subj": {
        "accuracy": 0.5116279069767442,
        "f1": 0.4,
        "auroc": 0.3722666666666667
      },
      "probe_sent": {
        "accuracy": 0.48372093023255813,
        "f1": 0.3867403314917127,
        "auroc": 0.3411555555555556
      },
      "precision_at_5": 0.8427906976744186,
      "cluster_ari": -0.004027024732239244,
      "cluster_nmi": 0.000378752877332678
    },
    "hard_both": {
      "n": 69,
      "probe_subj": {
        "accuracy": 0.21739130434782608,
        "f1": 0.0,
        "auroc": 0.03965183752417795
      },
      "probe_sent": {
        "accuracy": 0.2898550724637681,
        "f1": 0.0,
        "auroc": 0.0483558994197292
      },
      "precision_at_5": 0.7594202898550725,
      "cluster_ari": -0.0037555643371029418,
      "cluster_nmi": 0.0036957393342054285
    },
    "ambiguous_test": {
      "n": 5000,
      "probe_subj": {
        "accuracy": 0.586,
        "f1": 0.4402379664683613,
        "auroc": 0.5707042277065665
      },
      "probe_sent": {
        "accuracy": 0.5792,
        "f1": 0.4362272240085745,
        "auroc": 0.5641302341199352
      },
      "precision_at_5": 0.68692,
      "cluster_ari": 0.005401151296601014,
      "cluster_nmi": 0.0021482961753927408
    },
    "continuation": {
      "n": 794,
      "probe_subj": {
        "accuracy": 0.7455919395465995,
        "f1": 0.7600950118764845,
        "auroc": 0.7708110754985756
      },
      "probe_sent": {
        "accuracy": 0.7619647355163728,
        "f1": 0.7663782447466008,
        "auroc": 0.7772594881969881
      },
      "precision_at_5": 0.7143576826196474,
      "cluster_ari": -0.0011009169644886833,
      "cluster_nmi": 0.00011699017059560003
    },
    "interpolation": {
      "n": 398,
      "probe_subj": {
        "accuracy": 0.7738693467336684,
        "f1": 0.725609756097561,
        "auroc": 0.7843145161290322
      },