{
  "run_id": "20260528_011",
  "k": 10,
  "drift_score": {
    "Static": {
      "0": 0.7038461538461539,
      "1": 0.603448275862069,
      "2": 0.5848484848484847,
      "3": 0.6086956521739131,
      "4": 0.5555555555555556,
      "5": 0.5724137931034483,
      "6": 0.5666666666666667,
      "7": 0.41304347826086957,
      "8": 0.3896551724137931,
      "9": 0.39666666666666667
    },
    "Additive": {
      "0": 0.8192307692307691,
      "1": 0.7172413793103447,
      "2": 0.6515151515151515,
      "3": 0.7434782608695653,
      "4": 0.5814814814814815,
      "5": 0.506896551724138,
      "6": 0.49999999999999994,
      "7": 0.4043478260869566,
      "8": 0.3379310344827586,
      "9": 0.3466666666666667
    },
    "Joint": {
      "0": 0.8153846153846154,
      "1": 0.793103448275862,
      "2": 0.7393939393939394,
      "3": 0.7608695652173914,
      "4": 0.6074074074074075,
      "5": 0.5517241379310345,
      "6": 0.46296296296296297,
      "7": 0.43913043478260877,
      "8": 0.3,
      "9": 0.29
    },
    "Timeformer": {
      "0": 0.7961538461538462,
      "1": 0.7827586206896552,
      "2": 0.7303030303030303,
      "3": 0.7130434782608696,
      "4": 0.5444444444444444,
      "5": 0.503448275862069,
      "6": 0.41851851851851857,
      "7": 0.3565217391304348,
      "8": 0.23103448275862065,
      "9": 0.25666666666666665
    }
  },
  "drift_score_by_class": {
    "Static": {
      "stable": {
        "0": 0.7565217391304349,
        "1": 0.7533333333333333,
        "2": 0.796153846153846,
        "3": 0.7695652173913045,
        "4": 0.7166666666666667,
        "5": 0.7689655172413793,
        "6": 0.7285714285714285,
        "7": 0.8478260869565217,
        "8": 0.725,
        "9": 0.8181818181818182
      },
      "drift": {
        "0": 0.7038461538461539,
        "1": 0.603448275862069,
        "2": 0.5848484848484847,
        "3": 0.6086956521739131,
        "4": 0.5555555555555556,
        "5": 0.5724137931034483,
        "6": 0.5666666666666667,
        "7": 0.41304347826086957,
        "8": 0.3896551724137931,
        "9": 0.39666666666666667
      },
      "bifurc": {
        "0": 0.8076923076923077,
        "1": 0.7964285714285714,
        "2": 0.8608695652173914,
        "3": 0.7260869565217393,
        "4": 0.7769230769230769,
        "5": 0.5916666666666667,
        "6": 0.5380952380952382,
        "7": 0.4714285714285714,
        "8": 0.7105263157894737,
        "9": 0.6124999999999999
      }
    },
    "Additive": {
      "stable": {
        "0": 0.7565217391304347,
        "1": 0.7966666666666666,
        "2": 0.7846153846153847,
        "3": 0.7999999999999999,
        "4": 0.7374999999999999,
        "5": 0.7827586206896551,
        "6": 0.7178571428571427,
        "7": 0.708695652173913,
        "8": 0.6208333333333332,
        "9": 0.6909090909090909
      },
      "drift": {
        "0": 0.8192307692307691,
        "1": 0.7172413793103447,
        "2": 0.6515151515151515,
        "3": 0.7434782608695653,
        "4": 0.5814814814814815,
        "5": 0.506896551724138,
        "6": 0.49999999999999994,
        "7": 0.4043478260869566,
        "8": 0.3379310344827586,
        "9": 0.3466666666666667
      },
      "bifurc": {
        "0": 0.9038461538461539,
        "1": 0.8142857142857143,
        "2": 0.8347826086956521,
        "3": 0.7260869565217393,
        "4": 0.773076923076923,
        "5": 0.5375,
        "6": 0.4571428571428572,
        "7": 0.4333333333333333,
        "8": 0.6105263157894738,
        "9": 0.5166666666666666
      }
    },
    "Joint": {
      "stable": {
        "0": 0.7782608695652175,
        "1": 0.8499999999999999,
        "2": 0.8576923076923078,
        "3": 0.8260869565217391,
        "4": 0.7916666666666666,
        "5": 0.7965517241379311,
        "6": 0.7071428571428572,
        "7": 0.8043478260869565,
        "8": 0.6208333333333333,
        "9": 0.6727272727272727
      },
      "drift": {
        "0": 0.8153846153846154,
        "1": 0.793103448275862,
        "2": 0.7393939393939394,
        "3": 0.7608695652173914,
        "4": 0.6074074074074075,
        "5": 0.5517241379310345,
        "6": 0.46296296296296297,
        "7": 0.43913043478260877,
        "8": 0.3,
        "9": 0.29
      },
      "bifurc": {
        "0": 0.8846153846153846,
        "1": 0.8607142857142858,
        "2": 0.8347826086956524,
        "3": 0.782608695652174,
        "4": 0.7538461538461539,
        "5": 0.5375,
        "6": 0.5142857142857145,
        "7": 0.46190476190476193,
        "8": 0.5684210526315789,
        "9": 0.4749999999999999
      }
    },
    "Timeformer": {
      "stable": {
        "0": 0.8565217391304347,
        "1": 0.8766666666666667,
        "2": 0.8115384615384615,
        "3": 0.7913043478260869,
        "4": 0.75,
        "5": 0.803448275862069,
        "6": 0.7357142857142855,
        "7": 0.7652173913043478,
        "8": 0.6916666666666668,
        "9": 0.7136363636363637
      },
      "drift": {
        "0": 0.7961538461538462,
        "1": 0.7827586206896552,
        "2": 0.7303030303030303,
        "3": 0.7130434782608696,
        "4": 0.5444444444444444,
        "5": 0.503448275862069,
        "6": 0.41851851851851857,
        "7": 0.3565217391304348,
        "8": 0.23103448275862065,
        "9": 0.25666666666666665
      },
      "bifurc": {
        "0": 0.8961538461538462,
        "1": 0.825,
        "2": 0.8695652173913042,
        "3": 0.7608695652173914,
        "4": 0.7807692307692307,
        "5": 0.5666666666666668,
        "6": 0.46190476190476193,
        "7": 0.4666666666666667,
        "8": 0.5157894736842106,
        "9": 0.48333333333333334
      }
    }
  },
  "trajectory_dist": {
    "Static": {
      "stable": {
        "0": 3.4098509449353995e-08,
        "1": 0.20441725905977526,
        "2": 0.1248919531017528,
        "3": 0.1281871366956559,
        "4": 0.16653824977746307,
        "5": 0.15469667232172085,
        "6": 0.1588294818298075,
        "7": 0.1415434213560395,
        "8": 0.15689057835938885,
        "9": 0.1275028151175054
      },
      "drift": {
        "0": 2.4734098491574485e-08,
        "1": 0.058245137062857444,
        "2": 0.03932016094984921,
        "3": 0.132276297153285,
        "4": 0.09767924345371518,
        "5": 0.044573685502811225,
        "6": 0.036289953393580286,
        "7": 0.11439869926830015,
        "8": 0.03977149745752464,
        "9": 0.07154860095425696
      },
      "bifurc": {
        "0": 1.7876372604419544e-09,
        "1": 0.07741335465837586,
        "2": 0.13539404596850355,
        "3": 0.12952142903744374,
        "4": 0.10095327674637042,
        "5": 0.091359827661839,
        "6": 0.22730884100769172,
        "7": 0.12367009580217696,
        "8": 0.1298191544919582,
        "9": 0.12829925341229864
      }
    },
    "Additive": {
      "stable": {
        "0": 4.4987628067261196e-10,
        "1": 0.5378412666332716,
        "2": 0.2824112585997257,
        "3": 0.48311826547430536,
        "4": 0.691141984642185,
        "5": 0.4837936641043288,
        "6": 0.5604902119625719,
        "7": 0.46890407645960447,
        "8": 0.6201072378804793,
        "9": 0.6024646930282321
      },
      "drift": {
        "0": -3.4432105611159615e-09,
        "1": 0.3015240405148459,
        "2": 0.36604988496681823,
        "3": 0.4248607549087563,
        "4": 0.5053899749603822,
        "5": 0.4041336456185154,
        "6": 0.4646738917741892,
        "7": 0.586948086867044,
        "8": 0.4155178304160648,
        "9": 0.5840198288754794
      },
      "bifurc": {
        "0": -4.571539193864993e-08,
        "1": 0.1525682137550191,
        "2": 0.2616177789426673,
        "3": 0.417515761460653,
        "4": 0.3061464674335691,
        "5": 0.5492489552333227,
        "6": 0.6370191654860695,
        "7": 0.6840053663740512,
        "8": 0.6118922342579941,
        "9": 0.642241560419244
      }
    },
    "Joint": {
      "stable": {
        "0": -3.4121622927152376e-08,