{
  "Static": {
    "test": {
      "n": 763,
      "probe_subj": {
        "accuracy": 0.8807339449541285,
        "f1": 0.8212180746561886,
        "auroc": 0.9468578387618947
      },
      "probe_sent": {
        "accuracy": 0.8794233289646134,
        "f1": 0.8174603174603174,
        "auroc": 0.9453979516194915
      },
      "precision_at_5": 0.8235910878112713,
      "cluster_ari": -0.010970870397994333,
      "cluster_nmi": 0.038148076216118515
    },
    "hard_verb": {
      "n": 215,
      "probe_subj": {
        "accuracy": 0.4697674418604651,
        "f1": 0.3522727272727273,
        "auroc": 0.3920888888888889
      },
      "probe_sent": {
        "accuracy": 0.46511627906976744,
        "f1": 0.32748538011695905,
        "auroc": 0.38808888888888887
      },
      "precision_at_5": 0.9265116279069767,
      "cluster_ari": 0.0035704092361029424,
      "cluster_nmi": 0.04520002128424216
    },
    "hard_both": {
      "n": 69,
      "probe_subj": {
        "accuracy": 0.21739130434782608,
        "f1": 0.03571428571428571,
        "auroc": 0.03868471953578337
      },
      "probe_sent": {
        "accuracy": 0.2028985507246377,
        "f1": 0.0,
        "auroc": 0.023210831721470017
      },
      "precision_at_5": 0.8144927536231884,
      "cluster_ari": -0.017276677375024276,
      "cluster_nmi": 0.0005468000050066399
    },
    "ambiguous_test": {
      "n": 5000,
      "probe_subj": {
        "accuracy": 0.5572,
        "f1": 0.3954123429819771,
        "auroc": 0.5295703428215914
      },
      "probe_sent": {
        "accuracy": 0.5512,
        "f1": 0.3780487804878049,
        "auroc": 0.5366615523491943
      },
      "precision_at_5": 0.6346,
      "cluster_ari": -0.01895686336380018,
      "cluster_nmi": 0.00936028704082776
    },
    "continuation": {
      "n": 794,
      "probe_subj": {
        "accuracy": 0.7267002518891688,
        "f1": 0.7163398692810458,
        "auroc": 0.776563135938136
      },
      "probe_sent": {
        "accuracy": 0.7052896725440806,
        "f1": 0.6837837837837838,
        "auroc": 0.7859305046805046
      },
      "precision_at_5": 0.716624685138539,
      "cluster_ari": 0.05003045014865668,
      "cluster_nmi": 0.040269718736342185
    },
    "interpolation": {
      "n": 398,
      "probe_subj": {
        "accuracy": 0.7763819095477387,
        "f1": 0.7023411371237458,
        "auroc": 0.7809005376344086
      },
      "probe_sent": {
        "accuracy": 0.7386934673366834,
        "f1": 0.6438356164383562,
        "auroc": 0.7951478494623656
      },
      "precision_at_5": 0.6773869346733669,
      "cluster_ari": -0.0020926846715617303,
      "cluster_nmi": 0.028283272855551697
    },
    "contrastive": {
      "sign_flip_rate": 0.0,
      "n_pairs": 29,
      "n_correct": 0
    }
  },
  "Additive": {
    "test": {
      "n": 763,
      "probe_subj": {
        "accuracy": 0.8938401048492791,
        "f1": 0.8433268858800773,
        "auroc": 0.9594711123886175
      },
      "probe_sent": {
        "accuracy": 0.8938401048492791,
        "f1": 0.8421052631578947,
        "auroc": 0.9605149695163462
      },
      "precision_at_5": 0.8338138925294889,
      "cluster_ari": -0.00028387159966253484,
      "cluster_nmi": 0.0007666722947141931
    },
    "hard_verb": {
      "n": 215,
      "probe_subj": {
        "accuracy": 0.4744186046511628,
        "f1": 0.3615819209039548,
        "auroc": 0.3012444444444445
      },
      "probe_sent": {
        "accuracy": 0.4930232558139535,
        "f1": 0.39106145251396646,
        "auroc": 0.2994666666666667
      },
      "precision_at_5": 0.9572093023255814,
      "cluster_ari": -0.0032120394359965703,
      "cluster_nmi": 0.0003037115306766008
    },
    "hard_both": {
      "n": 69,
      "probe_subj": {
        "accuracy": 0.18840579710144928,
        "f1": 0.0,
        "auroc": 0.036750483558994206
      },
      "probe_sent": {
        "accuracy": 0.2028985507246377,
        "f1": 0.0,
        "auroc": 0.06576402321083172
      },
      "precision_at_5": 0.9304347826086956,
      "cluster_ari": -0.005583201491570618,
      "cluster_nmi": 0.0017199442154628502
    },
    "ambiguous_test": {
      "n": 5000,
      "probe_subj": {
        "accuracy": 0.5648,
        "f1": 0.40805223068552776,
        "auroc": 0.5504858359328892
      },
      "probe_sent": {
        "accuracy": 0.5696,
        "f1": 0.41202185792349727,
        "auroc": 0.5571995586811602
      },
      "precision_at_5": 0.66244,
      "cluster_ari": -1.7958866976570975e-05,
      "cluster_nmi": 7.239600121945932e-05
    },
    "continuation": {
      "n": 794,
      "probe_subj": {
        "accuracy": 0.7506297229219143,
        "f1": 0.7573529411764706,
        "auroc": 0.7677172364672364
      },
      "probe_sent": {
        "accuracy": 0.7443324937027708,
        "f1": 0.7515299877600979,
        "auroc": 0.7721306471306472
      },
      "precision_at_5": 0.6841309823677582,
      "cluster_ari": -0.0011009169644886833,
      "cluster_nmi": 0.00011699017059560003
    },
    "interpolation": {
      "n": 398,
      "probe_subj": {
        "accuracy": 0.7738693467336684,
        "f1": 0.7096774193548387,
        "auroc": 0.7777150537634409
      },
      "probe_sent": {
        "accuracy": 0.7688442211055276,
        "f1": 0.7051282051282052,
        "auroc": 0.7810215053763441
      },
      "precision_at_5": 0.6809045226130653,
      "cluster_ari": -0.0017501178010436178,
      "cluster_nmi": 0.00013006289651555484
    },
    "contrastive": {
      "sign_flip_rate": 0.4827586206896552,
      "n_pairs": 29,
      "n_correct": 14
    }
  },
  "Joint": {
    "test": {
      "n": 763,
      "probe_subj": {
        "accuracy": 0.8846657929226737,
        "f1": 0.8274509803921568,
        "auroc": 0.9535710503623243
      },
      "probe_sent": {
        "accuracy": 0.8925294888597641,
        "f1": 0.8379446640316206,
        "auroc": 0.9544787522125233
      },
      "precision_at_5": 0.8018348623853211,
      "cluster_ari": 0.001125919570445291,
      "cluster_nmi": 0.0024401289886680617
    },
    "hard_verb": {
      "n": 215,
      "probe_subj": {
        "accuracy": 0.5162790697674419,
        "f1": 0.3953488372093023,
        "auroc": 0.4015111111111111
      },
      "probe_sent": {
        "accuracy": 0.5209302325581395,
        "f1": 0.39766081871345027,
        "auroc": 0.37377777777777776
      },
      "precision_at_5": 0.9255813953488372,
      "cluster_ari": 0.003103781613503848,
      "cluster_nmi": 0.004137788769234702
    },
    "hard_both": {
      "n": 69,
      "probe_subj": {
        "accuracy": 0.2753623188405797,
        "f1": 0.038461538461538464,
        "auroc": 0.04738878143133462
      },
      "probe_sent": {
        "accuracy": 0.21739130434782608,
        "f1": 0.0,
        "auroc": 0.045454545454545456
      },
      "precision_at_5": 0.782608695652174,
      "cluster_ari": -0.005583201491570618,
      "cluster_nmi": 0.0017199442154628502
    },
    "ambiguous_test": {
      "n": 5000,
      "probe_subj": {
        "accuracy": 0.5872,
        "f1": 0.4288876591034864,
        "auroc": 0.5602190895109733
      },
      "probe_sent": {
        "accuracy": 0.59,
        "f1": 0.4276940256839754,
        "auroc": 0.563447578124773
      },
      "precision_at_5": 0.67464,
      "cluster_ari": -0.0002535747902488277,
      "cluster_nmi": 3.878074708788937e-05
    },
    "continuation": {
      "n": 794,
      "probe_subj": {
        "accuracy": 0.7594458438287154,
        "f1": 0.7690447400241838,
        "auroc": 0.791952838827839
      },
      "probe_sent": {
        "accuracy": 0.756926952141058,
        "f1": 0.7620221948212084,
        "auroc": 0.7856061762311761
      },
      "precision_at_5": 0.7027707808564232,
      "cluster_ari": 0.007899956737791746,
      "cluster_nmi": 0.005997550609648561
    },
    "interpolation": {
      "n": 398,
      "probe_subj": {
        "accuracy": 0.7763819095477387,
        "f1": 0.7119741100323624,