{
  "run_id": "20260528_005",
  "k": 10,
  "drift_score": {
    "Static": {
      "0": 0.6153846153846154,
      "1": 0.5551724137931033,
      "2": 0.503030303030303,
      "3": 0.5826086956521739,
      "4": 0.525925925925926,
      "5": 0.44137931034482764,
      "6": 0.44814814814814813,
      "7": 0.4130434782608695,
      "8": 0.403448275862069,
      "9": 0.38
    },
    "Additive": {
      "0": 0.8576923076923075,
      "1": 0.7448275862068965,
      "2": 0.6727272727272728,
      "3": 0.7391304347826086,
      "4": 0.5518518518518518,
      "5": 0.5172413793103449,
      "6": 0.5037037037037038,
      "7": 0.3956521739130435,
      "8": 0.37241379310344835,
      "9": 0.27666666666666667
    },
    "Joint": {
      "0": 0.7615384615384614,
      "1": 0.7413793103448276,
      "2": 0.7121212121212122,
      "3": 0.7782608695652175,
      "4": 0.6370370370370368,
      "5": 0.4793103448275862,
      "6": 0.45185185185185184,
      "7": 0.2826086956521739,
      "8": 0.2862068965517241,
      "9": 0.29
    },
    "Timeformer": {
      "0": 0.9076923076923078,
      "1": 0.7758620689655172,
      "2": 0.6727272727272728,
      "3": 0.7347826086956523,
      "4": 0.5814814814814815,
      "5": 0.4827586206896552,
      "6": 0.4592592592592592,
      "7": 0.3565217391304348,
      "8": 0.2586206896551724,
      "9": 0.2833333333333333
    }
  },
  "drift_score_by_class": {
    "Static": {
      "stable": {
        "0": 0.7260869565217393,
        "1": 0.7666666666666667,
        "2": 0.8076923076923077,
        "3": 0.7608695652173915,
        "4": 0.7791666666666668,
        "5": 0.8275862068965517,
        "6": 0.7714285714285714,
        "7": 0.8347826086956521,
        "8": 0.6375000000000001,
        "9": 0.8318181818181819
      },
      "drift": {
        "0": 0.6153846153846154,
        "1": 0.5551724137931033,
        "2": 0.503030303030303,
        "3": 0.5826086956521739,
        "4": 0.525925925925926,
        "5": 0.44137931034482764,
        "6": 0.44814814814814813,
        "7": 0.4130434782608695,
        "8": 0.403448275862069,
        "9": 0.38
      },
      "bifurc": {
        "0": 0.6961538461538462,
        "1": 0.6857142857142857,
        "2": 0.7130434782608697,
        "3": 0.7130434782608696,
        "4": 0.7615384615384614,
        "5": 0.6124999999999999,
        "6": 0.5809523809523809,
        "7": 0.6142857142857141,
        "8": 0.5526315789473685,
        "9": 0.6749999999999999
      }
    },
    "Additive": {
      "stable": {
        "0": 0.791304347826087,
        "1": 0.8166666666666665,
        "2": 0.8307692307692307,
        "3": 0.8260869565217391,
        "4": 0.7333333333333333,
        "5": 0.7620689655172415,
        "6": 0.7214285714285714,
        "7": 0.7347826086956522,
        "8": 0.6291666666666668,
        "9": 0.740909090909091
      },
      "drift": {
        "0": 0.8576923076923075,
        "1": 0.7448275862068965,
        "2": 0.6727272727272728,
        "3": 0.7391304347826086,
        "4": 0.5518518518518518,
        "5": 0.5172413793103449,
        "6": 0.5037037037037038,
        "7": 0.3956521739130435,
        "8": 0.37241379310344835,
        "9": 0.27666666666666667
      },
      "bifurc": {
        "0": 0.9192307692307692,
        "1": 0.7928571428571429,
        "2": 0.8347826086956521,
        "3": 0.7130434782608696,
        "4": 0.7307692307692307,
        "5": 0.5041666666666667,
        "6": 0.4571428571428572,
        "7": 0.4142857142857143,
        "8": 0.5578947368421052,
        "9": 0.4666666666666666
      }
    },
    "Joint": {
      "stable": {
        "0": 0.8260869565217391,
        "1": 0.7833333333333332,
        "2": 0.8653846153846154,
        "3": 0.7695652173913043,
        "4": 0.7416666666666666,
        "5": 0.7689655172413793,
        "6": 0.7071428571428572,
        "7": 0.682608695652174,
        "8": 0.5125000000000001,
        "9": 0.5590909090909091
      },
      "drift": {
        "0": 0.7615384615384614,
        "1": 0.7413793103448276,
        "2": 0.7121212121212122,
        "3": 0.7782608695652175,
        "4": 0.6370370370370368,
        "5": 0.4793103448275862,
        "6": 0.45185185185185184,
        "7": 0.2826086956521739,
        "8": 0.2862068965517241,
        "9": 0.29
      },
      "bifurc": {
        "0": 0.8307692307692308,
        "1": 0.8250000000000001,
        "2": 0.8391304347826086,
        "3": 0.7826086956521741,
        "4": 0.7269230769230769,
        "5": 0.5666666666666667,
        "6": 0.49523809523809526,
        "7": 0.4904761904761904,
        "8": 0.47368421052631576,
        "9": 0.4875
      }
    },
    "Timeformer": {
      "stable": {
        "0": 0.7608695652173914,
        "1": 0.7433333333333335,
        "2": 0.7923076923076923,
        "3": 0.7652173913043478,
        "4": 0.7333333333333334,
        "5": 0.7758620689655172,
        "6": 0.7107142857142857,
        "7": 0.726086956521739,
        "8": 0.6958333333333333,
        "9": 0.7227272727272728
      },
      "drift": {
        "0": 0.9076923076923078,
        "1": 0.7758620689655172,
        "2": 0.6727272727272728,
        "3": 0.7347826086956523,
        "4": 0.5814814814814815,
        "5": 0.4827586206896552,
        "6": 0.4592592592592592,
        "7": 0.3565217391304348,
        "8": 0.2586206896551724,
        "9": 0.2833333333333333
      },
      "bifurc": {
        "0": 0.8807692307692307,
        "1": 0.8142857142857144,
        "2": 0.8608695652173913,
        "3": 0.7304347826086957,
        "4": 0.7115384615384616,
        "5": 0.5583333333333333,
        "6": 0.4666666666666667,
        "7": 0.4476190476190475,
        "8": 0.6,
        "9": 0.5125000000000001
      }
    }
  },
  "trajectory_dist": {
    "Static": {
      "stable": {
        "0": -4.064202119291593e-09,
        "1": 0.0944441806446945,
        "2": 0.14117333939632,
        "3": 0.12195914881198155,
        "4": 0.206629493706927,
        "5": 0.1258694013784111,
        "6": 0.16562910836998945,
        "7": 0.0809290717502425,
        "8": 0.11184078555002287,
        "9": 0.08101920446498716
      },
      "drift": {
        "0": 1.8219825115295406e-08,
        "1": 0.07615538763738146,
        "2": 0.10415124291422191,
        "3": 0.08417776537553236,
        "4": 0.028176767355893105,
        "5": 0.05344776536658412,
        "6": 0.05941439077069903,
        "7": 0.03112421085796866,
        "8": 0.08510755322323112,
        "9": 0.07246181476462285
      },
      "bifurc": {
        "0": -1.748843607707329e-08,
        "1": 0.035165825115212046,
        "2": 0.12153337921792903,
        "3": 0.1126223437790138,
        "4": 0.09401751362562782,
        "5": 0.14637465594737592,
        "6": 0.14516127587792288,
        "7": 0.024827121647577794,
        "8": 0.125703324330854,
        "9": 0.12381313335430351
      }
    },
    "Additive": {
      "stable": {
        "0": -3.262068931642048e-08,
        "1": 0.414664838966722,
        "2": 0.182317259283227,
        "3": 0.41147190757178975,
        "4": 0.5546834985168796,
        "5": 0.41327872656020415,
        "6": 0.4819601114948438,
        "7": 0.36941175134421167,
        "8": 0.51310987250624,
        "9": 0.5589168102363766
      },
      "drift": {
        "0": 5.774789513246503e-09,
        "1": 0.23345512190375564,
        "2": 0.28009071303111843,
        "3": 0.3575384210895373,
        "4": 0.4061845264025864,
        "5": 0.30861755597047763,
        "6": 0.3846178655528794,
        "7": 0.5623360292747587,
        "8": 0.402582106279195,
        "9": 0.5996437600847745
      },
      "bifurc": {
        "0": -7.073473584640055e-10,
        "1": 0.13536972714617992,
        "2": 0.2152111910265469,
        "3": 0.32094700436668966,
        "4": 0.28894246857995637,
        "5": 0.5034387289216308,
        "6": 0.5465651959282095,
        "7": 0.5956269598280388,
        "8": 0.5803782280138897,
        "9": 0.6088362589024602
      }
    },