{
  "Static": {
    "test": {
      "n": 763,
      "probe_subj": {
        "accuracy": 0.8833551769331586,
        "f1": 0.8291746641074856,
        "auroc": 0.9452769247061316
      },
      "probe_sent": {
        "accuracy": 0.8768020969855832,
        "f1": 0.8192307692307692,
        "auroc": 0.943030362626889
      },
      "precision_at_5": 0.8068152031454784,
      "cluster_ari": -0.010938139699912048,
      "cluster_nmi": 0.0029939216285703256
    },
    "hard_verb": {
      "n": 215,
      "probe_subj": {
        "accuracy": 0.5441860465116279,
        "f1": 0.45555555555555555,
        "auroc": 0.4593777777777778
      },
      "probe_sent": {
        "accuracy": 0.5395348837209303,
        "f1": 0.44692737430167595,
        "auroc": 0.44737777777777776
      },
      "precision_at_5": 0.8083720930232559,
      "cluster_ari": -0.0073311015228563195,
      "cluster_nmi": 0.0010196945350143959
    },
    "hard_both": {
      "n": 69,
      "probe_subj": {
        "accuracy": 0.18840579710144928,
        "f1": 0.0,
        "auroc": 0.04642166344294002
      },
      "probe_sent": {
        "accuracy": 0.2608695652173913,
        "f1": 0.0,
        "auroc": 0.04545454545454546
      },
      "precision_at_5": 0.7101449275362319,
      "cluster_ari": 0.016860385190178226,
      "cluster_nmi": 0.006163788168997072
    },
    "ambiguous_test": {
      "n": 5000,
      "probe_subj": {
        "accuracy": 0.5624,
        "f1": 0.4064026044492675,
        "auroc": 0.5571348726193348
      },
      "probe_sent": {
        "accuracy": 0.561,
        "f1": 0.4088338270939941,
        "auroc": 0.5657146792298142
      },
      "precision_at_5": 0.63932,
      "cluster_ari": -0.005189053795853612,
      "cluster_nmi": 0.0003778924855114195
    },
    "continuation": {
      "n": 794,
      "probe_subj": {
        "accuracy": 0.7493702770780857,
        "f1": 0.7398692810457517,
        "auroc": 0.7953551078551078
      },
      "probe_sent": {
        "accuracy": 0.7531486146095718,
        "f1": 0.7454545454545455,
        "auroc": 0.8043440934065933
      },
      "precision_at_5": 0.7652392947103275,
      "cluster_ari": 0.0054894151920214865,
      "cluster_nmi": 0.003742581694824284
    },
    "interpolation": {
      "n": 398,
      "probe_subj": {
        "accuracy": 0.7814070351758794,
        "f1": 0.7184466019417476,
        "auroc": 0.808991935483871
      },
      "probe_sent": {
        "accuracy": 0.7688442211055276,
        "f1": 0.6973684210526315,
        "auroc": 0.8219489247311829
      },
      "precision_at_5": 0.6949748743718593,
      "cluster_ari": -0.0059188655777014055,
      "cluster_nmi": 0.000377300052441283
    },
    "contrastive": {
      "sign_flip_rate": 0.0,
      "n_pairs": 29,
      "n_correct": 0
    }
  },
  "Additive": {
    "test": {
      "n": 763,
      "probe_subj": {
        "accuracy": 0.8964613368283093,
        "f1": 0.8460038986354775,
        "auroc": 0.958964312188923
      },
      "probe_sent": {
        "accuracy": 0.8938401048492791,
        "f1": 0.8414872798434442,
        "auroc": 0.9586012314488433
      },
      "precision_at_5": 0.8280471821756226,
      "cluster_ari": -0.00028387159966253484,
      "cluster_nmi": 0.0007666722947141931
    },
    "hard_verb": {
      "n": 215,
      "probe_subj": {
        "accuracy": 0.4930232558139535,
        "f1": 0.41081081081081083,
        "auroc": 0.3337777777777778
      },
      "probe_sent": {
        "accuracy": 0.5023255813953489,
        "f1": 0.41530054644808745,
        "auroc": 0.33742222222222223
      },
      "precision_at_5": 0.9683720930232558,
      "cluster_ari": -0.0032120394359965703,
      "cluster_nmi": 0.0003037115306766008
    },
    "hard_both": {
      "n": 69,
      "probe_subj": {
        "accuracy": 0.17391304347826086,
        "f1": 0.0,
        "auroc": 0.013539651837524178
      },
      "probe_sent": {
        "accuracy": 0.15942028985507245,
        "f1": 0.0,
        "auroc": 0.01063829787234043
      },
      "precision_at_5": 0.9043478260869565,
      "cluster_ari": -0.005583201491570618,
      "cluster_nmi": 0.0017199442154628502
    },
    "ambiguous_test": {
      "n": 5000,
      "probe_subj": {
        "accuracy": 0.5688,
        "f1": 0.42414529914529914,
        "auroc": 0.5607582005936581
      },
      "probe_sent": {
        "accuracy": 0.5682,
        "f1": 0.4204026845637584,
        "auroc": 0.5623462797519543
      },
      "precision_at_5": 0.67336,
      "cluster_ari": -8.362876813902062e-06,
      "cluster_nmi": 7.657921701238712e-05
    },
    "continuation": {
      "n": 794,
      "probe_subj": {
        "accuracy": 0.7632241813602015,
        "f1": 0.7777777777777778,
        "auroc": 0.7676409238909239
      },
      "probe_sent": {
        "accuracy": 0.7732997481108312,
        "f1": 0.784688995215311,
        "auroc": 0.7666933760683762
      },
      "precision_at_5": 0.6843828715365239,
      "cluster_ari": -0.0011009169644886833,
      "cluster_nmi": 0.00011699017059560003
    },
    "interpolation": {
      "n": 398,
      "probe_subj": {
        "accuracy": 0.7713567839195979,
        "f1": 0.7165109034267912,
        "auroc": 0.7733198924731184
      },
      "probe_sent": {
        "accuracy": 0.7613065326633166,
        "f1": 0.6984126984126984,
        "auroc": 0.7704032258064516
      },
      "precision_at_5": 0.7030150753768845,
      "cluster_ari": -0.0017501178010436178,
      "cluster_nmi": 0.00013006289651555484
    },
    "contrastive": {
      "sign_flip_rate": 0.5862068965517241,
      "n_pairs": 29,
      "n_correct": 17
    }
  },
  "Joint": {
    "test": {
      "n": 763,
      "probe_subj": {
        "accuracy": 0.8859764089121888,
        "f1": 0.8284023668639053,
        "auroc": 0.939297438767946
      },
      "probe_sent": {
        "accuracy": 0.8872870249017037,
        "f1": 0.8300395256916996,
        "auroc": 0.9524061663212356
      },
      "precision_at_5": 0.7549148099606815,
      "cluster_ari": -0.0012230115337761424,
      "cluster_nmi": 9.375835202637296e-05
    },
    "hard_verb": {
      "n": 215,
      "probe_subj": {
        "accuracy": 0.5302325581395348,
        "f1": 0.4228571428571429,
        "auroc": 0.45324444444444445
      },
      "probe_sent": {
        "accuracy": 0.5069767441860465,
        "f1": 0.39080459770114945,
        "auroc": 0.38684444444444444
      },
      "precision_at_5": 0.8576744186046512,
      "cluster_ari": -0.0032120394359965703,
      "cluster_nmi": 0.0003037115306766008
    },
    "hard_both": {
      "n": 69,
      "probe_subj": {
        "accuracy": 0.21739130434782608,
        "f1": 0.06896551724137931,
        "auroc": 0.09090909090909091
      },
      "probe_sent": {
        "accuracy": 0.2318840579710145,
        "f1": 0.0,
        "auroc": 0.004835589941972923
      },
      "precision_at_5": 0.7623188405797101,
      "cluster_ari": -0.012753465883862055,
      "cluster_nmi": 7.454881740072446e-05
    },
    "ambiguous_test": {
      "n": 5000,
      "probe_subj": {
        "accuracy": 0.5816,
        "f1": 0.41531581889323643,
        "auroc": 0.573107969032093
      },
      "probe_sent": {
        "accuracy": 0.57,
        "f1": 0.41224712957900495,
        "auroc": 0.5509879705729295
      },
      "precision_at_5": 0.67096,
      "cluster_ari": 0.0006495657060016299,
      "cluster_nmi": 0.00027508830567820887
    },
    "continuation": {
      "n": 794,
      "probe_subj": {
        "accuracy": 0.7455919395465995,
        "f1": 0.7612293144208038,
        "auroc": 0.7690399877899876
      },
      "probe_sent": {
        "accuracy": 0.7518891687657431,
        "f1": 0.758282208588957,
        "auroc": 0.7665661884411885
      },
      "precision_at_5": 0.7115869017632241,
      "cluster_ari": 0.010485151435418175,
      "cluster_nmi": 0.008812438052594657
    },
    "interpolation": {
      "n": 398,
      "probe_subj": {
        "accuracy": 0.7613065326633166,
        "f1": 0.6757679180887372,