{
  "run_id": "20260528_015",
  "k": 10,
  "drift_score": {
    "Static": {
      "0": 0.6615384615384615,
      "1": 0.6206896551724138,
      "2": 0.5636363636363637,
      "3": 0.691304347826087,
      "4": 0.5444444444444444,
      "5": 0.5517241379310345,
      "6": 0.5370370370370371,
      "7": 0.39565217391304347,
      "8": 0.4137931034482759,
      "9": 0.4066666666666666
    },
    "Additive": {
      "0": 0.8730769230769231,
      "1": 0.7620689655172412,
      "2": 0.7121212121212122,
      "3": 0.7478260869565218,
      "4": 0.5888888888888888,
      "5": 0.4931034482758621,
      "6": 0.5111111111111111,
      "7": 0.3782608695652174,
      "8": 0.3275862068965517,
      "9": 0.2566666666666667
    },
    "Joint": {
      "0": 0.8499999999999999,
      "1": 0.8068965517241378,
      "2": 0.7333333333333332,
      "3": 0.7999999999999999,
      "4": 0.6259259259259259,
      "5": 0.48275862068965525,
      "6": 0.4666666666666667,
      "7": 0.391304347826087,
      "8": 0.3103448275862069,
      "9": 0.29000000000000004
    },
    "Timeformer": {
      "0": 0.8730769230769231,
      "1": 0.796551724137931,
      "2": 0.7545454545454546,
      "3": 0.6869565217391306,
      "4": 0.5370370370370371,
      "5": 0.46551724137931033,
      "6": 0.36666666666666664,
      "7": 0.3869565217391305,
      "8": 0.2551724137931034,
      "9": 0.3
    }
  },
  "drift_score_by_class": {
    "Static": {
      "stable": {
        "0": 0.7304347826086957,
        "1": 0.7733333333333333,
        "2": 0.7576923076923077,
        "3": 0.7521739130434781,
        "4": 0.7875,
        "5": 0.8482758620689655,
        "6": 0.7357142857142857,
        "7": 0.8391304347826087,
        "8": 0.6625,
        "9": 0.781818181818182
      },
      "drift": {
        "0": 0.6615384615384615,
        "1": 0.6206896551724138,
        "2": 0.5636363636363637,
        "3": 0.691304347826087,
        "4": 0.5444444444444444,
        "5": 0.5517241379310345,
        "6": 0.5370370370370371,
        "7": 0.39565217391304347,
        "8": 0.4137931034482759,
        "9": 0.4066666666666666
      },
      "bifurc": {
        "0": 0.7769230769230769,
        "1": 0.7249999999999999,
        "2": 0.8086956521739131,
        "3": 0.7695652173913045,
        "4": 0.7038461538461538,
        "5": 0.5708333333333333,
        "6": 0.5952380952380953,
        "7": 0.5476190476190477,
        "8": 0.6631578947368422,
        "9": 0.6375000000000001
      }
    },
    "Additive": {
      "stable": {
        "0": 0.8521739130434781,
        "1": 0.8033333333333332,
        "2": 0.8538461538461539,
        "3": 0.8608695652173913,
        "4": 0.7958333333333334,
        "5": 0.8379310344827585,
        "6": 0.7107142857142857,
        "7": 0.7391304347826089,
        "8": 0.6208333333333333,
        "9": 0.6499999999999999
      },
      "drift": {
        "0": 0.8730769230769231,
        "1": 0.7620689655172412,
        "2": 0.7121212121212122,
        "3": 0.7478260869565218,
        "4": 0.5888888888888888,
        "5": 0.4931034482758621,
        "6": 0.5111111111111111,
        "7": 0.3782608695652174,
        "8": 0.3275862068965517,
        "9": 0.2566666666666667
      },
      "bifurc": {
        "0": 0.8846153846153846,
        "1": 0.8214285714285713,
        "2": 0.869565217391304,
        "3": 0.7782608695652175,
        "4": 0.773076923076923,
        "5": 0.5583333333333333,
        "6": 0.5428571428571429,
        "7": 0.47619047619047616,
        "8": 0.5263157894736842,
        "9": 0.5458333333333333
      }
    },
    "Joint": {
      "stable": {
        "0": 0.8478260869565217,
        "1": 0.8166666666666668,
        "2": 0.8423076923076922,
        "3": 0.791304347826087,
        "4": 0.7416666666666666,
        "5": 0.803448275862069,
        "6": 0.7428571428571429,
        "7": 0.7130434782608697,
        "8": 0.625,
        "9": 0.6636363636363637
      },
      "drift": {
        "0": 0.8499999999999999,
        "1": 0.8068965517241378,
        "2": 0.7333333333333332,
        "3": 0.7999999999999999,
        "4": 0.6259259259259259,
        "5": 0.48275862068965525,
        "6": 0.4666666666666667,
        "7": 0.391304347826087,
        "8": 0.3103448275862069,
        "9": 0.29000000000000004
      },
      "bifurc": {
        "0": 0.8692307692307693,
        "1": 0.8392857142857143,
        "2": 0.8521739130434781,
        "3": 0.8521739130434783,
        "4": 0.7384615384615384,
        "5": 0.5291666666666667,
        "6": 0.5428571428571429,
        "7": 0.5190476190476191,
        "8": 0.5368421052631579,
        "9": 0.5458333333333333
      }
    },
    "Timeformer": {
      "stable": {
        "0": 0.7999999999999999,
        "1": 0.84,
        "2": 0.8192307692307692,
        "3": 0.8391304347826088,
        "4": 0.775,
        "5": 0.8068965517241378,
        "6": 0.7142857142857143,
        "7": 0.7478260869565218,
        "8": 0.6124999999999999,
        "9": 0.6818181818181818
      },
      "drift": {
        "0": 0.8730769230769231,
        "1": 0.796551724137931,
        "2": 0.7545454545454546,
        "3": 0.6869565217391306,
        "4": 0.5370370370370371,
        "5": 0.46551724137931033,
        "6": 0.36666666666666664,
        "7": 0.3869565217391305,
        "8": 0.2551724137931034,
        "9": 0.3
      },
      "bifurc": {
        "0": 0.8307692307692308,
        "1": 0.8642857142857141,
        "2": 0.8173913043478259,
        "3": 0.7434782608695653,
        "4": 0.7346153846153847,
        "5": 0.5416666666666666,
        "6": 0.5142857142857143,
        "7": 0.4761904761904763,
        "8": 0.49473684210526325,
        "9": 0.5166666666666667
      }
    }
  },
  "trajectory_dist": {
    "Static": {
      "stable": {
        "0": -7.936011825471212e-09,
        "1": 0.2922990794897079,
        "2": 0.13760992044845058,
        "3": 0.3041210617359632,
        "4": 0.29019568483674735,
        "5": 0.24429679865870307,
        "6": 0.19702197811625646,
        "7": 0.1585904498987228,
        "8": 0.1545465776072705,
        "9": 0.25745976167749385
      },
      "drift": {
        "0": 5.521991786050506e-09,
        "1": 0.16324694308263155,
        "2": 0.19343037549925887,
        "3": 0.2431794728508366,
        "4": 0.22818231758811763,
        "5": 0.19317788522210297,
        "6": 0.16141441729494427,
        "7": 0.17850926570558395,
        "8": 0.10545855673368565,
        "9": 0.08438169080078628
      },
      "bifurc": {
        "0": 6.296721533072258e-09,
        "1": 0.10608373439245096,
        "2": 0.16451981188741577,
        "3": 0.2359703037232448,
        "4": 0.10985090981231241,
        "5": 0.28356081772107644,
        "6": 0.29745310323322594,
        "7": 0.29362668623480365,
        "8": 0.18139365269598345,
        "9": 0.2869866086855014
      }
    },
    "Additive": {
      "stable": {
        "0": 3.314573691071132e-08,
        "1": 0.4667913717364752,
        "2": 0.21149910618118478,
        "3": 0.4645919919796814,
        "4": 0.6046599698768435,
        "5": 0.43510940951139804,
        "6": 0.5136185536576868,
        "7": 0.3621528059849979,
        "8": 0.5547190050400558,
        "9": 0.6050987063870039
      },
      "drift": {
        "0": 3.9960323439114376e-08,
        "1": 0.2852833104528149,
        "2": 0.33328204163300645,
        "3": 0.3960643338030298,
        "4": 0.43448312595318406,
        "5": 0.34464177023889575,
        "6": 0.3947562077311796,
        "7": 0.5716025567182955,
        "8": 0.3856987102982089,
        "9": 0.530861877114307
      },
      "bifurc": {
        "0": 6.208739655733098e-09,
        "1": 0.15483224319521743,
        "2": 0.21688635790718003,
        "3": 0.3393476850766246,
        "4": 0.2739279759720841,
        "5": 0.47398412406114565,
        "6": 0.516789009575777,
        "7": 0.5715971734838136,
        "8": 0.5454387723426658,
        "9": 0.557372966324512
      }
    },