{
  "Static": {
    "test": {
      "n": 763,
      "probe_subj": {
        "accuracy": 0.8925294888597641,
        "f1": 0.8366533864541833,
        "auroc": 0.9466611700276849
      },
      "probe_sent": {
        "accuracy": 0.8781127129750983,
        "f1": 0.8208092485549133,
        "auroc": 0.9422361235079652
      },
      "precision_at_5": 0.8057667103538663,
      "cluster_ari": 0.0005232702269540486,
      "cluster_nmi": 0.007620083870579455
    },
    "hard_verb": {
      "n": 215,
      "probe_subj": {
        "accuracy": 0.4744186046511628,
        "f1": 0.33136094674556216,
        "auroc": 0.37351111111111107
      },
      "probe_sent": {
        "accuracy": 0.4930232558139535,
        "f1": 0.3473053892215569,
        "auroc": 0.3751111111111111
      },
      "precision_at_5": 0.8595348837209302,
      "cluster_ari": -0.0009014097663317652,
      "cluster_nmi": 0.0029482661073688765
    },
    "hard_both": {
      "n": 69,
      "probe_subj": {
        "accuracy": 0.2463768115942029,
        "f1": 0.0,
        "auroc": 0.05512572533849131
      },
      "probe_sent": {
        "accuracy": 0.2753623188405797,
        "f1": 0.0,
        "auroc": 0.03771760154738878
      },
      "precision_at_5": 0.7594202898550725,
      "cluster_ari": -0.008234902678422891,
      "cluster_nmi": 0.00047868561452313335
    },
    "ambiguous_test": {
      "n": 5000,
      "probe_subj": {
        "accuracy": 0.5656,
        "f1": 0.37442396313364057,
        "auroc": 0.5388102743270469
      },
      "probe_sent": {
        "accuracy": 0.5618,
        "f1": 0.37984715539201813,
        "auroc": 0.5357688483555204
      },
      "precision_at_5": 0.63456,
      "cluster_ari": -0.0016924097188501669,
      "cluster_nmi": 0.0034517230074920724
    },
    "continuation": {
      "n": 794,
      "probe_subj": {
        "accuracy": 0.7191435768261965,
        "f1": 0.6915629322268326,
        "auroc": 0.7908971815221815
      },
      "probe_sent": {
        "accuracy": 0.7103274559193955,
        "f1": 0.6875,
        "auroc": 0.7816252035002035
      },
      "precision_at_5": 0.739294710327456,
      "cluster_ari": 0.014612957957576504,
      "cluster_nmi": 0.010812306622452979
    },
    "interpolation": {
      "n": 398,
      "probe_subj": {
        "accuracy": 0.7713567839195979,
        "f1": 0.689419795221843,
        "auroc": 0.7975403225806451
      },
      "probe_sent": {
        "accuracy": 0.7437185929648241,
        "f1": 0.6554054054054054,
        "auroc": 0.7882930107526882
      },
      "precision_at_5": 0.6949748743718593,
      "cluster_ari": 0.003961140300749236,
      "cluster_nmi": 0.00680682954444971
    },
    "contrastive": {
      "sign_flip_rate": 0.0,
      "n_pairs": 29,
      "n_correct": 0
    }
  },
  "Additive": {
    "test": {
      "n": 763,
      "probe_subj": {
        "accuracy": 0.8964613368283093,
        "f1": 0.8454011741682974,
        "auroc": 0.9587600792726282
      },
      "probe_sent": {
        "accuracy": 0.8977719528178244,
        "f1": 0.8470588235294118,
        "auroc": 0.9581171237954039
      },
      "precision_at_5": 0.8269986893840104,
      "cluster_ari": -0.00028387159966253484,
      "cluster_nmi": 0.0007666722947141931
    },
    "hard_verb": {
      "n": 215,
      "probe_subj": {
        "accuracy": 0.4930232558139535,
        "f1": 0.384180790960452,
        "auroc": 0.32266666666666666
      },
      "probe_sent": {
        "accuracy": 0.4930232558139535,
        "f1": 0.384180790960452,
        "auroc": 0.31724444444444444
      },
      "precision_at_5": 0.9116279069767442,
      "cluster_ari": -0.0032120394359965703,
      "cluster_nmi": 0.0003037115306766008
    },
    "hard_both": {
      "n": 69,
      "probe_subj": {
        "accuracy": 0.21739130434782608,
        "f1": 0.0,
        "auroc": 0.017408123791102514
      },
      "probe_sent": {
        "accuracy": 0.18840579710144928,
        "f1": 0.0,
        "auroc": 0.027079303675048357
      },
      "precision_at_5": 0.8666666666666667,
      "cluster_ari": -0.005583201491570618,
      "cluster_nmi": 0.0017199442154628502
    },
    "ambiguous_test": {
      "n": 5000,
      "probe_subj": {
        "accuracy": 0.569,
        "f1": 0.4174101108407678,
        "auroc": 0.5634947299029854
      },
      "probe_sent": {
        "accuracy": 0.5686,
        "f1": 0.4178137651821862,
        "auroc": 0.5624652948376161
      },
      "precision_at_5": 0.68264,
      "cluster_ari": -8.362876813902062e-06,
      "cluster_nmi": 7.657921701238712e-05
    },
    "continuation": {
      "n": 794,
      "probe_subj": {
        "accuracy": 0.7682619647355163,
        "f1": 0.7772397094430993,
        "auroc": 0.7831959706959706
      },
      "probe_sent": {
        "accuracy": 0.7720403022670025,
        "f1": 0.781136638452237,
        "auroc": 0.7799018111518112
      },
      "precision_at_5": 0.6874055415617129,
      "cluster_ari": -0.0011009169644886833,
      "cluster_nmi": 0.00011699017059560003
    },
    "interpolation": {
      "n": 398,
      "probe_subj": {
        "accuracy": 0.7713567839195979,
        "f1": 0.7111111111111111,
        "auroc": 0.7914381720430108
      },
      "probe_sent": {
        "accuracy": 0.7738693467336684,
        "f1": 0.7133757961783439,
        "auroc": 0.7869489247311829
      },
      "precision_at_5": 0.7010050251256281,
      "cluster_ari": -0.0017501178010436178,
      "cluster_nmi": 0.00013006289651555484
    },
    "contrastive": {
      "sign_flip_rate": 0.3793103448275862,
      "n_pairs": 29,
      "n_correct": 11
    }
  },
  "Joint": {
    "test": {
      "n": 763,
      "probe_subj": {
        "accuracy": 0.8872870249017037,
        "f1": 0.8293650793650794,
        "auroc": 0.9500688340569735
      },
      "probe_sent": {
        "accuracy": 0.8820445609436435,
        "f1": 0.82421875,
        "auroc": 0.9599476558599718
      },
      "precision_at_5": 0.8020969855832241,
      "cluster_ari": 0.00476129275297288,
      "cluster_nmi": 0.002318745527481746
    },
    "hard_verb": {
      "n": 215,
      "probe_subj": {
        "accuracy": 0.5255813953488372,
        "f1": 0.41379310344827586,
        "auroc": 0.36177777777777786
      },
      "probe_sent": {
        "accuracy": 0.4930232558139535,
        "f1": 0.39106145251396646,
        "auroc": 0.3146666666666667
      },
      "precision_at_5": 0.8427906976744186,
      "cluster_ari": -0.0009220858632493546,
      "cluster_nmi": 0.0007844140373750653
    },
    "hard_both": {
      "n": 69,
      "probe_subj": {
        "accuracy": 0.2608695652173913,
        "f1": 0.03773584905660377,
        "auroc": 0.052224371373307536
      },
      "probe_sent": {
        "accuracy": 0.2463768115942029,
        "f1": 0.037037037037037035,
        "auroc": 0.06382978723404256
      },
      "precision_at_5": 0.6434782608695652,
      "cluster_ari": -0.006902411001597944,
      "cluster_nmi": 0.00040402611125935984
    },
    "ambiguous_test": {
      "n": 5000,
      "probe_subj": {
        "accuracy": 0.587,
        "f1": 0.4275020792902689,
        "auroc": 0.5727499244117928
      },
      "probe_sent": {
        "accuracy": 0.566,
        "f1": 0.42256519425226186,
        "auroc": 0.5586952421584503
      },
      "precision_at_5": 0.69452,
      "cluster_ari": -0.0006764608853824716,
      "cluster_nmi": 6.140747508275286e-05
    },
    "continuation": {
      "n": 794,
      "probe_subj": {
        "accuracy": 0.7732997481108312,
        "f1": 0.7815533980582524,
        "auroc": 0.7822738603988604
      },
      "probe_sent": {
        "accuracy": 0.756926952141058,
        "f1": 0.7626076260762608,
        "auroc": 0.7775043243793244
      },
      "precision_at_5": 0.7400503778337532,
      "cluster_ari": -0.0011269692740769593,
      "cluster_nmi": 0.00030543753379862226
    },
    "interpolation": {
      "n": 398,
      "probe_subj": {
        "accuracy": 0.7638190954773869,
        "f1": 0.7025316455696202,