{
  "n_seeds": 31,
  "continuation": {
    "mean": 0.7692776468676361,
    "ci95_lo": 0.7651862101480158,
    "ci95_hi": 0.7733690835872564
  },
  "sign_flip": {
    "mean": 0.6941045606229143,
    "ci95_lo": 0.6349893653090787,
    "ci95_hi": 0.7532197559367498
  },
  "ambiguous": {
    "mean": 0.5929225806451613,
    "ci95_lo": 0.5879595435800562,
    "ci95_hi": 0.5978856177102665
  },
  "delta_cont_vs_joint": {
    "mean": 0.006662874786706742,
    "ci95_lo": 6.970137605505616e-05,
    "ci95_hi": 0.013256048197358428
  },
  "delta_flip_vs_joint": {
    "mean": 0.07007786429365961,
    "ci95_lo": 0.0006643612279032818,
    "ci95_hi": 0.13949136735941595
  }
}