{
  "run_id": "20260528_003",
  "k": 10,
  "drift_score": {
    "Static": {
      "0": 0.6346153846153846,
      "1": 0.6137931034482758,
      "2": 0.5393939393939393,
      "3": 0.6347826086956523,
      "4": 0.5296296296296296,
      "5": 0.5172413793103449,
      "6": 0.5037037037037037,
      "7": 0.42608695652173917,
      "8": 0.41034482758620705,
      "9": 0.35000000000000003
    },
    "Additive": {
      "0": 0.8076923076923077,
      "1": 0.7310344827586207,
      "2": 0.706060606060606,
      "3": 0.7304347826086957,
      "4": 0.6444444444444445,
      "5": 0.4517241379310346,
      "6": 0.4777777777777778,
      "7": 0.3173913043478261,
      "8": 0.3241379310344827,
      "9": 0.30000000000000004
    },
    "Joint": {
      "0": 0.8961538461538462,
      "1": 0.8034482758620688,
      "2": 0.7303030303030302,
      "3": 0.7565217391304347,
      "4": 0.5962962962962963,
      "5": 0.4517241379310345,
      "6": 0.37037037037037035,
      "7": 0.29130434782608694,
      "8": 0.27586206896551724,
      "9": 0.30666666666666664
    },
    "Timeformer": {
      "0": 0.8269230769230768,
      "1": 0.7310344827586207,
      "2": 0.6666666666666666,
      "3": 0.6956521739130437,
      "4": 0.562962962962963,
      "5": 0.4482758620689655,
      "6": 0.44444444444444436,
      "7": 0.3347826086956522,
      "8": 0.29655172413793107,
      "9": 0.24666666666666665
    }
  },
  "drift_score_by_class": {
    "Static": {
      "stable": {
        "0": 0.7391304347826086,
        "1": 0.7733333333333333,
        "2": 0.7999999999999999,
        "3": 0.773913043478261,
        "4": 0.7458333333333332,
        "5": 0.7793103448275862,
        "6": 0.7821428571428573,
        "7": 0.8086956521739129,
        "8": 0.7083333333333334,
        "9": 0.7363636363636363
      },
      "drift": {
        "0": 0.6346153846153846,
        "1": 0.6137931034482758,
        "2": 0.5393939393939393,
        "3": 0.6347826086956523,
        "4": 0.5296296296296296,
        "5": 0.5172413793103449,
        "6": 0.5037037037037037,
        "7": 0.42608695652173917,
        "8": 0.41034482758620705,
        "9": 0.35000000000000003
      },
      "bifurc": {
        "0": 0.8115384615384614,
        "1": 0.7964285714285715,
        "2": 0.7913043478260869,
        "3": 0.7130434782608696,
        "4": 0.75,
        "5": 0.5625,
        "6": 0.6000000000000001,
        "7": 0.5523809523809524,
        "8": 0.7631578947368421,
        "9": 0.6875
      }
    },
    "Additive": {
      "stable": {
        "0": 0.8434782608695651,
        "1": 0.7866666666666665,
        "2": 0.8153846153846155,
        "3": 0.7956521739130435,
        "4": 0.7458333333333332,
        "5": 0.7896551724137931,
        "6": 0.7035714285714285,
        "7": 0.7304347826086957,
        "8": 0.5541666666666666,
        "9": 0.5636363636363636
      },
      "drift": {
        "0": 0.8076923076923077,
        "1": 0.7310344827586207,
        "2": 0.706060606060606,
        "3": 0.7304347826086957,
        "4": 0.6444444444444445,
        "5": 0.4517241379310346,
        "6": 0.4777777777777778,
        "7": 0.3173913043478261,
        "8": 0.3241379310344827,
        "9": 0.30000000000000004
      },
      "bifurc": {
        "0": 0.9461538461538459,
        "1": 0.8714285714285716,
        "2": 0.8869565217391304,
        "3": 0.7999999999999999,
        "4": 0.7269230769230769,
        "5": 0.6,
        "6": 0.5857142857142857,
        "7": 0.5285714285714285,
        "8": 0.5105263157894738,
        "9": 0.4666666666666666
      }
    },
    "Joint": {
      "stable": {
        "0": 0.8521739130434783,
        "1": 0.8233333333333334,
        "2": 0.8153846153846155,
        "3": 0.8043478260869565,
        "4": 0.7291666666666666,
        "5": 0.7758620689655172,
        "6": 0.7428571428571429,
        "7": 0.7869565217391304,
        "8": 0.6333333333333333,
        "9": 0.6590909090909091
      },
      "drift": {
        "0": 0.8961538461538462,
        "1": 0.8034482758620688,
        "2": 0.7303030303030302,
        "3": 0.7565217391304347,
        "4": 0.5962962962962963,
        "5": 0.4517241379310345,
        "6": 0.37037037037037035,
        "7": 0.29130434782608694,
        "8": 0.27586206896551724,
        "9": 0.30666666666666664
      },
      "bifurc": {
        "0": 0.8999999999999999,
        "1": 0.8321428571428571,
        "2": 0.8391304347826087,
        "3": 0.7217391304347827,
        "4": 0.7346153846153847,
        "5": 0.5291666666666667,
        "6": 0.4809523809523809,
        "7": 0.5,
        "8": 0.6105263157894737,
        "9": 0.5375
      }
    },
    "Timeformer": {
      "stable": {
        "0": 0.8913043478260868,
        "1": 0.8233333333333334,
        "2": 0.8269230769230771,
        "3": 0.8173913043478259,
        "4": 0.7666666666666666,
        "5": 0.7965517241379311,
        "6": 0.7499999999999999,
        "7": 0.7521739130434781,
        "8": 0.6166666666666667,
        "9": 0.6681818181818183
      },
      "drift": {
        "0": 0.8269230769230768,
        "1": 0.7310344827586207,
        "2": 0.6666666666666666,
        "3": 0.6956521739130437,
        "4": 0.562962962962963,
        "5": 0.4482758620689655,
        "6": 0.44444444444444436,
        "7": 0.3347826086956522,
        "8": 0.29655172413793107,
        "9": 0.24666666666666665
      },
      "bifurc": {
        "0": 0.9076923076923076,
        "1": 0.8535714285714284,
        "2": 0.8260869565217391,
        "3": 0.7434782608695653,
        "4": 0.7615384615384614,
        "5": 0.5375,
        "6": 0.47619047619047616,
        "7": 0.4523809523809524,
        "8": 0.5894736842105263,
        "9": 0.5458333333333333
      }
    }
  },
  "trajectory_dist": {
    "Static": {
      "stable": {
        "0": 7.159958459457272e-09,
        "1": 0.2026092523047014,
        "2": 0.0605022271321039,
        "3": 0.18948551997711965,
        "4": 0.15878290999232542,
        "5": 0.14886345413619267,
        "6": 0.07526069156164429,
        "7": 0.12019362285276063,
        "8": 0.08554717493059338,
        "9": 0.17433294905211136
      },
      "drift": {
        "0": 2.4026262113174822e-08,
        "1": 0.11334638040901054,
        "2": 0.11995129837123417,
        "3": 0.11804010127225717,
        "4": 0.08802034933789929,
        "5": 0.06594736522877662,
        "6": 0.04755789743086149,
        "7": 0.14382780680675278,
        "8": 0.11568244938748118,
        "9": 0.13567348966709794
      },
      "bifurc": {
        "0": 2.101889265970769e-08,
        "1": 0.08443734960718632,
        "2": 0.10488506410900866,
        "3": 0.030524843641279237,
        "4": 0.037915256394015315,
        "5": 0.10848801891290902,
        "6": 0.11474800029659256,
        "7": 0.05121566398492446,
        "8": 0.1921948753985895,
        "9": 0.09083493916697616
      }
    },
    "Additive": {
      "stable": {
        "0": -1.2194328324888204e-09,
        "1": 0.461088068535632,
        "2": 0.22913173692165137,
        "3": 0.45283903900424755,
        "4": 0.6293304274872641,
        "5": 0.43578189646760945,
        "6": 0.5085655218182914,
        "7": 0.3870395479438556,
        "8": 0.5892955854975482,
        "9": 0.6575405154179148
      },
      "drift": {
        "0": -5.524386725852537e-10,
        "1": 0.24087026352276375,
        "2": 0.30950615050761,
        "3": 0.36853813077552044,
        "4": 0.4420952612356384,
        "5": 0.3670917387190161,
        "6": 0.46636350349045114,
        "7": 0.6204173216126609,
        "8": 0.5173390610669908,
        "9": 0.6415958589195991
      },
      "bifurc": {
        "0": 3.561890644654398e-08,
        "1": 0.12938645246265662,
        "2": 0.19889234439052839,
        "3": 0.31714480224200936,
        "4": 0.27436820003078954,
        "5": 0.47931308587548604,
        "6": 0.5558819916494709,
        "7": 0.5844046406338911,
        "8": 0.6888491869175227,
        "9": 0.6599610388879802
      }
    },