{
  "Static": {
    "test": {
      "n": 763,
      "probe_subj": {
        "accuracy": 0.8768020969855832,
        "f1": 0.8127490039840638,
        "auroc": 0.9350047654347136
      },
      "probe_sent": {
        "accuracy": 0.8833551769331586,
        "f1": 0.8223552894211577,
        "auroc": 0.9570997413049727
      },
      "precision_at_5": 0.8230668414154653,
      "cluster_ari": -0.0048551698944394395,
      "cluster_nmi": 0.001259423142766392
    },
    "hard_verb": {
      "n": 215,
      "probe_subj": {
        "accuracy": 0.4790697674418605,
        "f1": 0.36363636363636365,
        "auroc": 0.37004444444444445
      },
      "probe_sent": {
        "accuracy": 0.4697674418604651,
        "f1": 0.3595505617977528,
        "auroc": 0.3204444444444445
      },
      "precision_at_5": 0.8046511627906977,
      "cluster_ari": -0.005825772131828377,
      "cluster_nmi": 0.0006301917343694062
    },
    "hard_both": {
      "n": 69,
      "probe_subj": {
        "accuracy": 0.3188405797101449,
        "f1": 0.0,
        "auroc": 0.03384912959381045
      },
      "probe_sent": {
        "accuracy": 0.2608695652173913,
        "f1": 0.0,
        "auroc": 0.0435203094777563
      },
      "precision_at_5": 0.7507246376811594,
      "cluster_ari": -0.022029870067111736,
      "cluster_nmi": 0.013019746264479487
    },
    "ambiguous_test": {
      "n": 5000,
      "probe_subj": {
        "accuracy": 0.572,
        "f1": 0.3906605922551253,
        "auroc": 0.5438596937514717
      },
      "probe_sent": {
        "accuracy": 0.5672,
        "f1": 0.3914510686164229,
        "auroc": 0.5407354114760342
      },
      "precision_at_5": 0.63708,
      "cluster_ari": -0.005723701657842432,
      "cluster_nmi": 0.007148681119759291
    },
    "continuation": {
      "n": 794,
      "probe_subj": {
        "accuracy": 0.72544080604534,
        "f1": 0.7054054054054054,
        "auroc": 0.7850147537647537
      },
      "probe_sent": {
        "accuracy": 0.716624685138539,
        "f1": 0.6971736204576043,
        "auroc": 0.7867699430199431
      },
      "precision_at_5": 0.75088161209068,
      "cluster_ari": 0.010986767987549889,
      "cluster_nmi": 0.007775507312778472
    },
    "interpolation": {
      "n": 398,
      "probe_subj": {
        "accuracy": 0.7512562814070352,
        "f1": 0.6710963455149501,
        "auroc": 0.7901747311827957
      },
      "probe_sent": {
        "accuracy": 0.7638190954773869,
        "f1": 0.6802721088435374,
        "auroc": 0.7946639784946236
      },
      "precision_at_5": 0.7366834170854272,
      "cluster_ari": -0.005978374916402975,
      "cluster_nmi": 0.006232143566511851
    },
    "contrastive": {
      "sign_flip_rate": 0.0,
      "n_pairs": 29,
      "n_correct": 0
    }
  },
  "Additive": {
    "test": {
      "n": 763,
      "probe_subj": {
        "accuracy": 0.8754914809960681,
        "f1": 0.8118811881188119,
        "auroc": 0.9408027110028592
      },
      "probe_sent": {
        "accuracy": 0.8925294888597641,
        "f1": 0.8373015873015873,
        "auroc": 0.9591080316485378
      },
      "precision_at_5": 0.7664482306684142,
      "cluster_ari": -0.0013143346544642323,
      "cluster_nmi": 0.002277956010767625
    },
    "hard_verb": {
      "n": 215,
      "probe_subj": {
        "accuracy": 0.5116279069767442,
        "f1": 0.4198895027624309,
        "auroc": 0.42293333333333333
      },
      "probe_sent": {
        "accuracy": 0.48372093023255813,
        "f1": 0.37988826815642457,
        "auroc": 0.3431111111111111
      },
      "precision_at_5": 0.8176744186046512,
      "cluster_ari": 0.013668796505395249,
      "cluster_nmi": 0.012324537206121793
    },
    "hard_both": {
      "n": 69,
      "probe_subj": {
        "accuracy": 0.2898550724637681,
        "f1": 0.1694915254237288,
        "auroc": 0.12475822050290133
      },
      "probe_sent": {
        "accuracy": 0.21739130434782608,
        "f1": 0.06896551724137931,
        "auroc": 0.06769825918762089
      },
      "precision_at_5": 0.6840579710144927,
      "cluster_ari": -0.012276409535210777,
      "cluster_nmi": 3.997272331737276e-05
    },
    "ambiguous_test": {
      "n": 5000,
      "probe_subj": {
        "accuracy": 0.5998,
        "f1": 0.46166263115415657,
        "auroc": 0.6044079371978289
      },
      "probe_sent": {
        "accuracy": 0.5786,
        "f1": 0.43192235103801563,
        "auroc": 0.5850469082969686
      },
      "precision_at_5": 0.68676,
      "cluster_ari": -0.0010778670299120639,
      "cluster_nmi": 0.0005689628605171606
    },
    "continuation": {
      "n": 794,
      "probe_subj": {
        "accuracy": 0.756926952141058,
        "f1": 0.7699642431466031,
        "auroc": 0.8116637413512415
      },
      "probe_sent": {
        "accuracy": 0.7682619647355163,
        "f1": 0.7750611246943765,
        "auroc": 0.8007669413919414
      },
      "precision_at_5": 0.7261964735516373,
      "cluster_ari": 0.01205216532526805,
      "cluster_nmi": 0.008495821513414126
    },
    "interpolation": {
      "n": 398,
      "probe_subj": {
        "accuracy": 0.7638190954773869,
        "f1": 0.6907894736842105,
        "auroc": 0.7883467741935484
      },
      "probe_sent": {
        "accuracy": 0.7814070351758794,
        "f1": 0.7184466019417476,
        "auroc": 0.8039112903225807
      },
      "precision_at_5": 0.6969849246231156,
      "cluster_ari": -0.0020199938559051557,
      "cluster_nmi": 0.000126329280358542
    },
    "contrastive": {
      "sign_flip_rate": 0.5172413793103449,
      "n_pairs": 29,
      "n_correct": 15
    }
  },
  "Joint": {
    "test": {
      "n": 763,
      "probe_subj": {
        "accuracy": 0.8872870249017037,
        "f1": 0.83203125,
        "auroc": 0.9458480204535483
      },
      "probe_sent": {
        "accuracy": 0.8899082568807339,
        "f1": 0.83399209486166,
        "auroc": 0.9561277439070514
      },
      "precision_at_5": 0.818348623853211,
      "cluster_ari": -0.001909585500855554,
      "cluster_nmi": 0.0016896604118791657
    },
    "hard_verb": {
      "n": 215,
      "probe_subj": {
        "accuracy": 0.4604651162790698,
        "f1": 0.35555555555555557,
        "auroc": 0.3144
      },
      "probe_sent": {
        "accuracy": 0.4744186046511628,
        "f1": 0.3687150837988827,
        "auroc": 0.31431111111111104
      },
      "precision_at_5": 0.9079069767441861,
      "cluster_ari": -0.006107550119692178,
      "cluster_nmi": 0.001228485255634197
    },
    "hard_both": {
      "n": 69,
      "probe_subj": {
        "accuracy": 0.2753623188405797,
        "f1": 0.10714285714285714,
        "auroc": 0.12379110251450677
      },
      "probe_sent": {
        "accuracy": 0.2463768115942029,
        "f1": 0.07142857142857142,
        "auroc": 0.0735009671179884
      },
      "precision_at_5": 0.7681159420289855,
      "cluster_ari": -0.011933368987230172,
      "cluster_nmi": 1.6177441234017735e-05
    },
    "ambiguous_test": {
      "n": 5000,
      "probe_subj": {
        "accuracy": 0.607,
        "f1": 0.46355446355446356,
        "auroc": 0.5947878842279392
      },
      "probe_sent": {
        "accuracy": 0.5902,
        "f1": 0.4424489795918367,
        "auroc": 0.5894535554076095
      },
      "precision_at_5": 0.68196,
      "cluster_ari": 0.0020996497641106184,
      "cluster_nmi": 0.006171106490997855
    },
    "continuation": {
      "n": 794,
      "probe_subj": {
        "accuracy": 0.77455919395466,
        "f1": 0.7845968712394705,
        "auroc": 0.773529711029711
      },
      "probe_sent": {
        "accuracy": 0.7795969773299748,
        "f1": 0.7878787878787878,
        "auroc": 0.7803978428978429
      },
      "precision_at_5": 0.7060453400503778,
      "cluster_ari": 0.006964104579506385,
      "cluster_nmi": 0.005435905994803353
    },
    "interpolation": {
      "n": 398,
      "probe_subj": {
        "accuracy": 0.7638190954773869,
        "f1": 0.6967741935483871,