{
  "run_id": "20260528_027",
  "k": 10,
  "drift_score": {
    "Static": {
      "0": 0.6230769230769232,
      "1": 0.6103448275862069,
      "2": 0.5454545454545454,
      "3": 0.6130434782608696,
      "4": 0.5555555555555555,
      "5": 0.4724137931034483,
      "6": 0.49629629629629624,
      "7": 0.45652173913043476,
      "8": 0.43103448275862066,
      "9": 0.38
    },
    "Additive": {
      "0": 0.8769230769230768,
      "1": 0.7586206896551724,
      "2": 0.6606060606060605,
      "3": 0.717391304347826,
      "4": 0.5777777777777777,
      "5": 0.5310344827586208,
      "6": 0.4703703703703703,
      "7": 0.39565217391304347,
      "8": 0.3724137931034483,
      "9": 0.33999999999999997
    },
    "Joint": {
      "0": 0.8769230769230769,
      "1": 0.7172413793103448,
      "2": 0.7060606060606059,
      "3": 0.7391304347826086,
      "4": 0.5481481481481482,
      "5": 0.47931034482758617,
      "6": 0.47407407407407404,
      "7": 0.3782608695652174,
      "8": 0.3241379310344827,
      "9": 0.25
    },
    "Timeformer": {
      "0": 0.8999999999999999,
      "1": 0.7999999999999998,
      "2": 0.6848484848484849,
      "3": 0.7217391304347827,
      "4": 0.6037037037037037,
      "5": 0.4620689655172413,
      "6": 0.40740740740740733,
      "7": 0.36521739130434777,
      "8": 0.30689655172413793,
      "9": 0.3333333333333333
    }
  },
  "drift_score_by_class": {
    "Static": {
      "stable": {
        "0": 0.7521739130434781,
        "1": 0.81,
        "2": 0.8038461538461538,
        "3": 0.7999999999999998,
        "4": 0.8250000000000001,
        "5": 0.8379310344827585,
        "6": 0.7642857142857143,
        "7": 0.8478260869565217,
        "8": 0.7708333333333334,
        "9": 0.8045454545454546
      },
      "drift": {
        "0": 0.6230769230769232,
        "1": 0.6103448275862069,
        "2": 0.5454545454545454,
        "3": 0.6130434782608696,
        "4": 0.5555555555555555,
        "5": 0.4724137931034483,
        "6": 0.49629629629629624,
        "7": 0.45652173913043476,
        "8": 0.43103448275862066,
        "9": 0.38
      },
      "bifurc": {
        "0": 0.8076923076923076,
        "1": 0.7571428571428571,
        "2": 0.782608695652174,
        "3": 0.7565217391304347,
        "4": 0.7923076923076923,
        "5": 0.6166666666666667,
        "6": 0.6333333333333334,
        "7": 0.5476190476190477,
        "8": 0.7105263157894738,
        "9": 0.6791666666666666
      }
    },
    "Additive": {
      "stable": {
        "0": 0.8434782608695651,
        "1": 0.8133333333333331,
        "2": 0.823076923076923,
        "3": 0.7999999999999999,
        "4": 0.7208333333333332,
        "5": 0.7482758620689656,
        "6": 0.6821428571428572,
        "7": 0.7347826086956522,
        "8": 0.6083333333333333,
        "9": 0.6909090909090909
      },
      "drift": {
        "0": 0.8769230769230768,
        "1": 0.7586206896551724,
        "2": 0.6606060606060605,
        "3": 0.717391304347826,
        "4": 0.5777777777777777,
        "5": 0.5310344827586208,
        "6": 0.4703703703703703,
        "7": 0.39565217391304347,
        "8": 0.3724137931034483,
        "9": 0.33999999999999997
      },
      "bifurc": {
        "0": 0.8999999999999999,
        "1": 0.8392857142857142,
        "2": 0.8434782608695651,
        "3": 0.7304347826086957,
        "4": 0.7846153846153847,
        "5": 0.5125000000000001,
        "6": 0.4666666666666667,
        "7": 0.42857142857142855,
        "8": 0.5105263157894737,
        "9": 0.5125000000000001
      }
    },
    "Joint": {
      "stable": {
        "0": 0.7869565217391304,
        "1": 0.7699999999999998,
        "2": 0.8038461538461538,
        "3": 0.7652173913043478,
        "4": 0.725,
        "5": 0.7620689655172415,
        "6": 0.7321428571428571,
        "7": 0.7565217391304347,
        "8": 0.6124999999999999,
        "9": 0.6363636363636362
      },
      "drift": {
        "0": 0.8769230769230769,
        "1": 0.7172413793103448,
        "2": 0.7060606060606059,
        "3": 0.7391304347826086,
        "4": 0.5481481481481482,
        "5": 0.47931034482758617,
        "6": 0.47407407407407404,
        "7": 0.3782608695652174,
        "8": 0.3241379310344827,
        "9": 0.25
      },
      "bifurc": {
        "0": 0.9269230769230768,
        "1": 0.8321428571428572,
        "2": 0.8391304347826086,
        "3": 0.7217391304347827,
        "4": 0.7846153846153847,
        "5": 0.5541666666666667,
        "6": 0.48571428571428577,
        "7": 0.4333333333333334,
        "8": 0.5421052631578948,
        "9": 0.5208333333333334
      }
    },
    "Timeformer": {
      "stable": {
        "0": 0.8173913043478261,
        "1": 0.7899999999999999,
        "2": 0.8423076923076922,
        "3": 0.7999999999999999,
        "4": 0.7291666666666666,
        "5": 0.7758620689655171,
        "6": 0.7535714285714287,
        "7": 0.7086956521739131,
        "8": 0.6166666666666666,
        "9": 0.6318181818181817
      },
      "drift": {
        "0": 0.8999999999999999,
        "1": 0.7999999999999998,
        "2": 0.6848484848484849,
        "3": 0.7217391304347827,
        "4": 0.6037037037037037,
        "5": 0.4620689655172413,
        "6": 0.40740740740740733,
        "7": 0.36521739130434777,
        "8": 0.30689655172413793,
        "9": 0.3333333333333333
      },
      "bifurc": {
        "0": 0.8769230769230768,
        "1": 0.8142857142857142,
        "2": 0.8478260869565214,
        "3": 0.7565217391304349,
        "4": 0.769230769230769,
        "5": 0.5499999999999999,
        "6": 0.4619047619047619,
        "7": 0.48571428571428565,
        "8": 0.5894736842105263,
        "9": 0.5208333333333334
      }
    }
  },
  "trajectory_dist": {
    "Static": {
      "stable": {
        "0": 3.7335753155787185e-09,
        "1": 0.08979918816179007,
        "2": 0.053059278062929094,
        "3": 0.04228065754699217,
        "4": 0.11094404616697306,
        "5": 0.11020375430539049,
        "6": 0.09270068714228394,
        "7": 0.06554243588052361,
        "8": 0.05190783328141635,
        "9": 0.081315215354382
      },
      "drift": {
        "0": 2.6014564946663656e-10,
        "1": 0.10730979446275098,
        "2": 0.1349061716293511,
        "3": 0.13629491318120082,
        "4": 0.09979045970433591,
        "5": 0.11091334707820451,
        "6": 0.13901400018795873,
        "7": 0.2199138759459635,
        "8": 0.13486234612773398,
        "9": 0.11468393439809668
      },
      "bifurc": {
        "0": 2.1168042918517927e-08,
        "1": 0.0625170525755052,
        "2": 0.1131656144036676,
        "3": 0.0875033842912108,
        "4": 0.051957384021187845,
        "5": 0.15561443295811328,
        "6": 0.1600981964985065,
        "7": 0.0959551473715522,
        "8": 0.193102513515101,
        "9": 0.11869583377668706
      }
    },
    "Additive": {
      "stable": {
        "0": -1.789792392070666e-08,
        "1": 0.4637957868963055,
        "2": 0.21270948287080102,
        "3": 0.46388359802905654,
        "4": 0.6474459820801208,
        "5": 0.5015114416107563,
        "6": 0.542864656933669,
        "7": 0.44854098854287094,
        "8": 0.6419077589007502,
        "9": 0.6300889653553385
      },
      "drift": {
        "0": 6.600424995450993e-09,
        "1": 0.2651028480709237,
        "2": 0.32292594646035977,
        "3": 0.40160807306982865,
        "4": 0.5035948949617995,
        "5": 0.4057060053913755,
        "6": 0.4977301606322998,
        "7": 0.6595175240414088,
        "8": 0.48963821977024446,
        "9": 0.640909732979349
      },
      "bifurc": {
        "0": -2.1709743602826848e-08,
        "1": 0.1548449421171513,
        "2": 0.2652800962525613,
        "3": 0.3144329733395094,
        "4": 0.32964780371516184,
        "5": 0.5745314348801163,
        "6": 0.6253119010110291,
        "7": 0.61377207308967,
        "8": 0.7255645075885663,
        "9": 0.6494454870602413
      }
    },