{
  "Static": {
    "test": {
      "n": 763,
      "probe_subj": {
        "accuracy": 0.8768020969855832,
        "f1": 0.8156862745098039,
        "auroc": 0.9503033237016081
      },
      "probe_sent": {
        "accuracy": 0.8781127129750983,
        "f1": 0.8180039138943248,
        "auroc": 0.9540211191963813
      },
      "precision_at_5": 0.8091743119266055,
      "cluster_ari": -0.0016145548023998768,
      "cluster_nmi": 0.0032342832215948485
    },
    "hard_verb": {
      "n": 215,
      "probe_subj": {
        "accuracy": 0.4558139534883721,
        "f1": 0.35359116022099446,
        "auroc": 0.32728888888888885
      },
      "probe_sent": {
        "accuracy": 0.4883720930232558,
        "f1": 0.38202247191011235,
        "auroc": 0.3239111111111111
      },
      "precision_at_5": 0.826046511627907,
      "cluster_ari": 0.011952990694939419,
      "cluster_nmi": 0.006571031771901987
    },
    "hard_both": {
      "n": 69,
      "probe_subj": {
        "accuracy": 0.2898550724637681,
        "f1": 0.0392156862745098,
        "auroc": 0.035783365570599614
      },
      "probe_sent": {
        "accuracy": 0.2318840579710145,
        "f1": 0.03636363636363636,
        "auroc": 0.02804642166344294
      },
      "precision_at_5": 0.8231884057971014,
      "cluster_ari": 0.09849457804019107,
      "cluster_nmi": 0.07872385413750749
    },
    "ambiguous_test": {
      "n": 5000,
      "probe_subj": {
        "accuracy": 0.5642,
        "f1": 0.40022020368841177,
        "auroc": 0.5377372306806718
      },
      "probe_sent": {
        "accuracy": 0.5526,
        "f1": 0.38560834935457294,
        "auroc": 0.5274822186010948
      },
      "precision_at_5": 0.63708,
      "cluster_ari": 0.015726704137520434,
      "cluster_nmi": 0.007182942699569476
    },
    "continuation": {
      "n": 794,
      "probe_subj": {
        "accuracy": 0.7204030226700252,
        "f1": 0.7008086253369272,
        "auroc": 0.7865918803418803
      },
      "probe_sent": {
        "accuracy": 0.743073047858942,
        "f1": 0.7308707124010554,
        "auroc": 0.7796092796092797
      },
      "precision_at_5": 0.7453400503778338,
      "cluster_ari": 0.0005641116451357665,
      "cluster_nmi": 0.0016957715250750913
    },
    "interpolation": {
      "n": 398,
      "probe_subj": {
        "accuracy": 0.7462311557788944,
        "f1": 0.6552901023890785,
        "auroc": 0.7915994623655915
      },
      "probe_sent": {
        "accuracy": 0.7537688442211056,
        "f1": 0.6754966887417219,
        "auroc": 0.7786424731182795
      },
      "precision_at_5": 0.7060301507537688,
      "cluster_ari": 0.004837120174825345,
      "cluster_nmi": 0.002725679285137342
    },
    "contrastive": {
      "sign_flip_rate": 0.0,
      "n_pairs": 29,
      "n_correct": 0
    }
  },
  "Additive": {
    "test": {
      "n": 763,
      "probe_subj": {
        "accuracy": 0.8938401048492791,
        "f1": 0.8408644400785854,
        "auroc": 0.9585331538100784
      },
      "probe_sent": {
        "accuracy": 0.8885976408912188,
        "f1": 0.834307992202729,
        "auroc": 0.9546527284004781
      },
      "precision_at_5": 0.8269986893840104,
      "cluster_ari": -0.00028387159966253484,
      "cluster_nmi": 0.0007666722947141931
    },
    "hard_verb": {
      "n": 215,
      "probe_subj": {
        "accuracy": 0.4697674418604651,
        "f1": 0.3448275862068966,
        "auroc": 0.30933333333333335
      },
      "probe_sent": {
        "accuracy": 0.4744186046511628,
        "f1": 0.3615819209039548,
        "auroc": 0.3037333333333333
      },
      "precision_at_5": 0.946046511627907,
      "cluster_ari": -0.0032120394359965703,
      "cluster_nmi": 0.0003037115306766008
    },
    "hard_both": {
      "n": 69,
      "probe_subj": {
        "accuracy": 0.2318840579710145,
        "f1": 0.0,
        "auroc": 0.04835589941972922
      },
      "probe_sent": {
        "accuracy": 0.2318840579710145,
        "f1": 0.0,
        "auroc": 0.042553191489361694
      },
      "precision_at_5": 0.8724637681159421,
      "cluster_ari": -0.005583201491570618,
      "cluster_nmi": 0.0017199442154628502
    },
    "ambiguous_test": {
      "n": 5000,
      "probe_subj": {
        "accuracy": 0.5774,
        "f1": 0.42061968741431316,
        "auroc": 0.55178673441502
      },
      "probe_sent": {
        "accuracy": 0.5748,
        "f1": 0.420708446866485,
        "auroc": 0.5472912348205797
      },
      "precision_at_5": 0.66608,
      "cluster_ari": -8.362876813902062e-06,
      "cluster_nmi": 7.657921701238712e-05
    },
    "continuation": {
      "n": 794,
      "probe_subj": {
        "accuracy": 0.7531486146095718,
        "f1": 0.7649880095923262,
        "auroc": 0.7699016839641839
      },
      "probe_sent": {
        "accuracy": 0.7556675062972292,
        "f1": 0.7679425837320574,
        "auroc": 0.7677204161579163
      },
      "precision_at_5": 0.6770780856423174,
      "cluster_ari": -0.0011009169644886833,
      "cluster_nmi": 0.00011699017059560003
    },
    "interpolation": {
      "n": 398,
      "probe_subj": {
        "accuracy": 0.7437185929648241,
        "f1": 0.6666666666666666,
        "auroc": 0.774233870967742
      },
      "probe_sent": {
        "accuracy": 0.7462311557788944,
        "f1": 0.6752411575562701,
        "auroc": 0.7716801075268818
      },
      "precision_at_5": 0.7120603015075377,
      "cluster_ari": -0.0017501178010436178,
      "cluster_nmi": 0.00013006289651555484
    },
    "contrastive": {
      "sign_flip_rate": 0.5517241379310345,
      "n_pairs": 29,
      "n_correct": 16
    }
  },
  "Joint": {
    "test": {
      "n": 763,
      "probe_subj": {
        "accuracy": 0.8977719528178244,
        "f1": 0.8494208494208494,
        "auroc": 0.9558629975340767
      },
      "probe_sent": {
        "accuracy": 0.8951507208387942,
        "f1": 0.84375,
        "auroc": 0.9571262159422701
      },
      "precision_at_5": 0.8267365661861075,
      "cluster_ari": -0.0005037013452821178,
      "cluster_nmi": 0.00030289085422054244
    },
    "hard_verb": {
      "n": 215,
      "probe_subj": {
        "accuracy": 0.4790697674418605,
        "f1": 0.37777777777777777,
        "auroc": 0.3207111111111111
      },
      "probe_sent": {
        "accuracy": 0.5069767441860465,
        "f1": 0.4175824175824176,
        "auroc": 0.3337777777777778
      },
      "precision_at_5": 0.9116279069767442,
      "cluster_ari": -0.005180351558539535,
      "cluster_nmi": 0.0015971588678112005
    },
    "hard_both": {
      "n": 69,
      "probe_subj": {
        "accuracy": 0.2318840579710145,
        "f1": 0.07017543859649122,
        "auroc": 0.08413926499032882
      },
      "probe_sent": {
        "accuracy": 0.2028985507246377,
        "f1": 0.03508771929824561,
        "auroc": 0.058027079303675046
      },
      "precision_at_5": 0.7797101449275362,
      "cluster_ari": -0.005583201491570618,
      "cluster_nmi": 0.0017199442154628502
    },
    "ambiguous_test": {
      "n": 5000,
      "probe_subj": {
        "accuracy": 0.5878,
        "f1": 0.44671140939597315,
        "auroc": 0.5707573756646674
      },
      "probe_sent": {
        "accuracy": 0.578,
        "f1": 0.43096008629989213,
        "auroc": 0.5682116338972407
      },
      "precision_at_5": 0.67364,
      "cluster_ari": 0.00036483470419283883,
      "cluster_nmi": 0.0006535345013517235
    },
    "continuation": {
      "n": 794,
      "probe_subj": {
        "accuracy": 0.7707808564231738,
        "f1": 0.7801932367149759,
        "auroc": 0.7733898046398046
      },
      "probe_sent": {
        "accuracy": 0.7670025188916877,
        "f1": 0.7730061349693251,
        "auroc": 0.7883852258852259
      },
      "precision_at_5": 0.7047858942065491,
      "cluster_ari": 0.00016555301591893003,
      "cluster_nmi": 0.0008795811195586947
    },
    "interpolation": {
      "n": 398,
      "probe_subj": {
        "accuracy": 0.7688442211055276,