{
  "run_id": "20260528_032",
  "k": 10,
  "drift_score": {
    "Static": {
      "0": 0.6538461538461539,
      "1": 0.6517241379310346,
      "2": 0.5575757575757576,
      "3": 0.673913043478261,
      "4": 0.5592592592592592,
      "5": 0.506896551724138,
      "6": 0.5444444444444445,
      "7": 0.46956521739130436,
      "8": 0.42068965517241386,
      "9": 0.44333333333333336
    },
    "Additive": {
      "0": 0.8384615384615385,
      "1": 0.8034482758620689,
      "2": 0.7393939393939394,
      "3": 0.7478260869565218,
      "4": 0.5851851851851853,
      "5": 0.45517241379310347,
      "6": 0.4481481481481482,
      "7": 0.391304347826087,
      "8": 0.28965517241379307,
      "9": 0.31333333333333335
    },
    "Joint": {
      "0": 0.8884615384615385,
      "1": 0.7999999999999997,
      "2": 0.7545454545454545,
      "3": 0.7347826086956522,
      "4": 0.5370370370370371,
      "5": 0.4379310344827586,
      "6": 0.41851851851851846,
      "7": 0.42173913043478267,
      "8": 0.2586206896551725,
      "9": 0.28666666666666674
    },
    "Timeformer": {
      "0": 0.8192307692307692,
      "1": 0.7655172413793103,
      "2": 0.7424242424242424,
      "3": 0.7000000000000001,
      "4": 0.5481481481481482,
      "5": 0.5,
      "6": 0.43703703703703706,
      "7": 0.3956521739130435,
      "8": 0.3103448275862069,
      "9": 0.25666666666666665
    }
  },
  "drift_score_by_class": {
    "Static": {
      "stable": {
        "0": 0.7130434782608697,
        "1": 0.7833333333333333,
        "2": 0.8038461538461538,
        "3": 0.8043478260869563,
        "4": 0.7125,
        "5": 0.8,
        "6": 0.75,
        "7": 0.7999999999999999,
        "8": 0.7083333333333334,
        "9": 0.781818181818182
      },
      "drift": {
        "0": 0.6538461538461539,
        "1": 0.6517241379310346,
        "2": 0.5575757575757576,
        "3": 0.673913043478261,
        "4": 0.5592592592592592,
        "5": 0.506896551724138,
        "6": 0.5444444444444445,
        "7": 0.46956521739130436,
        "8": 0.42068965517241386,
        "9": 0.44333333333333336
      },
      "bifurc": {
        "0": 0.7846153846153846,
        "1": 0.7499999999999999,
        "2": 0.7434782608695653,
        "3": 0.717391304347826,
        "4": 0.7653846153846153,
        "5": 0.5541666666666667,
        "6": 0.5380952380952382,
        "7": 0.4809523809523809,
        "8": 0.7210526315789475,
        "9": 0.6375000000000001
      }
    },
    "Additive": {
      "stable": {
        "0": 0.8478260869565217,
        "1": 0.8533333333333333,
        "2": 0.8961538461538461,
        "3": 0.7999999999999999,
        "4": 0.7916666666666666,
        "5": 0.8241379310344829,
        "6": 0.7214285714285714,
        "7": 0.7652173913043477,
        "8": 0.625,
        "9": 0.6863636363636362
      },
      "drift": {
        "0": 0.8384615384615385,
        "1": 0.8034482758620689,
        "2": 0.7393939393939394,
        "3": 0.7478260869565218,
        "4": 0.5851851851851853,
        "5": 0.45517241379310347,
        "6": 0.4481481481481482,
        "7": 0.391304347826087,
        "8": 0.28965517241379307,
        "9": 0.31333333333333335
      },
      "bifurc": {
        "0": 0.9153846153846155,
        "1": 0.875,
        "2": 0.8782608695652175,
        "3": 0.8173913043478259,
        "4": 0.8269230769230768,
        "5": 0.6000000000000001,
        "6": 0.5380952380952382,
        "7": 0.4809523809523809,
        "8": 0.4947368421052632,
        "9": 0.5708333333333333
      }
    },
    "Joint": {
      "stable": {
        "0": 0.791304347826087,
        "1": 0.7666666666666665,
        "2": 0.8423076923076922,
        "3": 0.8260869565217392,
        "4": 0.7125,
        "5": 0.7758620689655172,
        "6": 0.7214285714285714,
        "7": 0.7782608695652175,
        "8": 0.6458333333333334,
        "9": 0.6727272727272727
      },
      "drift": {
        "0": 0.8884615384615385,
        "1": 0.7999999999999997,
        "2": 0.7545454545454545,
        "3": 0.7347826086956522,
        "4": 0.5370370370370371,
        "5": 0.4379310344827586,
        "6": 0.41851851851851846,
        "7": 0.42173913043478267,
        "8": 0.2586206896551725,
        "9": 0.28666666666666674
      },
      "bifurc": {
        "0": 0.9230769230769231,
        "1": 0.8464285714285713,
        "2": 0.826086956521739,
        "3": 0.7565217391304349,
        "4": 0.7153846153846154,
        "5": 0.5541666666666667,
        "6": 0.46190476190476193,
        "7": 0.41428571428571426,
        "8": 0.5,
        "9": 0.5125000000000001
      }
    },
    "Timeformer": {
      "stable": {
        "0": 0.8391304347826086,
        "1": 0.8266666666666664,
        "2": 0.8461538461538463,
        "3": 0.7869565217391303,
        "4": 0.7208333333333333,
        "5": 0.7862068965517242,
        "6": 0.7357142857142858,
        "7": 0.782608695652174,
        "8": 0.6625,
        "9": 0.6636363636363636
      },
      "drift": {
        "0": 0.8192307692307692,
        "1": 0.7655172413793103,
        "2": 0.7424242424242424,
        "3": 0.7000000000000001,
        "4": 0.5481481481481482,
        "5": 0.5,
        "6": 0.43703703703703706,
        "7": 0.3956521739130435,
        "8": 0.3103448275862069,
        "9": 0.25666666666666665
      },
      "bifurc": {
        "0": 0.9038461538461539,
        "1": 0.8285714285714284,
        "2": 0.856521739130435,
        "3": 0.717391304347826,
        "4": 0.7615384615384616,
        "5": 0.5583333333333335,
        "6": 0.5095238095238096,
        "7": 0.43809523809523804,
        "8": 0.4947368421052632,
        "9": 0.525
      }
    }
  },
  "trajectory_dist": {
    "Static": {
      "stable": {
        "0": -2.8149573227942426e-08,
        "1": 0.0999842004978736,
        "2": 0.07103367369026134,
        "3": 0.19619589744790428,
        "4": 0.13930214924408188,
        "5": 0.12958791288264876,
        "6": 0.0860281472224627,
        "7": 0.13495498433309944,
        "8": 0.08684665525434826,
        "9": 0.17919937781253786
      },
      "drift": {
        "0": -1.3028184042696011e-08,
        "1": 0.09455387088142843,
        "2": 0.16091554318922024,
        "3": 0.08177453328436149,
        "4": 0.08156663019408551,
        "5": 0.08809509684760004,
        "6": 0.08084773329459533,
        "7": 0.06921744614378653,
        "8": 0.0804158396891182,
        "9": 0.059348364744652306
      },
      "bifurc": {
        "0": -1.8381457922433952e-08,
        "1": 0.08950803214363635,
        "2": 0.11086903385148823,
        "3": 0.21003997864899462,
        "4": 0.1861813721042219,
        "5": 0.1808456652238845,
        "6": 0.2630247210087743,
        "7": 0.091444222787449,
        "8": 0.16584823603633683,
        "9": 0.21417434367328253
      }
    },
    "Additive": {
      "stable": {
        "0": 9.324452054926268e-09,
        "1": 0.35645424586252983,
        "2": 0.1286728682612951,
        "3": 0.33999604093626934,
        "4": 0.5181018031264653,
        "5": 0.40156199292080963,
        "6": 0.4972345809043907,
        "7": 0.37559283226106677,
        "8": 0.6020450220965601,
        "9": 0.5970162125544084
      },
      "drift": {
        "0": 9.240646736685677e-09,
        "1": 0.26978663729214614,
        "2": 0.2734048537949137,
        "3": 0.3863149574789153,
        "4": 0.40748158958762415,
        "5": 0.3999092841427761,
        "6": 0.43927142365363264,
        "7": 0.6234035239636022,
        "8": 0.5636863775418485,
        "9": 0.6748062872309087
      },
      "bifurc": {
        "0": -3.6254652935330253e-08,
        "1": 0.10342295043944442,
        "2": 0.16544066474336666,
        "3": 0.32643053293893154,
        "4": 0.29015340274284795,
        "5": 0.4546368589719587,
        "6": 0.5808992948908991,
        "7": 0.6292756808835135,
        "8": 0.6026488034250179,
        "9": 0.6237999349655634
      }
    },
    "Joint": {
      "stable": {
        "0": 1.914231754218676e-08,