{
  "Static": {
    "test": {
      "n": 763,
      "probe_subj": {
        "accuracy": 0.8885976408912188,
        "f1": 0.8374760994263862,
        "auroc": 0.9521414199482611
      },
      "probe_sent": {
        "accuracy": 0.8951507208387942,
        "f1": 0.8461538461538461,
        "auroc": 0.9546792030377755
      },
      "precision_at_5": 0.817562254259502,
      "cluster_ari": 0.016611029650962013,
      "cluster_nmi": 0.007800231196584576
    },
    "hard_verb": {
      "n": 215,
      "probe_subj": {
        "accuracy": 0.4604651162790698,
        "f1": 0.3409090909090909,
        "auroc": 0.33866666666666667
      },
      "probe_sent": {
        "accuracy": 0.49767441860465117,
        "f1": 0.39325842696629215,
        "auroc": 0.32266666666666666
      },
      "precision_at_5": 0.9069767441860465,
      "cluster_ari": -0.002810022278018348,
      "cluster_nmi": 0.0012644035696724452
    },
    "hard_both": {
      "n": 69,
      "probe_subj": {
        "accuracy": 0.2028985507246377,
        "f1": 0.0,
        "auroc": 0.008704061895551254
      },
      "probe_sent": {
        "accuracy": 0.18840579710144928,
        "f1": 0.0,
        "auroc": 0.015473887814313353
      },
      "precision_at_5": 0.7710144927536232,
      "cluster_ari": -0.012753465883862055,
      "cluster_nmi": 7.454881740072446e-05
    },
    "ambiguous_test": {
      "n": 5000,
      "probe_subj": {
        "accuracy": 0.5412,
        "f1": 0.3796646836127637,
        "auroc": 0.5247053513543372
      },
      "probe_sent": {
        "accuracy": 0.541,
        "f1": 0.38978994948152085,
        "auroc": 0.5324907549808268
      },
      "precision_at_5": 0.63132,
      "cluster_ari": 0.019957289199584307,
      "cluster_nmi": 0.009691668403195306
    },
    "continuation": {
      "n": 794,
      "probe_subj": {
        "accuracy": 0.7380352644836272,
        "f1": 0.7284595300261096,
        "auroc": 0.7878001628001627
      },
      "probe_sent": {
        "accuracy": 0.7342569269521411,
        "f1": 0.7227332457293035,
        "auroc": 0.7912278693528694
      },
      "precision_at_5": 0.7347607052896725,
      "cluster_ari": 0.0298588492253457,
      "cluster_nmi": 0.02424741217633814
    },
    "interpolation": {
      "n": 398,
      "probe_subj": {
        "accuracy": 0.7512562814070352,
        "f1": 0.6732673267326733,
        "auroc": 0.7696908602150537
      },
      "probe_sent": {
        "accuracy": 0.7613065326633166,
        "f1": 0.6964856230031949,
        "auroc": 0.7899596774193549
      },
      "precision_at_5": 0.7040201005025125,
      "cluster_ari": 0.029607973984844063,
      "cluster_nmi": 0.018296970919212556
    },
    "contrastive": {
      "sign_flip_rate": 0.0,
      "n_pairs": 29,
      "n_correct": 0
    }
  },
  "Additive": {
    "test": {
      "n": 763,
      "probe_subj": {
        "accuracy": 0.8951507208387942,
        "f1": 0.8431372549019608,
        "auroc": 0.9578599416045143
      },
      "probe_sent": {
        "accuracy": 0.8885976408912188,
        "f1": 0.8303393213572854,
        "auroc": 0.9601594529583516
      },
      "precision_at_5": 0.8070773263433814,
      "cluster_ari": -0.0005740374181530471,
      "cluster_nmi": 0.00046205867969671764
    },
    "hard_verb": {
      "n": 215,
      "probe_subj": {
        "accuracy": 0.4604651162790698,
        "f1": 0.34831460674157305,
        "auroc": 0.31822222222222224
      },
      "probe_sent": {
        "accuracy": 0.48372093023255813,
        "f1": 0.3657142857142857,
        "auroc": 0.3185777777777778
      },
      "precision_at_5": 0.8558139534883721,
      "cluster_ari": -0.0032120394359965703,
      "cluster_nmi": 0.0003037115306766008
    },
    "hard_both": {
      "n": 69,
      "probe_subj": {
        "accuracy": 0.3188405797101449,
        "f1": 0.11320754716981132,
        "auroc": 0.09864603481624759
      },
      "probe_sent": {
        "accuracy": 0.2753623188405797,
        "f1": 0.07407407407407407,
        "auroc": 0.08317214700193423
      },
      "precision_at_5": 0.7217391304347827,
      "cluster_ari": -0.005583201491570618,
      "cluster_nmi": 0.0017199442154628502
    },
    "ambiguous_test": {
      "n": 5000,
      "probe_subj": {
        "accuracy": 0.5958,
        "f1": 0.4430972719757509,
        "auroc": 0.5694678335838405
      },
      "probe_sent": {
        "accuracy": 0.5846,
        "f1": 0.4279812723767557,
        "auroc": 0.5614135103744815
      },
      "precision_at_5": 0.69588,
      "cluster_ari": -6.961476096765399e-05,
      "cluster_nmi": 4.976511453733906e-05
    },
    "continuation": {
      "n": 794,
      "probe_subj": {
        "accuracy": 0.7657430730478589,
        "f1": 0.7811764705882352,
        "auroc": 0.7801752645502645
      },
      "probe_sent": {
        "accuracy": 0.7657430730478589,
        "f1": 0.7790973871733967,
        "auroc": 0.7764868233618234
      },
      "precision_at_5": 0.7324937027707809,
      "cluster_ari": -0.0011009169644886833,
      "cluster_nmi": 0.00011699017059560003
    },
    "interpolation": {
      "n": 398,
      "probe_subj": {
        "accuracy": 0.7663316582914573,
        "f1": 0.6910299003322259,
        "auroc": 0.7961155913978495
      },
      "probe_sent": {
        "accuracy": 0.7638190954773869,
        "f1": 0.6907894736842105,
        "auroc": 0.7917069892473119
      },
      "precision_at_5": 0.6989949748743719,
      "cluster_ari": -0.00183879147811018,
      "cluster_nmi": 8.489928662111686e-05
    },
    "contrastive": {
      "sign_flip_rate": 0.7931034482758621,
      "n_pairs": 29,
      "n_correct": 23
    }
  },
  "Joint": {
    "test": {
      "n": 763,
      "probe_subj": {
        "accuracy": 0.9003931847968545,
        "f1": 0.8549618320610687,
        "auroc": 0.9556890213461218
      },
      "probe_sent": {
        "accuracy": 0.9056356487549148,
        "f1": 0.8604651162790697,
        "auroc": 0.9584575119892286
      },
      "precision_at_5": 0.8403669724770643,
      "cluster_ari": 0.0009665877199609894,
      "cluster_nmi": 0.006578429864334469
    },
    "hard_verb": {
      "n": 215,
      "probe_subj": {
        "accuracy": 0.46511627906976744,
        "f1": 0.32748538011695905,
        "auroc": 0.34328888888888887
      },
      "probe_sent": {
        "accuracy": 0.4558139534883721,
        "f1": 0.3389830508474576,
        "auroc": 0.32533333333333325
      },
      "precision_at_5": 0.8948837209302326,
      "cluster_ari": 0.00604972483509621,
      "cluster_nmi": 0.004370681830359314
    },
    "hard_both": {
      "n": 69,
      "probe_subj": {
        "accuracy": 0.3188405797101449,
        "f1": 0.11320754716981132,
        "auroc": 0.10058027079303673
      },
      "probe_sent": {
        "accuracy": 0.2608695652173913,
        "f1": 0.10526315789473684,
        "auroc": 0.08897485493230174
      },
      "precision_at_5": 0.7681159420289855,
      "cluster_ari": 0.012030796726637231,
      "cluster_nmi": 0.006016341493429406
    },
    "ambiguous_test": {
      "n": 5000,
      "probe_subj": {
        "accuracy": 0.5902,
        "f1": 0.44001093194861984,
        "auroc": 0.5697479278655926
      },
      "probe_sent": {
        "accuracy": 0.589,
        "f1": 0.4417277913610432,
        "auroc": 0.5693412778477132
      },
      "precision_at_5": 0.69216,
      "cluster_ari": -0.0006214347930394038,
      "cluster_nmi": 0.0017104905952188354
    },
    "continuation": {
      "n": 794,
      "probe_subj": {
        "accuracy": 0.7644836272040302,
        "f1": 0.7711138310893513,
        "auroc": 0.7900768213268213
      },
      "probe_sent": {
        "accuracy": 0.7594458438287154,
        "f1": 0.7656441717791411,
        "auroc": 0.7831673534798536
      },
      "precision_at_5": 0.7216624685138538,
      "cluster_ari": -0.00035251020079718595,
      "cluster_nmi": 0.0004989410348537263
    },
    "interpolation": {
      "n": 398,
      "probe_subj": {
        "accuracy": 0.7663316582914573,