{
  "run_id": "20260528_010",
  "k": 10,
  "drift_score": {
    "Static": {
      "0": 0.6384615384615385,
      "1": 0.6137931034482759,
      "2": 0.5787878787878789,
      "3": 0.5608695652173913,
      "4": 0.5888888888888888,
      "5": 0.5068965517241378,
      "6": 0.5296296296296297,
      "7": 0.4869565217391304,
      "8": 0.4275862068965518,
      "9": 0.41666666666666663
    },
    "Additive": {
      "0": 0.7615384615384616,
      "1": 0.7758620689655171,
      "2": 0.7272727272727273,
      "3": 0.7565217391304349,
      "4": 0.5518518518518518,
      "5": 0.5172413793103449,
      "6": 0.4703703703703703,
      "7": 0.391304347826087,
      "8": 0.36896551724137927,
      "9": 0.3266666666666666
    },
    "Joint": {
      "0": 0.8230769230769229,
      "1": 0.7689655172413793,
      "2": 0.7515151515151516,
      "3": 0.691304347826087,
      "4": 0.5407407407407407,
      "5": 0.4655172413793104,
      "6": 0.45925925925925926,
      "7": 0.36521739130434777,
      "8": 0.33793103448275863,
      "9": 0.30999999999999994
    },
    "Timeformer": {
      "0": 0.7961538461538461,
      "1": 0.8310344827586206,
      "2": 0.7000000000000001,
      "3": 0.7608695652173911,
      "4": 0.5888888888888889,
      "5": 0.5517241379310345,
      "6": 0.47407407407407404,
      "7": 0.391304347826087,
      "8": 0.3241379310344828,
      "9": 0.30666666666666664
    }
  },
  "drift_score_by_class": {
    "Static": {
      "stable": {
        "0": 0.7695652173913045,
        "1": 0.8133333333333332,
        "2": 0.8269230769230769,
        "3": 0.7869565217391303,
        "4": 0.75,
        "5": 0.8172413793103449,
        "6": 0.7678571428571427,
        "7": 0.8304347826086957,
        "8": 0.7458333333333335,
        "9": 0.790909090909091
      },
      "drift": {
        "0": 0.6384615384615385,
        "1": 0.6137931034482759,
        "2": 0.5787878787878789,
        "3": 0.5608695652173913,
        "4": 0.5888888888888888,
        "5": 0.5068965517241378,
        "6": 0.5296296296296297,
        "7": 0.4869565217391304,
        "8": 0.4275862068965518,
        "9": 0.41666666666666663
      },
      "bifurc": {
        "0": 0.776923076923077,
        "1": 0.7892857142857143,
        "2": 0.782608695652174,
        "3": 0.7347826086956522,
        "4": 0.7269230769230769,
        "5": 0.5875,
        "6": 0.5761904761904761,
        "7": 0.5000000000000001,
        "8": 0.7105263157894737,
        "9": 0.6041666666666666
      }
    },
    "Additive": {
      "stable": {
        "0": 0.8391304347826087,
        "1": 0.8399999999999999,
        "2": 0.8692307692307693,
        "3": 0.8434782608695651,
        "4": 0.7541666666666668,
        "5": 0.7517241379310344,
        "6": 0.6964285714285714,
        "7": 0.6956521739130433,
        "8": 0.5875,
        "9": 0.6136363636363636
      },
      "drift": {
        "0": 0.7615384615384616,
        "1": 0.7758620689655171,
        "2": 0.7272727272727273,
        "3": 0.7565217391304349,
        "4": 0.5518518518518518,
        "5": 0.5172413793103449,
        "6": 0.4703703703703703,
        "7": 0.391304347826087,
        "8": 0.36896551724137927,
        "9": 0.3266666666666666
      },
      "bifurc": {
        "0": 0.8346153846153845,
        "1": 0.8500000000000002,
        "2": 0.8347826086956521,
        "3": 0.7478260869565218,
        "4": 0.7038461538461539,
        "5": 0.5291666666666667,
        "6": 0.5047619047619047,
        "7": 0.4285714285714285,
        "8": 0.5947368421052631,
        "9": 0.5416666666666666
      }
    },
    "Joint": {
      "stable": {
        "0": 0.856521739130435,
        "1": 0.8233333333333331,
        "2": 0.7923076923076924,
        "3": 0.7999999999999999,
        "4": 0.7833333333333333,
        "5": 0.7931034482758622,
        "6": 0.7071428571428571,
        "7": 0.7652173913043478,
        "8": 0.6875,
        "9": 0.7045454545454546
      },
      "drift": {
        "0": 0.8230769230769229,
        "1": 0.7689655172413793,
        "2": 0.7515151515151516,
        "3": 0.691304347826087,
        "4": 0.5407407407407407,
        "5": 0.4655172413793104,
        "6": 0.45925925925925926,
        "7": 0.36521739130434777,
        "8": 0.33793103448275863,
        "9": 0.30999999999999994
      },
      "bifurc": {
        "0": 0.8653846153846154,
        "1": 0.8428571428571429,
        "2": 0.8173913043478263,
        "3": 0.7434782608695651,
        "4": 0.7576923076923077,
        "5": 0.5208333333333334,
        "6": 0.4857142857142856,
        "7": 0.43333333333333324,
        "8": 0.6052631578947368,
        "9": 0.5541666666666667
      }
    },
    "Timeformer": {
      "stable": {
        "0": 0.8347826086956521,
        "1": 0.8399999999999999,
        "2": 0.8807692307692309,
        "3": 0.8217391304347825,
        "4": 0.7875,
        "5": 0.7827586206896552,
        "6": 0.7357142857142858,
        "7": 0.7521739130434782,
        "8": 0.6458333333333334,
        "9": 0.6863636363636364
      },
      "drift": {
        "0": 0.7961538461538461,
        "1": 0.8310344827586206,
        "2": 0.7000000000000001,
        "3": 0.7608695652173911,
        "4": 0.5888888888888889,
        "5": 0.5517241379310345,
        "6": 0.47407407407407404,
        "7": 0.391304347826087,
        "8": 0.3241379310344828,
        "9": 0.30666666666666664
      },
      "bifurc": {
        "0": 0.8269230769230769,
        "1": 0.8357142857142856,
        "2": 0.8304347826086955,
        "3": 0.8173913043478261,
        "4": 0.7115384615384616,
        "5": 0.5708333333333333,
        "6": 0.504761904761905,
        "7": 0.4666666666666667,
        "8": 0.5789473684210527,
        "9": 0.5083333333333333
      }
    }
  },
  "trajectory_dist": {
    "Static": {
      "stable": {
        "0": -3.8218758680041985e-08,
        "1": 0.006090971707784898,
        "2": 0.0041560966582596896,
        "3": 0.002945501926218863,
        "4": 0.005719714725274372,
        "5": 0.004332890638332509,
        "6": 0.0037450377878443185,
        "7": 0.005194344764964091,
        "8": 0.0036248940719032507,
        "9": 0.0025276709165329867
      },
      "drift": {
        "0": 1.8984141825217903e-08,
        "1": 0.011846498990348397,
        "2": 0.009124488500235983,
        "3": 0.010334770742797294,
        "4": 0.018633096706163498,
        "5": 0.008289681183876296,
        "6": 0.007109785713278638,
        "7": 0.037083778445908065,
        "8": 0.03412094119828492,
        "9": 0.04776979392768801
      },
      "bifurc": {
        "0": -1.4221381150480994e-08,
        "1": 0.011749885973140162,
        "2": 0.01164480862022299,
        "3": 0.01629398123669105,
        "4": 0.006544228275654274,
        "5": 0.01131538899123794,
        "6": 0.018460151384769075,
        "7": 0.027903117655858203,
        "8": 0.03269324221503151,
        "9": 0.010432226810897083
      }
    },
    "Additive": {
      "stable": {
        "0": 1.6490100529509276e-08,
        "1": 0.39228870151781925,
        "2": 0.1768454839948596,
        "3": 0.4010094519873695,
        "4": 0.5774979943307178,
        "5": 0.42861644436174134,
        "6": 0.519966396893669,
        "7": 0.36839660226427895,
        "8": 0.5444803551791624,
        "9": 0.6630915893423472
      },
      "drift": {
        "0": 2.1920740911340884e-08,
        "1": 0.19737615050947768,
        "2": 0.2336338367821577,
        "3": 0.3159902617549144,
        "4": 0.39406707916829814,
        "5": 0.3080307754236079,
        "6": 0.41880233250814836,
        "7": 0.6074343795597735,
        "8": 0.5084605419984289,
        "9": 0.6789676453009161
      },
      "bifurc": {
        "0": -1.478700321078108e-08,
        "1": 0.13292953733290877,
        "2": 0.18109339186972123,
        "3": 0.3298970409846359,
        "4": 0.2690230879257928,
        "5": 0.44783031046042526,
        "6": 0.5389533024907216,
        "7": 0.6201623922827963,
        "8": 0.5914765542935226,