{
  "Static": {
    "test": {
      "n": 763,
      "probe_subj": {
        "accuracy": 0.8650065530799476,
        "f1": 0.7976424361493124,
        "auroc": 0.9222099514379509
      },
      "probe_sent": {
        "accuracy": 0.8872870249017037,
        "f1": 0.8273092369477911,
        "auroc": 0.948722409645845
      },
      "precision_at_5": 0.817562254259502,
      "cluster_ari": 0.03192704130090885,
      "cluster_nmi": 0.007828324981065995
    },
    "hard_verb": {
      "n": 215,
      "probe_subj": {
        "accuracy": 0.4744186046511628,
        "f1": 0.3151515151515151,
        "auroc": 0.42444444444444446
      },
      "probe_sent": {
        "accuracy": 0.46511627906976744,
        "f1": 0.32748538011695905,
        "auroc": 0.3300444444444445
      },
      "precision_at_5": 0.827906976744186,
      "cluster_ari": 0.009704111872109712,
      "cluster_nmi": 0.0034234897781837176
    },
    "hard_both": {
      "n": 69,
      "probe_subj": {
        "accuracy": 0.3188405797101449,
        "f1": 0.0784313725490196,
        "auroc": 0.11121856866537716
      },
      "probe_sent": {
        "accuracy": 0.21739130434782608,
        "f1": 0.0,
        "auroc": 0.08027079303675046
      },
      "precision_at_5": 0.7739130434782608,
      "cluster_ari": 0.025270026578532338,
      "cluster_nmi": 0.006279609027201264
    },
    "ambiguous_test": {
      "n": 5000,
      "probe_subj": {
        "accuracy": 0.5676,
        "f1": 0.3829908675799087,
        "auroc": 0.5451100789606039
      },
      "probe_sent": {
        "accuracy": 0.551,
        "f1": 0.380005523336095,
        "auroc": 0.5361149006160438
      },
      "precision_at_5": 0.63788,
      "cluster_ari": 0.03687721076286687,
      "cluster_nmi": 0.008341363135042586
    },
    "continuation": {
      "n": 794,
      "probe_subj": {
        "accuracy": 0.707808564231738,
        "f1": 0.6821917808219178,
        "auroc": 0.7695423789173789
      },
      "probe_sent": {
        "accuracy": 0.7380352644836272,
        "f1": 0.7248677248677249,
        "auroc": 0.7717808811558811
      },
      "precision_at_5": 0.7546599496221662,
      "cluster_ari": -0.00035577623106871985,
      "cluster_nmi": 0.009702613465806484
    },
    "interpolation": {
      "n": 398,
      "probe_subj": {
        "accuracy": 0.7537688442211056,
        "f1": 0.6711409395973155,
        "auroc": 0.7807795698924731
      },
      "probe_sent": {
        "accuracy": 0.7587939698492462,
        "f1": 0.6778523489932886,
        "auroc": 0.7969086021505377
      },
      "precision_at_5": 0.7211055276381909,
      "cluster_ari": 0.05287915968062427,
      "cluster_nmi": 0.024279425885613673
    },
    "contrastive": {
      "sign_flip_rate": 0.0,
      "n_pairs": 29,
      "n_correct": 0
    }
  },
  "Additive": {
    "test": {
      "n": 763,
      "probe_subj": {
        "accuracy": 0.8650065530799476,
        "f1": 0.8,
        "auroc": 0.9437603061980908
      },
      "probe_sent": {
        "accuracy": 0.8794233289646134,
        "f1": 0.8250950570342205,
        "auroc": 0.9447436498691397
      },
      "precision_at_5": 0.7905635648754915,
      "cluster_ari": 0.0001705617839398106,
      "cluster_nmi": 0.0018300738772431455
    },
    "hard_verb": {
      "n": 215,
      "probe_subj": {
        "accuracy": 0.5627906976744186,
        "f1": 0.4470588235294118,
        "auroc": 0.41262222222222217
      },
      "probe_sent": {
        "accuracy": 0.5441860465116279,
        "f1": 0.4431818181818182,
        "auroc": 0.41208888888888895
      },
      "precision_at_5": 0.9190697674418604,
      "cluster_ari": -0.002288829050616193,
      "cluster_nmi": 0.0007210034376242556
    },
    "hard_both": {
      "n": 69,
      "probe_subj": {
        "accuracy": 0.2753623188405797,
        "f1": 0.07407407407407407,
        "auroc": 0.06866537717601548
      },
      "probe_sent": {
        "accuracy": 0.17391304347826086,
        "f1": 0.0,
        "auroc": 0.023210831721470024
      },
      "precision_at_5": 0.9014492753623189,
      "cluster_ari": -0.009683666881859263,
      "cluster_nmi": 0.0005666908709375555
    },
    "ambiguous_test": {
      "n": 5000,
      "probe_subj": {
        "accuracy": 0.591,
        "f1": 0.44714787780481213,
        "auroc": 0.576602651692449
      },
      "probe_sent": {
        "accuracy": 0.562,
        "f1": 0.42338072669826227,
        "auroc": 0.5632096388046597
      },
      "precision_at_5": 0.671,
      "cluster_ari": -6.794125594465812e-05,
      "cluster_nmi": 1.2622185271250344e-05
    },
    "continuation": {
      "n": 794,
      "probe_subj": {
        "accuracy": 0.756926952141058,
        "f1": 0.7747957992998833,
        "auroc": 0.7750432437932439
      },
      "probe_sent": {
        "accuracy": 0.7481108312342569,
        "f1": 0.7630331753554502,
        "auroc": 0.7734788359788362
      },
      "precision_at_5": 0.7015113350125944,
      "cluster_ari": -0.0011696678880847744,
      "cluster_nmi": 0.00016841883678420607
    },
    "interpolation": {
      "n": 398,
      "probe_subj": {
        "accuracy": 0.7839195979899497,
        "f1": 0.7243589743589743,
        "auroc": 0.7988844086021505
      },
      "probe_sent": {
        "accuracy": 0.7537688442211056,
        "f1": 0.6878980891719745,
        "auroc": 0.7769220430107526
      },
      "precision_at_5": 0.6879396984924623,
      "cluster_ari": -0.0017501178010436178,
      "cluster_nmi": 0.00013006289651555484
    },
    "contrastive": {
      "sign_flip_rate": 0.896551724137931,
      "n_pairs": 29,
      "n_correct": 26
    }
  },
  "Joint": {
    "test": {
      "n": 763,
      "probe_subj": {
        "accuracy": 0.8846657929226737,
        "f1": 0.8307692307692308,
        "auroc": 0.9551368360539175
      },
      "probe_sent": {
        "accuracy": 0.891218872870249,
        "f1": 0.8400770712909441,
        "auroc": 0.9548796538630279
      },
      "precision_at_5": 0.7895150720838794,
      "cluster_ari": -0.00028387159966253484,
      "cluster_nmi": 0.0007666722947141931
    },
    "hard_verb": {
      "n": 215,
      "probe_subj": {
        "accuracy": 0.5348837209302325,
        "f1": 0.43820224719101125,
        "auroc": 0.36995555555555554
      },
      "probe_sent": {
        "accuracy": 0.5162790697674419,
        "f1": 0.42857142857142855,
        "auroc": 0.3449777777777777
      },
      "precision_at_5": 0.8520930232558139,
      "cluster_ari": -0.0032120394359965703,
      "cluster_nmi": 0.0003037115306766008
    },
    "hard_both": {
      "n": 69,
      "probe_subj": {
        "accuracy": 0.2028985507246377,
        "f1": 0.09836065573770492,
        "auroc": 0.0541586073500967
      },
      "probe_sent": {
        "accuracy": 0.2028985507246377,
        "f1": 0.09836065573770492,
        "auroc": 0.06286266924564796
      },
      "precision_at_5": 0.7536231884057971,
      "cluster_ari": -0.005583201491570618,
      "cluster_nmi": 0.0017199442154628502
    },
    "ambiguous_test": {
      "n": 5000,
      "probe_subj": {
        "accuracy": 0.5918,
        "f1": 0.45383997859245384,
        "auroc": 0.5691772005616784
      },
      "probe_sent": {
        "accuracy": 0.588,
        "f1": 0.4621409921671018,
        "auroc": 0.5712765903322683
      },
      "precision_at_5": 0.69576,
      "cluster_ari": 1.1674842389199422e-05,
      "cluster_nmi": 8.529835236765396e-05
    },
    "continuation": {
      "n": 794,
      "probe_subj": {
        "accuracy": 0.7909319899244333,
        "f1": 0.801909307875895,
        "auroc": 0.7818732193732194
      },
      "probe_sent": {
        "accuracy": 0.7707808564231738,
        "f1": 0.78125,
        "auroc": 0.7829034391534391
      },
      "precision_at_5": 0.7080604534005038,
      "cluster_ari": -0.0011009169644886833,
      "cluster_nmi": 0.00011699017059560003
    },
    "interpolation": {
      "n": 398,
      "probe_subj": {
        "accuracy": 0.7587939698492462,
        "f1": 0.6883116883116883,