{
  "run_id": "20260528_002",
  "k": 10,
  "drift_score": {
    "Static": {
      "0": 0.6307692307692307,
      "1": 0.617241379310345,
      "2": 0.5939393939393939,
      "3": 0.608695652173913,
      "4": 0.562962962962963,
      "5": 0.5655172413793104,
      "6": 0.5444444444444445,
      "7": 0.5565217391304348,
      "8": 0.5310344827586208,
      "9": 0.5033333333333333
    },
    "Additive": {
      "0": 0.8384615384615384,
      "1": 0.7413793103448273,
      "2": 0.6909090909090909,
      "3": 0.7608695652173915,
      "4": 0.5851851851851851,
      "5": 0.49310344827586217,
      "6": 0.48518518518518516,
      "7": 0.4043478260869566,
      "8": 0.36551724137931035,
      "9": 0.23999999999999996
    },
    "Joint": {
      "0": 0.7923076923076924,
      "1": 0.7517241379310345,
      "2": 0.6757575757575758,
      "3": 0.7086956521739131,
      "4": 0.5518518518518518,
      "5": 0.43448275862068964,
      "6": 0.4555555555555555,
      "7": 0.2782608695652174,
      "8": 0.3172413793103448,
      "9": 0.2233333333333333
    },
    "Timeformer": {
      "0": 0.8538461538461538,
      "1": 0.7655172413793104,
      "2": 0.7333333333333333,
      "3": 0.7478260869565218,
      "4": 0.5259259259259259,
      "5": 0.5413793103448277,
      "6": 0.4518518518518519,
      "7": 0.3782608695652174,
      "8": 0.3482758620689655,
      "9": 0.3233333333333333
    }
  },
  "drift_score_by_class": {
    "Static": {
      "stable": {
        "0": 0.7695652173913045,
        "1": 0.7666666666666668,
        "2": 0.8038461538461539,
        "3": 0.7521739130434785,
        "4": 0.7416666666666666,
        "5": 0.806896551724138,
        "6": 0.7464285714285716,
        "7": 0.8130434782608696,
        "8": 0.7041666666666666,
        "9": 0.7136363636363637
      },
      "drift": {
        "0": 0.6307692307692307,
        "1": 0.617241379310345,
        "2": 0.5939393939393939,
        "3": 0.608695652173913,
        "4": 0.562962962962963,
        "5": 0.5655172413793104,
        "6": 0.5444444444444445,
        "7": 0.5565217391304348,
        "8": 0.5310344827586208,
        "9": 0.5033333333333333
      },
      "bifurc": {
        "0": 0.7615384615384616,
        "1": 0.6678571428571428,
        "2": 0.7521739130434782,
        "3": 0.7043478260869565,
        "4": 0.7269230769230769,
        "5": 0.6083333333333334,
        "6": 0.6714285714285715,
        "7": 0.6285714285714287,
        "8": 0.5842105263157896,
        "9": 0.7083333333333334
      }
    },
    "Additive": {
      "stable": {
        "0": 0.8391304347826086,
        "1": 0.8033333333333332,
        "2": 0.8576923076923078,
        "3": 0.8043478260869565,
        "4": 0.7791666666666668,
        "5": 0.7793103448275862,
        "6": 0.7392857142857142,
        "7": 0.7434782608695653,
        "8": 0.6208333333333332,
        "9": 0.6590909090909091
      },
      "drift": {
        "0": 0.8384615384615384,
        "1": 0.7413793103448273,
        "2": 0.6909090909090909,
        "3": 0.7608695652173915,
        "4": 0.5851851851851851,
        "5": 0.49310344827586217,
        "6": 0.48518518518518516,
        "7": 0.4043478260869566,
        "8": 0.36551724137931035,
        "9": 0.23999999999999996
      },
      "bifurc": {
        "0": 0.9153846153846152,
        "1": 0.8214285714285714,
        "2": 0.8304347826086959,
        "3": 0.7521739130434782,
        "4": 0.7461538461538461,
        "5": 0.5791666666666666,
        "6": 0.5333333333333334,
        "7": 0.4238095238095238,
        "8": 0.6157894736842104,
        "9": 0.5333333333333333
      }
    },
    "Joint": {
      "stable": {
        "0": 0.8304347826086957,
        "1": 0.84,
        "2": 0.8730769230769231,
        "3": 0.8130434782608694,
        "4": 0.8000000000000002,
        "5": 0.8448275862068967,
        "6": 0.7392857142857144,
        "7": 0.7217391304347827,
        "8": 0.5791666666666667,
        "9": 0.7136363636363637
      },
      "drift": {
        "0": 0.7923076923076924,
        "1": 0.7517241379310345,
        "2": 0.6757575757575758,
        "3": 0.7086956521739131,
        "4": 0.5518518518518518,
        "5": 0.43448275862068964,
        "6": 0.4555555555555555,
        "7": 0.2782608695652174,
        "8": 0.3172413793103448,
        "9": 0.2233333333333333
      },
      "bifurc": {
        "0": 0.95,
        "1": 0.8642857142857144,
        "2": 0.8695652173913043,
        "3": 0.7652173913043478,
        "4": 0.7576923076923077,
        "5": 0.5666666666666667,
        "6": 0.5714285714285715,
        "7": 0.4476190476190475,
        "8": 0.5789473684210528,
        "9": 0.4791666666666667
      }
    },
    "Timeformer": {
      "stable": {
        "0": 0.8869565217391304,
        "1": 0.8766666666666666,
        "2": 0.8346153846153848,
        "3": 0.8391304347826088,
        "4": 0.7916666666666666,
        "5": 0.8103448275862067,
        "6": 0.7178571428571427,
        "7": 0.7130434782608696,
        "8": 0.6124999999999999,
        "9": 0.6454545454545456
      },
      "drift": {
        "0": 0.8538461538461538,
        "1": 0.7655172413793104,
        "2": 0.7333333333333333,
        "3": 0.7478260869565218,
        "4": 0.5259259259259259,
        "5": 0.5413793103448277,
        "6": 0.4518518518518519,
        "7": 0.3782608695652174,
        "8": 0.3482758620689655,
        "9": 0.3233333333333333
      },
      "bifurc": {
        "0": 0.95,
        "1": 0.8178571428571427,
        "2": 0.8304347826086957,
        "3": 0.7304347826086957,
        "4": 0.6923076923076922,
        "5": 0.5083333333333333,
        "6": 0.45714285714285713,
        "7": 0.43809523809523804,
        "8": 0.5684210526315789,
        "9": 0.5375
      }
    }
  },
  "trajectory_dist": {
    "Static": {
      "stable": {
        "0": -2.9628880859888795e-08,
        "1": 0.11193770491673134,
        "2": 0.03838665131992526,
        "3": 0.09270149683773543,
        "4": 0.12386892987631462,
        "5": 0.05617201295678054,
        "6": 0.04775669382044122,
        "7": 0.07416198599074128,
        "8": 0.11738195004480434,
        "9": 0.11453019682693669
      },
      "drift": {
        "0": 1.8393393741433784e-08,
        "1": 0.06797443593135354,
        "2": 0.06630332426076398,
        "3": 0.08051506233119271,
        "4": 0.03401343818566306,
        "5": 0.04309288876666824,
        "6": 0.053388880392072444,
        "7": 0.04414480755693312,
        "8": 0.08229488190988536,
        "9": 0.06781018790745544
      },
      "bifurc": {
        "0": 1.9498437953124893e-08,
        "1": 0.059757654122798806,
        "2": 0.10452301984878246,
        "3": 0.109948966562842,
        "4": 0.04993951725305258,
        "5": 0.11268971737000573,
        "6": 0.07321331662377685,
        "7": 0.06102898182158042,
        "8": 0.13382093355515062,
        "9": 0.08759442814801124
      }
    },
    "Additive": {
      "stable": {
        "0": 3.9783213223731906e-08,
        "1": 0.4460761950888742,
        "2": 0.20375302813983903,
        "3": 0.4293818326412978,
        "4": 0.5809618986508547,
        "5": 0.3970451150480824,
        "6": 0.46880339337267396,
        "7": 0.37247135338768655,
        "8": 0.5220878037037766,
        "9": 0.5493971027895448
      },
      "drift": {
        "0": 2.5426500671610342e-08,
        "1": 0.24428097267703128,
        "2": 0.29389569084724615,
        "3": 0.3373635852189778,
        "4": 0.3978815951258014,
        "5": 0.32217897920288563,
        "6": 0.3578611640649979,
        "7": 0.4788244120524562,
        "8": 0.3560607452709337,
        "9": 0.47709286467395284
      },
      "bifurc": {
        "0": -1.4531949199536597e-09,
        "1": 0.15383137697332064,
        "2": 0.21671464810577074,
        "3": 0.3000762227799444,
        "4": 0.2744094179972154,
        "5": 0.46140461172318237,
        "6": 0.45687291638832866,
        "7": 0.4963714056660938,
        "8": 0.5295685653588404,