{
  "Static": {
    "test": {
      "n": 763,
      "probe_subj": {
        "accuracy": 0.8505897771952818,
        "f1": 0.7782101167315175,
        "auroc": 0.9271834011588327
      },
      "probe_sent": {
        "accuracy": 0.8807339449541285,
        "f1": 0.8198019801980198,
        "auroc": 0.9430379268089741
      },
      "precision_at_5": 0.7420707732634338,
      "cluster_ari": -0.014918787581285096,
      "cluster_nmi": 0.004462586943408073
    },
    "hard_verb": {
      "n": 215,
      "probe_subj": {
        "accuracy": 0.49767441860465117,
        "f1": 0.37209302325581395,
        "auroc": 0.4275555555555556
      },
      "probe_sent": {
        "accuracy": 0.4558139534883721,
        "f1": 0.3157894736842105,
        "auroc": 0.35644444444444445
      },
      "precision_at_5": 0.7376744186046512,
      "cluster_ari": -0.0019844461281477302,
      "cluster_nmi": 4.5728609158913944e-05
    },
    "hard_both": {
      "n": 69,
      "probe_subj": {
        "accuracy": 0.3333333333333333,
        "f1": 0.041666666666666664,
        "auroc": 0.12669245647969052
      },
      "probe_sent": {
        "accuracy": 0.3188405797101449,
        "f1": 0.0,
        "auroc": 0.07930367504835589
      },
      "precision_at_5": 0.5884057971014492,
      "cluster_ari": 0.02188472466513327,
      "cluster_nmi": 0.009425035421969772
    },
    "ambiguous_test": {
      "n": 5000,
      "probe_subj": {
        "accuracy": 0.565,
        "f1": 0.4009914624070504,
        "auroc": 0.5435789635112467
      },
      "probe_sent": {
        "accuracy": 0.5766,
        "f1": 0.39669421487603307,
        "auroc": 0.5500776414444325
      },
      "precision_at_5": 0.64168,
      "cluster_ari": -0.008570566831070204,
      "cluster_nmi": 0.0010293877920038946
    },
    "continuation": {
      "n": 794,
      "probe_subj": {
        "accuracy": 0.7229219143576826,
        "f1": 0.6986301369863014,
        "auroc": 0.7941309269434269
      },
      "probe_sent": {
        "accuracy": 0.7229219143576826,
        "f1": 0.6918767507002801,
        "auroc": 0.803978428978429
      },
      "precision_at_5": 0.7337531486146096,
      "cluster_ari": 0.005908768148457844,
      "cluster_nmi": 0.004040438951966903
    },
    "interpolation": {
      "n": 398,
      "probe_subj": {
        "accuracy": 0.7763819095477387,
        "f1": 0.7023411371237458,
        "auroc": 0.7969220430107526
      },
      "probe_sent": {
        "accuracy": 0.7814070351758794,
        "f1": 0.7030716723549488,
        "auroc": 0.8049596774193547
      },
      "precision_at_5": 0.6743718592964824,
      "cluster_ari": -0.011094856295977165,
      "cluster_nmi": 0.003757518054111426
    },
    "contrastive": {
      "sign_flip_rate": 0.0,
      "n_pairs": 29,
      "n_correct": 0
    }
  },
  "Additive": {
    "test": {
      "n": 763,
      "probe_subj": {
        "accuracy": 0.8885976408912188,
        "f1": 0.836852207293666,
        "auroc": 0.9612260026323354
      },
      "probe_sent": {
        "accuracy": 0.8885976408912188,
        "f1": 0.8355899419729207,
        "auroc": 0.961604211736585
      },
      "precision_at_5": 0.8272608125819135,
      "cluster_ari": -0.00028387159966253484,
      "cluster_nmi": 0.0007666722947141931
    },
    "hard_verb": {
      "n": 215,
      "probe_subj": {
        "accuracy": 0.5116279069767442,
        "f1": 0.4262295081967213,
        "auroc": 0.3286222222222222
      },
      "probe_sent": {
        "accuracy": 0.5209302325581395,
        "f1": 0.4371584699453552,
        "auroc": 0.33155555555555555
      },
      "precision_at_5": 0.947906976744186,
      "cluster_ari": -0.0032120394359965703,
      "cluster_nmi": 0.0003037115306766008
    },
    "hard_both": {
      "n": 69,
      "probe_subj": {
        "accuracy": 0.21739130434782608,
        "f1": 0.0,
        "auroc": 0.037717601547388784
      },
      "probe_sent": {
        "accuracy": 0.2608695652173913,
        "f1": 0.03773584905660377,
        "auroc": 0.04255319148936171
      },
      "precision_at_5": 0.8724637681159421,
      "cluster_ari": -0.005583201491570618,
      "cluster_nmi": 0.0017199442154628502
    },
    "ambiguous_test": {
      "n": 5000,
      "probe_subj": {
        "accuracy": 0.5718,
        "f1": 0.4289143771672446,
        "auroc": 0.5666528088287026
      },
      "probe_sent": {
        "accuracy": 0.5698,
        "f1": 0.4277733439744613,
        "auroc": 0.5662248087763722
      },
      "precision_at_5": 0.68536,
      "cluster_ari": -8.362876813902062e-06,
      "cluster_nmi": 7.657921701238712e-05
    },
    "continuation": {
      "n": 794,
      "probe_subj": {
        "accuracy": 0.7682619647355163,
        "f1": 0.780952380952381,
        "auroc": 0.7762260887260887
      },
      "probe_sent": {
        "accuracy": 0.7695214105793451,
        "f1": 0.7818831942789034,
        "auroc": 0.7762769637769638
      },
      "precision_at_5": 0.6926952141057935,
      "cluster_ari": -0.0011009169644886833,
      "cluster_nmi": 0.00011699017059560003
    },
    "interpolation": {
      "n": 398,
      "probe_subj": {
        "accuracy": 0.7638190954773869,
        "f1": 0.6967741935483871,
        "auroc": 0.7820295698924731
      },
      "probe_sent": {
        "accuracy": 0.7562814070351759,
        "f1": 0.692063492063492,
        "auroc": 0.7854166666666668
      },
      "precision_at_5": 0.7045226130653266,
      "cluster_ari": -0.0017501178010436178,
      "cluster_nmi": 0.00013006289651555484
    },
    "contrastive": {
      "sign_flip_rate": 0.7586206896551724,
      "n_pairs": 29,
      "n_correct": 22
    }
  },
  "Joint": {
    "test": {
      "n": 763,
      "probe_subj": {
        "accuracy": 0.8833551769331586,
        "f1": 0.825147347740668,
        "auroc": 0.9417331053993132
      },
      "probe_sent": {
        "accuracy": 0.8885976408912188,
        "f1": 0.8355899419729207,
        "auroc": 0.9579885326999591
      },
      "precision_at_5": 0.7549148099606815,
      "cluster_ari": -0.003468637634588596,
      "cluster_nmi": 0.010355347038495754
    },
    "hard_verb": {
      "n": 215,
      "probe_subj": {
        "accuracy": 0.4511627906976744,
        "f1": 0.3516483516483517,
        "auroc": 0.41475555555555554
      },
      "probe_sent": {
        "accuracy": 0.4697674418604651,
        "f1": 0.3804347826086957,
        "auroc": 0.32746666666666663
      },
      "precision_at_5": 0.7823255813953488,
      "cluster_ari": -0.006585536799212727,
      "cluster_nmi": 0.0009084697491798046
    },
    "hard_both": {
      "n": 69,
      "probe_subj": {
        "accuracy": 0.2753623188405797,
        "f1": 0.038461538461538464,
        "auroc": 0.07930367504835592
      },
      "probe_sent": {
        "accuracy": 0.2318840579710145,
        "f1": 0.0,
        "auroc": 0.05802707930367505
      },
      "precision_at_5": 0.6289855072463768,
      "cluster_ari": -0.02944921881369978,
      "cluster_nmi": 0.007452960540800953
    },
    "ambiguous_test": {
      "n": 5000,
      "probe_subj": {
        "accuracy": 0.5964,
        "f1": 0.44983642311886585,
        "auroc": 0.6013501580084252
      },
      "probe_sent": {
        "accuracy": 0.5792,
        "f1": 0.44220572640509015,
        "auroc": 0.5722571474464269
      },
      "precision_at_5": 0.70128,
      "cluster_ari": -0.0013990058706062547,
      "cluster_nmi": 0.0192191384983444
    },
    "continuation": {
      "n": 794,
      "probe_subj": {
        "accuracy": 0.7556675062972292,
        "f1": 0.7639902676399026,
        "auroc": 0.8000165343915342
      },
      "probe_sent": {
        "accuracy": 0.7594458438287154,
        "f1": 0.7776484284051223,
        "auroc": 0.7942167785917785
      },
      "precision_at_5": 0.7224181360201511,
      "cluster_ari": 0.02975133723202329,
      "cluster_nmi": 0.0219922416661625
    },
    "interpolation": {
      "n": 398,
      "probe_subj": {
        "accuracy": 0.7487437185929648,