{
  "run_id": "20260528_017",
  "k": 10,
  "drift_score": {
    "Static": {
      "0": 0.5846153846153845,
      "1": 0.5620689655172413,
      "2": 0.5393939393939393,
      "3": 0.5391304347826087,
      "4": 0.5518518518518518,
      "5": 0.506896551724138,
      "6": 0.5370370370370371,
      "7": 0.5521739130434783,
      "8": 0.46896551724137936,
      "9": 0.44666666666666666
    },
    "Additive": {
      "0": 0.8923076923076921,
      "1": 0.7413793103448276,
      "2": 0.6545454545454545,
      "3": 0.6739130434782609,
      "4": 0.5518518518518518,
      "5": 0.503448275862069,
      "6": 0.47777777777777775,
      "7": 0.40869565217391307,
      "8": 0.3137931034482758,
      "9": 0.26333333333333336
    },
    "Joint": {
      "0": 0.8076923076923077,
      "1": 0.7241379310344827,
      "2": 0.7151515151515152,
      "3": 0.6739130434782609,
      "4": 0.5333333333333333,
      "5": 0.4655172413793103,
      "6": 0.5185185185185185,
      "7": 0.34782608695652173,
      "8": 0.2862068965517241,
      "9": 0.28
    },
    "Timeformer": {
      "0": 0.8576923076923075,
      "1": 0.7862068965517242,
      "2": 0.6636363636363637,
      "3": 0.7043478260869567,
      "4": 0.562962962962963,
      "5": 0.47931034482758617,
      "6": 0.44814814814814813,
      "7": 0.3826086956521739,
      "8": 0.3103448275862069,
      "9": 0.26666666666666666
    }
  },
  "drift_score_by_class": {
    "Static": {
      "stable": {
        "0": 0.7086956521739131,
        "1": 0.7499999999999999,
        "2": 0.7423076923076923,
        "3": 0.7695652173913043,
        "4": 0.7625000000000001,
        "5": 0.8275862068965517,
        "6": 0.7857142857142856,
        "7": 0.8217391304347827,
        "8": 0.6916666666666668,
        "9": 0.8272727272727273
      },
      "drift": {
        "0": 0.5846153846153845,
        "1": 0.5620689655172413,
        "2": 0.5393939393939393,
        "3": 0.5391304347826087,
        "4": 0.5518518518518518,
        "5": 0.506896551724138,
        "6": 0.5370370370370371,
        "7": 0.5521739130434783,
        "8": 0.46896551724137936,
        "9": 0.44666666666666666
      },
      "bifurc": {
        "0": 0.776923076923077,
        "1": 0.7821428571428573,
        "2": 0.7826086956521741,
        "3": 0.7391304347826086,
        "4": 0.7615384615384616,
        "5": 0.6124999999999999,
        "6": 0.6238095238095239,
        "7": 0.6476190476190475,
        "8": 0.6473684210526316,
        "9": 0.75
      }
    },
    "Additive": {
      "stable": {
        "0": 0.8304347826086957,
        "1": 0.7833333333333332,
        "2": 0.8153846153846154,
        "3": 0.8043478260869565,
        "4": 0.7458333333333332,
        "5": 0.7413793103448276,
        "6": 0.7071428571428572,
        "7": 0.7304347826086957,
        "8": 0.6208333333333332,
        "9": 0.7136363636363636
      },
      "drift": {
        "0": 0.8923076923076921,
        "1": 0.7413793103448276,
        "2": 0.6545454545454545,
        "3": 0.6739130434782609,
        "4": 0.5518518518518518,
        "5": 0.503448275862069,
        "6": 0.47777777777777775,
        "7": 0.40869565217391307,
        "8": 0.3137931034482758,
        "9": 0.26333333333333336
      },
      "bifurc": {
        "0": 0.8884615384615385,
        "1": 0.85,
        "2": 0.8652173913043476,
        "3": 0.7304347826086957,
        "4": 0.7615384615384616,
        "5": 0.5208333333333334,
        "6": 0.49523809523809537,
        "7": 0.43809523809523815,
        "8": 0.6105263157894738,
        "9": 0.5583333333333332
      }
    },
    "Joint": {
      "stable": {
        "0": 0.8521739130434783,
        "1": 0.7633333333333334,
        "2": 0.8076923076923077,
        "3": 0.7956521739130433,
        "4": 0.7624999999999998,
        "5": 0.7965517241379311,
        "6": 0.682142857142857,
        "7": 0.7695652173913043,
        "8": 0.6458333333333334,
        "9": 0.6454545454545454
      },
      "drift": {
        "0": 0.8076923076923077,
        "1": 0.7241379310344827,
        "2": 0.7151515151515152,
        "3": 0.6739130434782609,
        "4": 0.5333333333333333,
        "5": 0.4655172413793103,
        "6": 0.5185185185185185,
        "7": 0.34782608695652173,
        "8": 0.2862068965517241,
        "9": 0.28
      },
      "bifurc": {
        "0": 0.9153846153846152,
        "1": 0.8464285714285714,
        "2": 0.8434782608695651,
        "3": 0.7782608695652175,
        "4": 0.75,
        "5": 0.5791666666666667,
        "6": 0.5047619047619046,
        "7": 0.519047619047619,
        "8": 0.636842105263158,
        "9": 0.5583333333333333
      }
    },
    "Timeformer": {
      "stable": {
        "0": 0.8173913043478259,
        "1": 0.7799999999999998,
        "2": 0.8346153846153844,
        "3": 0.7391304347826089,
        "4": 0.7333333333333334,
        "5": 0.7655172413793103,
        "6": 0.692857142857143,
        "7": 0.7043478260869565,
        "8": 0.6416666666666666,
        "9": 0.6681818181818181
      },
      "drift": {
        "0": 0.8576923076923075,
        "1": 0.7862068965517242,
        "2": 0.6636363636363637,
        "3": 0.7043478260869567,
        "4": 0.562962962962963,
        "5": 0.47931034482758617,
        "6": 0.44814814814814813,
        "7": 0.3826086956521739,
        "8": 0.3103448275862069,
        "9": 0.26666666666666666
      },
      "bifurc": {
        "0": 0.9115384615384614,
        "1": 0.8357142857142857,
        "2": 0.8391304347826087,
        "3": 0.7217391304347827,
        "4": 0.75,
        "5": 0.5583333333333333,
        "6": 0.44761904761904764,
        "7": 0.4714285714285714,
        "8": 0.6421052631578948,
        "9": 0.5833333333333334
      }
    }
  },
  "trajectory_dist": {
    "Static": {
      "stable": {
        "0": 1.968822016529259e-09,
        "1": 0.043638084256108066,
        "2": 0.02985944698919225,
        "3": 0.1059537241419279,
        "4": 0.050931243609982156,
        "5": 0.10054356877169832,
        "6": 0.039322911897053156,
        "7": 0.06236749798069298,
        "8": 0.038201941317339484,
        "9": 0.05071035496139692
      },
      "drift": {
        "0": -2.1199531463622632e-09,
        "1": 0.016474000399917886,
        "2": 0.014070586223666226,
        "3": 0.012341396639716751,
        "4": 0.014230073225373141,
        "5": 0.017218602022614115,
        "6": 0.016403013199733963,
        "7": 0.01807675155113142,
        "8": 0.016356003101294026,
        "9": 0.013838649891840082
      },
      "bifurc": {
        "0": -1.2368339685764341e-11,
        "1": 0.06768102185374317,
        "2": 0.10470265284652824,
        "3": 0.10298082727840306,
        "4": 0.08085285533992682,
        "5": 0.16168961521923694,
        "6": 0.1392120220898199,
        "7": 0.05072950859169942,
        "8": 0.15217297452942677,
        "9": 0.14033309615282194
      }
    },
    "Additive": {
      "stable": {
        "0": -1.90417183354441e-08,
        "1": 0.4215807485869808,
        "2": 0.21026357292104075,
        "3": 0.4386050103316489,
        "4": 0.5782592526798869,
        "5": 0.44479538094655496,
        "6": 0.5158277215565583,
        "7": 0.33029304926876557,
        "8": 0.5359868776255323,
        "9": 0.5570506327886072
      },
      "drift": {
        "0": 4.904002492978066e-09,
        "1": 0.26271575441912126,
        "2": 0.3197070858408942,
        "3": 0.37754281484258045,
        "4": 0.4163554151478954,
        "5": 0.31258610531833875,
        "6": 0.39078534315776653,
        "7": 0.5266791232729015,
        "8": 0.43498817751149293,
        "9": 0.5386562383574005
      },
      "bifurc": {
        "0": 1.930247229831039e-08,
        "1": 0.1460796384317449,
        "2": 0.19967932963543616,
        "3": 0.3221776266125634,
        "4": 0.27197211394954357,
        "5": 0.4759546057385933,
        "6": 0.5220216720699273,
        "7": 0.6065399303115036,
        "8": 0.535091487591466,
        "9": 0.5461827797115953
      }
    },