{
  "Static": {
    "test": {
      "n": 763,
      "probe_subj": {
        "accuracy": 0.8558322411533421,
        "f1": 0.7884615384615384,
        "auroc": 0.9189081859578524
      },
      "probe_sent": {
        "accuracy": 0.8689384010484927,
        "f1": 0.7991967871485943,
        "auroc": 0.9285373897520461
      },
      "precision_at_5": 0.7651376146788991,
      "cluster_ari": -0.012728321493600899,
      "cluster_nmi": 0.015381054262568644
    },
    "hard_verb": {
      "n": 215,
      "probe_subj": {
        "accuracy": 0.5255813953488372,
        "f1": 0.4069767441860465,
        "auroc": 0.4416888888888889
      },
      "probe_sent": {
        "accuracy": 0.5348837209302325,
        "f1": 0.4117647058823529,
        "auroc": 0.43866666666666665
      },
      "precision_at_5": 0.7348837209302326,
      "cluster_ari": -0.008368034109700943,
      "cluster_nmi": 0.009239858526703565
    },
    "hard_both": {
      "n": 69,
      "probe_subj": {
        "accuracy": 0.2753623188405797,
        "f1": 0.07407407407407407,
        "auroc": 0.1479690522243714
      },
      "probe_sent": {
        "accuracy": 0.2753623188405797,
        "f1": 0.038461538461538464,
        "auroc": 0.09864603481624758
      },
      "precision_at_5": 0.7014492753623188,
      "cluster_ari": -0.02721198754540737,
      "cluster_nmi": 0.03435116111885574
    },
    "ambiguous_test": {
      "n": 5000,
      "probe_subj": {
        "accuracy": 0.5614,
        "f1": 0.39901342833653053,
        "auroc": 0.5600114944951434
      },
      "probe_sent": {
        "accuracy": 0.5734,
        "f1": 0.4016830294530154,
        "auroc": 0.563432133419
      },
      "precision_at_5": 0.63776,
      "cluster_ari": -0.010284574514947508,
      "cluster_nmi": 0.03975310479773256
    },
    "continuation": {
      "n": 794,
      "probe_subj": {
        "accuracy": 0.7191435768261965,
        "f1": 0.703851261620186,
        "auroc": 0.7836379477004477
      },
      "probe_sent": {
        "accuracy": 0.7229219143576826,
        "f1": 0.6944444444444444,
        "auroc": 0.7981532356532357
      },
      "precision_at_5": 0.7554156171284635,
      "cluster_ari": 0.06216440646560705,
      "cluster_nmi": 0.04756462609899318
    },
    "interpolation": {
      "n": 398,
      "probe_subj": {
        "accuracy": 0.7562814070351759,
        "f1": 0.6689419795221843,
        "auroc": 0.7891263440860214
      },
      "probe_sent": {
        "accuracy": 0.7638190954773869,
        "f1": 0.678082191780822,
        "auroc": 0.8068145161290322
      },
      "precision_at_5": 0.7190954773869347,
      "cluster_ari": 0.033607320663725945,
      "cluster_nmi": 0.10399991043338326
    },
    "contrastive": {
      "sign_flip_rate": 0.0,
      "n_pairs": 29,
      "n_correct": 0
    }
  },
  "Additive": {
    "test": {
      "n": 763,
      "probe_subj": {
        "accuracy": 0.8846657929226737,
        "f1": 0.8260869565217391,
        "auroc": 0.953896310191979
      },
      "probe_sent": {
        "accuracy": 0.8794233289646134,
        "f1": 0.8181818181818182,
        "auroc": 0.9544636238483533
      },
      "precision_at_5": 0.8298820445609436,
      "cluster_ari": -0.00028387159966253484,
      "cluster_nmi": 0.0007666722947141931
    },
    "hard_verb": {
      "n": 215,
      "probe_subj": {
        "accuracy": 0.4697674418604651,
        "f1": 0.3595505617977528,
        "auroc": 0.3058666666666667
      },
      "probe_sent": {
        "accuracy": 0.4558139534883721,
        "f1": 0.3314285714285714,
        "auroc": 0.3004444444444444
      },
      "precision_at_5": 0.8688372093023256,
      "cluster_ari": -0.0032120394359965703,
      "cluster_nmi": 0.0003037115306766008
    },
    "hard_both": {
      "n": 69,
      "probe_subj": {
        "accuracy": 0.2753623188405797,
        "f1": 0.07407407407407407,
        "auroc": 0.05802707930367505
      },
      "probe_sent": {
        "accuracy": 0.2608695652173913,
        "f1": 0.07272727272727272,
        "auroc": 0.05899419729206963
      },
      "precision_at_5": 0.7652173913043478,
      "cluster_ari": -0.005583201491570618,
      "cluster_nmi": 0.0017199442154628502
    },
    "ambiguous_test": {
      "n": 5000,
      "probe_subj": {
        "accuracy": 0.587,
        "f1": 0.42940038684719534,
        "auroc": 0.5694466652518104
      },
      "probe_sent": {
        "accuracy": 0.5882,
        "f1": 0.4310583033987289,
        "auroc": 0.5695471466905448
      },
      "precision_at_5": 0.69616,
      "cluster_ari": -8.362876813902062e-06,
      "cluster_nmi": 7.657921701238712e-05
    },
    "continuation": {
      "n": 794,
      "probe_subj": {
        "accuracy": 0.7644836272040302,
        "f1": 0.7722289890377588,
        "auroc": 0.7787126068376069
      },
      "probe_sent": {
        "accuracy": 0.7594458438287154,
        "f1": 0.7662178702570379,
        "auroc": 0.7790051383801384
      },
      "precision_at_5": 0.7171284634760705,
      "cluster_ari": -0.0011009169644886833,
      "cluster_nmi": 0.00011699017059560003
    },
    "interpolation": {
      "n": 398,
      "probe_subj": {
        "accuracy": 0.7562814070351759,
        "f1": 0.6819672131147541,
        "auroc": 0.7871908602150538
      },
      "probe_sent": {
        "accuracy": 0.7562814070351759,
        "f1": 0.6819672131147541,
        "auroc": 0.782002688172043
      },
      "precision_at_5": 0.6879396984924623,
      "cluster_ari": -0.0017501178010436178,
      "cluster_nmi": 0.00013006289651555484
    },
    "contrastive": {
      "sign_flip_rate": 0.6896551724137931,
      "n_pairs": 29,
      "n_correct": 20
    }
  },
  "Joint": {
    "test": {
      "n": 763,
      "probe_subj": {
        "accuracy": 0.8899082568807339,
        "f1": 0.8359375,
        "auroc": 0.95724724285563
      },
      "probe_sent": {
        "accuracy": 0.8938401048492791,
        "f1": 0.8421052631578947,
        "auroc": 0.9622169104854692
      },
      "precision_at_5": 0.819659239842726,
      "cluster_ari": -0.00202252354650935,
      "cluster_nmi": 0.0006373415343776163
    },
    "hard_verb": {
      "n": 215,
      "probe_subj": {
        "accuracy": 0.4930232558139535,
        "f1": 0.39106145251396646,
        "auroc": 0.3609777777777778
      },
      "probe_sent": {
        "accuracy": 0.5162790697674419,
        "f1": 0.43478260869565216,
        "auroc": 0.3275555555555555
      },
      "precision_at_5": 0.8725581395348837,
      "cluster_ari": -0.0020478149756012302,
      "cluster_nmi": 0.0011929818851650665
    },
    "hard_both": {
      "n": 69,
      "probe_subj": {
        "accuracy": 0.2753623188405797,
        "f1": 0.13793103448275862,
        "auroc": 0.11702127659574468
      },
      "probe_sent": {
        "accuracy": 0.2318840579710145,
        "f1": 0.1016949152542373,
        "auroc": 0.07156673114119921
      },
      "precision_at_5": 0.782608695652174,
      "cluster_ari": -0.009683666881859263,
      "cluster_nmi": 0.0005666908709375555
    },
    "ambiguous_test": {
      "n": 5000,
      "probe_subj": {
        "accuracy": 0.5904,
        "f1": 0.4535752401280683,
        "auroc": 0.5885917408254814
      },
      "probe_sent": {
        "accuracy": 0.5894,
        "f1": 0.45150948437082555,
        "auroc": 0.5706566216723019
      },
      "precision_at_5": 0.6942,
      "cluster_ari": -0.0006878541523814165,
      "cluster_nmi": 5.8335196591510896e-05
    },
    "continuation": {
      "n": 794,
      "probe_subj": {
        "accuracy": 0.7594458438287154,
        "f1": 0.7690447400241838,
        "auroc": 0.7872977716727717
      },
      "probe_sent": {
        "accuracy": 0.7821158690176322,
        "f1": 0.7933094384707288,
        "auroc": 0.7857142857142857
      },
      "precision_at_5": 0.7309823677581864,
      "cluster_ari": -0.0012001085956300929,
      "cluster_nmi": 1.4249958114772445e-07
    },
    "interpolation": {
      "n": 398,