{
  "run_id": "20260528_022",
  "k": 10,
  "drift_score": {
    "Static": {
      "0": 0.6307692307692307,
      "1": 0.5413793103448276,
      "2": 0.5181818181818181,
      "3": 0.591304347826087,
      "4": 0.4888888888888889,
      "5": 0.4482758620689655,
      "6": 0.4851851851851852,
      "7": 0.39130434782608686,
      "8": 0.39655172413793105,
      "9": 0.33
    },
    "Additive": {
      "0": 0.8153846153846155,
      "1": 0.7655172413793103,
      "2": 0.7121212121212122,
      "3": 0.7347826086956523,
      "4": 0.5444444444444445,
      "5": 0.4655172413793104,
      "6": 0.48148148148148145,
      "7": 0.36086956521739133,
      "8": 0.25862068965517243,
      "9": 0.20666666666666667
    },
    "Joint": {
      "0": 0.7576923076923077,
      "1": 0.8413793103448273,
      "2": 0.7151515151515151,
      "3": 0.6869565217391305,
      "4": 0.5703703703703704,
      "5": 0.496551724137931,
      "6": 0.48888888888888893,
      "7": 0.2782608695652174,
      "8": 0.2896551724137931,
      "9": 0.24333333333333332
    },
    "Timeformer": {
      "0": 0.8269230769230768,
      "1": 0.7551724137931033,
      "2": 0.7363636363636363,
      "3": 0.6869565217391305,
      "4": 0.6148148148148147,
      "5": 0.4689655172413793,
      "6": 0.4703703703703703,
      "7": 0.3652173913043478,
      "8": 0.34482758620689646,
      "9": 0.25666666666666665
    }
  },
  "drift_score_by_class": {
    "Static": {
      "stable": {
        "0": 0.717391304347826,
        "1": 0.7699999999999999,
        "2": 0.796153846153846,
        "3": 0.717391304347826,
        "4": 0.7208333333333333,
        "5": 0.7827586206896552,
        "6": 0.7392857142857142,
        "7": 0.8260869565217391,
        "8": 0.7083333333333334,
        "9": 0.759090909090909
      },
      "drift": {
        "0": 0.6307692307692307,
        "1": 0.5413793103448276,
        "2": 0.5181818181818181,
        "3": 0.591304347826087,
        "4": 0.4888888888888889,
        "5": 0.4482758620689655,
        "6": 0.4851851851851852,
        "7": 0.39130434782608686,
        "8": 0.39655172413793105,
        "9": 0.33
      },
      "bifurc": {
        "0": 0.7923076923076924,
        "1": 0.7821428571428571,
        "2": 0.7434782608695653,
        "3": 0.6956521739130433,
        "4": 0.75,
        "5": 0.5916666666666667,
        "6": 0.5904761904761906,
        "7": 0.5142857142857143,
        "8": 0.7000000000000001,
        "9": 0.6458333333333334
      }
    },
    "Additive": {
      "stable": {
        "0": 0.8782608695652173,
        "1": 0.8366666666666667,
        "2": 0.8499999999999998,
        "3": 0.8260869565217392,
        "4": 0.8041666666666666,
        "5": 0.8344827586206897,
        "6": 0.7107142857142857,
        "7": 0.8217391304347825,
        "8": 0.6875,
        "9": 0.6954545454545454
      },
      "drift": {
        "0": 0.8153846153846155,
        "1": 0.7655172413793103,
        "2": 0.7121212121212122,
        "3": 0.7347826086956523,
        "4": 0.5444444444444445,
        "5": 0.4655172413793104,
        "6": 0.48148148148148145,
        "7": 0.36086956521739133,
        "8": 0.25862068965517243,
        "9": 0.20666666666666667
      },
      "bifurc": {
        "0": 0.8499999999999999,
        "1": 0.825,
        "2": 0.8217391304347825,
        "3": 0.7869565217391304,
        "4": 0.7615384615384616,
        "5": 0.5499999999999999,
        "6": 0.561904761904762,
        "7": 0.48571428571428565,
        "8": 0.6263157894736843,
        "9": 0.5708333333333333
      }
    },
    "Joint": {
      "stable": {
        "0": 0.8130434782608696,
        "1": 0.8633333333333334,
        "2": 0.8692307692307693,
        "3": 0.8347826086956521,
        "4": 0.7374999999999999,
        "5": 0.793103448275862,
        "6": 0.6892857142857143,
        "7": 0.726086956521739,
        "8": 0.6291666666666667,
        "9": 0.5954545454545453
      },
      "drift": {
        "0": 0.7576923076923077,
        "1": 0.8413793103448273,
        "2": 0.7151515151515151,
        "3": 0.6869565217391305,
        "4": 0.5703703703703704,
        "5": 0.496551724137931,
        "6": 0.48888888888888893,
        "7": 0.2782608695652174,
        "8": 0.2896551724137931,
        "9": 0.24333333333333332
      },
      "bifurc": {
        "0": 0.8538461538461538,
        "1": 0.8428571428571427,
        "2": 0.7869565217391303,
        "3": 0.773913043478261,
        "4": 0.7846153846153846,
        "5": 0.6166666666666667,
        "6": 0.5857142857142859,
        "7": 0.47619047619047616,
        "8": 0.5473684210526317,
        "9": 0.525
      }
    },
    "Timeformer": {
      "stable": {
        "0": 0.8304347826086957,
        "1": 0.83,
        "2": 0.8153846153846154,
        "3": 0.7391304347826086,
        "4": 0.6875,
        "5": 0.7413793103448277,
        "6": 0.6714285714285714,
        "7": 0.782608695652174,
        "8": 0.5875,
        "9": 0.5636363636363637
      },
      "drift": {
        "0": 0.8269230769230768,
        "1": 0.7551724137931033,
        "2": 0.7363636363636363,
        "3": 0.6869565217391305,
        "4": 0.6148148148148147,
        "5": 0.4689655172413793,
        "6": 0.4703703703703703,
        "7": 0.3652173913043478,
        "8": 0.34482758620689646,
        "9": 0.25666666666666665
      },
      "bifurc": {
        "0": 0.8423076923076922,
        "1": 0.8357142857142856,
        "2": 0.8086956521739131,
        "3": 0.7782608695652175,
        "4": 0.730769230769231,
        "5": 0.5708333333333333,
        "6": 0.5142857142857142,
        "7": 0.4904761904761906,
        "8": 0.568421052631579,
        "9": 0.5583333333333332
      }
    }
  },
  "trajectory_dist": {
    "Static": {
      "stable": {
        "0": 1.7133056873230856e-08,
        "1": 0.05677414056253405,
        "2": 0.049894730750933425,
        "3": 0.03979013957382753,
        "4": 0.09678642151205312,
        "5": 0.05804290907938616,
        "6": 0.05917859400322291,
        "7": 0.10487797591949037,
        "8": 0.08739313044186267,
        "9": 0.06773746553580931
      },
      "drift": {
        "0": 5.955817106162442e-09,
        "1": 0.06059161227590765,
        "2": 0.029841190713085476,
        "3": 0.04300212721507287,
        "4": 0.04125121143695391,
        "5": 0.05651983078425758,
        "6": 0.039473876388122685,
        "7": 0.04862412940576678,
        "8": 0.033648099549179446,
        "9": 0.025883614902754183
      },
      "bifurc": {
        "0": -2.6471163683261524e-08,
        "1": 0.036674480046340385,
        "2": 0.10783097615139589,
        "3": 0.059150848424579246,
        "4": 0.034966271352413016,
        "5": 0.09570247881847646,
        "6": 0.0883877467903585,
        "7": 0.0805226268314955,
        "8": 0.1340703997282925,
        "9": 0.05957759088562403
      }
    },
    "Additive": {
      "stable": {
        "0": 1.6365729593736945e-08,
        "1": 0.5020419657832116,
        "2": 0.22457875944983646,
        "3": 0.49474974697586294,
        "4": 0.6445015471073822,
        "5": 0.468117943101144,
        "6": 0.5582568529389775,
        "7": 0.407779917976103,
        "8": 0.6086133394982195,
        "9": 0.623472358758303
      },
      "drift": {
        "0": 1.749252949156954e-08,
        "1": 0.31699123259249495,
        "2": 0.371859822514298,
        "3": 0.4515841527366359,
        "4": 0.5689761266341365,
        "5": 0.4676465624009166,
        "6": 0.5646131243780943,
        "7": 0.6954927537971178,
        "8": 0.5970722212887031,
        "9": 0.7583217503314611
      },
      "bifurc": {
        "0": 4.152855270778133e-09,
        "1": 0.15694509224060332,
        "2": 0.24505878992829758,
        "3": 0.37288142796103857,
        "4": 0.31630849600353034,
        "5": 0.5757922387830521,
        "6": 0.6007418637836779,
        "7": 0.6765048593243881,
        "8": 0.6620437273631797,
        "9": 0.6102878885670262
      }
    },