{
  "Static": {
    "test": {
      "n": 763,
      "probe_subj": {
        "accuracy": 0.8859764089121888,
        "f1": 0.8304093567251462,
        "auroc": 0.9471906627736343
      },
      "probe_sent": {
        "accuracy": 0.8859764089121888,
        "f1": 0.8330134357005758,
        "auroc": 0.9466309132993449
      },
      "precision_at_5": 0.8235910878112713,
      "cluster_ari": 0.0035007674477879193,
      "cluster_nmi": 0.0002972493955537121
    },
    "hard_verb": {
      "n": 215,
      "probe_subj": {
        "accuracy": 0.48372093023255813,
        "f1": 0.3431952662721893,
        "auroc": 0.39697777777777776
      },
      "probe_sent": {
        "accuracy": 0.5023255813953489,
        "f1": 0.3954802259887006,
        "auroc": 0.3613333333333333
      },
      "precision_at_5": 0.8902325581395348,
      "cluster_ari": 0.02392097819940853,
      "cluster_nmi": 0.011594815854921399
    },
    "hard_both": {
      "n": 69,
      "probe_subj": {
        "accuracy": 0.21739130434782608,
        "f1": 0.03571428571428571,
        "auroc": 0.06576402321083172
      },
      "probe_sent": {
        "accuracy": 0.2028985507246377,
        "f1": 0.06779661016949153,
        "auroc": 0.04061895551257254
      },
      "precision_at_5": 0.7913043478260869,
      "cluster_ari": -0.008868071455967642,
      "cluster_nmi": 0.010667716743288707
    },
    "ambiguous_test": {
      "n": 5000,
      "probe_subj": {
        "accuracy": 0.5648,
        "f1": 0.39454646633277685,
        "auroc": 0.5522565260241475
      },
      "probe_sent": {
        "accuracy": 0.556,
        "f1": 0.4019396551724138,
        "auroc": 0.5473313910555894
      },
      "precision_at_5": 0.63512,
      "cluster_ari": 0.00013973989731703952,
      "cluster_nmi": 1.3847864509483394e-06
    },
    "continuation": {
      "n": 794,
      "probe_subj": {
        "accuracy": 0.7405541561712846,
        "f1": 0.7253333333333334,
        "auroc": 0.8010213166463167
      },
      "probe_sent": {
        "accuracy": 0.739294710327456,
        "f1": 0.7279894875164258,
        "auroc": 0.7936825905575906
      },
      "precision_at_5": 0.744080604534005,
      "cluster_ari": -0.0013876727547266871,
      "cluster_nmi": 0.0003411355576424887
    },
    "interpolation": {
      "n": 398,
      "probe_subj": {
        "accuracy": 0.7638190954773869,
        "f1": 0.6887417218543046,
        "auroc": 0.8071102150537635
      },
      "probe_sent": {
        "accuracy": 0.7713567839195979,
        "f1": 0.707395498392283,
        "auroc": 0.8054435483870969
      },
      "precision_at_5": 0.7155778894472362,
      "cluster_ari": 0.032615560926725434,
      "cluster_nmi": 0.01138200223784146
    },
    "contrastive": {
      "sign_flip_rate": 0.0,
      "n_pairs": 29,
      "n_correct": 0
    }
  },
  "Additive": {
    "test": {
      "n": 763,
      "probe_subj": {
        "accuracy": 0.9003931847968545,
        "f1": 0.8544061302681992,
        "auroc": 0.9604922769700912
      },
      "probe_sent": {
        "accuracy": 0.8977719528178244,
        "f1": 0.85,
        "auroc": 0.963359101980303
      },
      "precision_at_5": 0.8283093053735255,
      "cluster_ari": -0.00028387159966253484,
      "cluster_nmi": 0.0007666722947141931
    },
    "hard_verb": {
      "n": 215,
      "probe_subj": {
        "accuracy": 0.5116279069767442,
        "f1": 0.4067796610169492,
        "auroc": 0.3811555555555555
      },
      "probe_sent": {
        "accuracy": 0.4883720930232558,
        "f1": 0.38202247191011235,
        "auroc": 0.3656
      },
      "precision_at_5": 0.9088372093023256,
      "cluster_ari": -0.0032120394359965703,
      "cluster_nmi": 0.0003037115306766008
    },
    "hard_both": {
      "n": 69,
      "probe_subj": {
        "accuracy": 0.2463768115942029,
        "f1": 0.037037037037037035,
        "auroc": 0.06189555125725338
      },
      "probe_sent": {
        "accuracy": 0.2898550724637681,
        "f1": 0.0392156862745098,
        "auroc": 0.06963249516441006
      },
      "precision_at_5": 0.782608695652174,
      "cluster_ari": -0.005583201491570618,
      "cluster_nmi": 0.0017199442154628502
    },
    "ambiguous_test": {
      "n": 5000,
      "probe_subj": {
        "accuracy": 0.5908,
        "f1": 0.4400656814449918,
        "auroc": 0.5877161168593681
      },
      "probe_sent": {
        "accuracy": 0.5814,
        "f1": 0.42829827915869984,
        "auroc": 0.5821699230163184
      },
      "precision_at_5": 0.69148,
      "cluster_ari": -8.362876813902062e-06,
      "cluster_nmi": 7.657921701238712e-05
    },
    "continuation": {
      "n": 794,
      "probe_subj": {
        "accuracy": 0.7682619647355163,
        "f1": 0.7783132530120482,
        "auroc": 0.7950752950752952
      },
      "probe_sent": {
        "accuracy": 0.7632241813602015,
        "f1": 0.7696078431372549,
        "auroc": 0.7856188949938949
      },
      "precision_at_5": 0.72544080604534,
      "cluster_ari": -0.0011009169644886833,
      "cluster_nmi": 0.00011699017059560003
    },
    "interpolation": {
      "n": 398,
      "probe_subj": {
        "accuracy": 0.7864321608040201,
        "f1": 0.7284345047923323,
        "auroc": 0.8020295698924731
      },
      "probe_sent": {
        "accuracy": 0.7864321608040201,
        "f1": 0.7266881028938906,
        "auroc": 0.7950672043010752
      },
      "precision_at_5": 0.707035175879397,
      "cluster_ari": -0.0017501178010436178,
      "cluster_nmi": 0.00013006289651555484
    },
    "contrastive": {
      "sign_flip_rate": 0.8275862068965517,
      "n_pairs": 29,
      "n_correct": 24
    }
  },
  "Joint": {
    "test": {
      "n": 763,
      "probe_subj": {
        "accuracy": 0.8754914809960681,
        "f1": 0.8140900195694716,
        "auroc": 0.9331326303686783
      },
      "probe_sent": {
        "accuracy": 0.8741808650065531,
        "f1": 0.8160919540229885,
        "auroc": 0.9370206199603637
      },
      "precision_at_5": 0.7381389252948886,
      "cluster_ari": -0.0013001856469147337,
      "cluster_nmi": 0.00029288338253523685
    },
    "hard_verb": {
      "n": 215,
      "probe_subj": {
        "accuracy": 0.6186046511627907,
        "f1": 0.5393258426966292,
        "auroc": 0.5410666666666666
      },
      "probe_sent": {
        "accuracy": 0.5534883720930233,
        "f1": 0.4606741573033708,
        "auroc": 0.46675555555555553
      },
      "precision_at_5": 0.8334883720930233,
      "cluster_ari": -0.004164990115291181,
      "cluster_nmi": 8.135255008748033e-05
    },
    "hard_both": {
      "n": 69,
      "probe_subj": {
        "accuracy": 0.18840579710144928,
        "f1": 0.034482758620689655,
        "auroc": 0.08413926499032884
      },
      "probe_sent": {
        "accuracy": 0.2753623188405797,
        "f1": 0.038461538461538464,
        "auroc": 0.09671179883945842
      },
      "precision_at_5": 0.7391304347826086,
      "cluster_ari": 0.009782246408979697,
      "cluster_nmi": 0.009289698711340602
    },
    "ambiguous_test": {
      "n": 5000,
      "probe_subj": {
        "accuracy": 0.588,
        "f1": 0.4380796508456083,
        "auroc": 0.6090355344522326
      },
      "probe_sent": {
        "accuracy": 0.5856,
        "f1": 0.44360902255639095,
        "auroc": 0.5944829875657399
      },
      "precision_at_5": 0.6988,
      "cluster_ari": -0.00022869421215062982,
      "cluster_nmi": 3.7359837175643916e-06
    },
    "continuation": {
      "n": 794,
      "probe_subj": {
        "accuracy": 0.7455919395465995,
        "f1": 0.7524509803921569,
        "auroc": 0.7995014245014246
      },
      "probe_sent": {
        "accuracy": 0.7594458438287154,
        "f1": 0.7662178702570379,
        "auroc": 0.8013838013838013
      },
      "precision_at_5": 0.7256926952141058,
      "cluster_ari": -0.0004918347560633712,
      "cluster_nmi": 0.0005041864781710712
    },
    "interpolation": {
      "n": 398,