{
  "run_id": "20260528_008",
  "k": 10,
  "drift_score": {
    "Static": {
      "0": 0.6423076923076922,
      "1": 0.5827586206896552,
      "2": 0.5727272727272728,
      "3": 0.6434782608695653,
      "4": 0.6037037037037037,
      "5": 0.5241379310344828,
      "6": 0.5592592592592593,
      "7": 0.5000000000000001,
      "8": 0.48965517241379314,
      "9": 0.4966666666666667
    },
    "Additive": {
      "0": 0.8307692307692307,
      "1": 0.7034482758620689,
      "2": 0.6606060606060605,
      "3": 0.7695652173913043,
      "4": 0.5925925925925926,
      "5": 0.47241379310344833,
      "6": 0.39629629629629626,
      "7": 0.3173913043478261,
      "8": 0.28620689655172415,
      "9": 0.22333333333333336
    },
    "Joint": {
      "0": 0.8423076923076922,
      "1": 0.7482758620689655,
      "2": 0.6939393939393939,
      "3": 0.7347826086956522,
      "4": 0.5814814814814815,
      "5": 0.5482758620689655,
      "6": 0.46666666666666673,
      "7": 0.40869565217391307,
      "8": 0.3448275862068966,
      "9": 0.30333333333333334
    },
    "Timeformer": {
      "0": 0.8576923076923075,
      "1": 0.7862068965517242,
      "2": 0.7515151515151516,
      "3": 0.7478260869565218,
      "4": 0.6148148148148148,
      "5": 0.49310344827586217,
      "6": 0.5074074074074074,
      "7": 0.3565217391304348,
      "8": 0.35517241379310355,
      "9": 0.2766666666666667
    }
  },
  "drift_score_by_class": {
    "Static": {
      "stable": {
        "0": 0.7913043478260869,
        "1": 0.8,
        "2": 0.8038461538461539,
        "3": 0.773913043478261,
        "4": 0.75,
        "5": 0.8206896551724138,
        "6": 0.7892857142857144,
        "7": 0.8130434782608696,
        "8": 0.6791666666666667,
        "9": 0.7863636363636364
      },
      "drift": {
        "0": 0.6423076923076922,
        "1": 0.5827586206896552,
        "2": 0.5727272727272728,
        "3": 0.6434782608695653,
        "4": 0.6037037037037037,
        "5": 0.5241379310344828,
        "6": 0.5592592592592593,
        "7": 0.5000000000000001,
        "8": 0.48965517241379314,
        "9": 0.4966666666666667
      },
      "bifurc": {
        "0": 0.7846153846153847,
        "1": 0.7642857142857143,
        "2": 0.7521739130434782,
        "3": 0.7217391304347827,
        "4": 0.75,
        "5": 0.6541666666666667,
        "6": 0.6238095238095239,
        "7": 0.6142857142857143,
        "8": 0.7052631578947368,
        "9": 0.7041666666666666
      }
    },
    "Additive": {
      "stable": {
        "0": 0.8130434782608696,
        "1": 0.7899999999999999,
        "2": 0.8115384615384614,
        "3": 0.8173913043478261,
        "4": 0.7291666666666666,
        "5": 0.7827586206896553,
        "6": 0.7178571428571427,
        "7": 0.726086956521739,
        "8": 0.6541666666666667,
        "9": 0.7090909090909091
      },
      "drift": {
        "0": 0.8307692307692307,
        "1": 0.7034482758620689,
        "2": 0.6606060606060605,
        "3": 0.7695652173913043,
        "4": 0.5925925925925926,
        "5": 0.47241379310344833,
        "6": 0.39629629629629626,
        "7": 0.3173913043478261,
        "8": 0.28620689655172415,
        "9": 0.22333333333333336
      },
      "bifurc": {
        "0": 0.9307692307692308,
        "1": 0.8142857142857143,
        "2": 0.8347826086956521,
        "3": 0.7869565217391307,
        "4": 0.7461538461538461,
        "5": 0.5791666666666666,
        "6": 0.523809523809524,
        "7": 0.4142857142857143,
        "8": 0.6052631578947368,
        "9": 0.5291666666666667
      }
    },
    "Joint": {
      "stable": {
        "0": 0.7956521739130435,
        "1": 0.8133333333333331,
        "2": 0.8153846153846153,
        "3": 0.7782608695652173,
        "4": 0.7041666666666666,
        "5": 0.7586206896551723,
        "6": 0.7000000000000001,
        "7": 0.7043478260869567,
        "8": 0.625,
        "9": 0.6727272727272727
      },
      "drift": {
        "0": 0.8423076923076922,
        "1": 0.7482758620689655,
        "2": 0.6939393939393939,
        "3": 0.7347826086956522,
        "4": 0.5814814814814815,
        "5": 0.5482758620689655,
        "6": 0.46666666666666673,
        "7": 0.40869565217391307,
        "8": 0.3448275862068966,
        "9": 0.30333333333333334
      },
      "bifurc": {
        "0": 0.8769230769230768,
        "1": 0.8285714285714284,
        "2": 0.8478260869565218,
        "3": 0.7304347826086955,
        "4": 0.7423076923076922,
        "5": 0.5375,
        "6": 0.41904761904761906,
        "7": 0.4333333333333333,
        "8": 0.5842105263157894,
        "9": 0.5
      }
    },
    "Timeformer": {
      "stable": {
        "0": 0.8782608695652173,
        "1": 0.8233333333333334,
        "2": 0.8576923076923075,
        "3": 0.8173913043478261,
        "4": 0.7833333333333333,
        "5": 0.7896551724137931,
        "6": 0.6857142857142858,
        "7": 0.6695652173913043,
        "8": 0.6124999999999999,
        "9": 0.6636363636363637
      },
      "drift": {
        "0": 0.8576923076923075,
        "1": 0.7862068965517242,
        "2": 0.7515151515151516,
        "3": 0.7478260869565218,
        "4": 0.6148148148148148,
        "5": 0.49310344827586217,
        "6": 0.5074074074074074,
        "7": 0.3565217391304348,
        "8": 0.35517241379310355,
        "9": 0.2766666666666667
      },
      "bifurc": {
        "0": 0.8961538461538461,
        "1": 0.8785714285714287,
        "2": 0.8739130434782608,
        "3": 0.8173913043478261,
        "4": 0.7884615384615384,
        "5": 0.5833333333333334,
        "6": 0.4619047619047619,
        "7": 0.4999999999999999,
        "8": 0.5578947368421053,
        "9": 0.525
      }
    }
  },
  "trajectory_dist": {
    "Static": {
      "stable": {
        "0": -2.767638379586046e-08,
        "1": 0.025460366339729167,
        "2": 0.01147106322655499,
        "3": 0.02266872920301275,
        "4": 0.04411786266613578,
        "5": 0.037591922742192786,
        "6": 0.039031306762533455,
        "7": 0.012163551509006313,
        "8": 0.019804775680189433,
        "9": 0.021123670418979123
      },
      "drift": {
        "0": -3.4866484366347095e-08,
        "1": 0.1250666179851196,
        "2": 0.13245094081872363,
        "3": 0.1201584610512422,
        "4": 0.11071391057150097,
        "5": 0.16166603146245256,
        "6": 0.11596186623935892,
        "7": 0.12046043585461996,
        "8": 0.053472024806502816,
        "9": 0.04816985488608329
      },
      "bifurc": {
        "0": -6.1772009618543676e-09,
        "1": 0.0474259799031897,
        "2": 0.15223863307166774,
        "3": 0.05695740530564844,
        "4": 0.028398328590750997,
        "5": 0.16766722360883446,
        "6": 0.16345255712280649,
        "7": 0.15397367172076423,
        "8": 0.1277640250805589,
        "9": 0.07745069757099995
      }
    },
    "Additive": {
      "stable": {
        "0": 9.941788181588861e-09,
        "1": 0.38955540147732953,
        "2": 0.18483344196132684,
        "3": 0.4026835306712172,
        "4": 0.5362808053125235,
        "5": 0.4241243796173112,
        "6": 0.4578539630067704,
        "7": 0.3626042705985422,
        "8": 0.528861504932298,
        "9": 0.580774545784826
      },
      "drift": {
        "0": -1.0123747107293469e-08,
        "1": 0.23103110278050445,
        "2": 0.27075129619474014,
        "3": 0.33043412324745813,
        "4": 0.3725825413005463,
        "5": 0.32032716502759834,
        "6": 0.4037684342962297,
        "7": 0.537470172015794,
        "8": 0.43305811376063,
        "9": 0.5655259559438538
      },
      "bifurc": {
        "0": -4.19535760909362e-08,
        "1": 0.13937199761103683,
        "2": 0.19794461037644898,
        "3": 0.23880413244598714,
        "4": 0.27732833865351775,
        "5": 0.4688556052905394,
        "6": 0.5019370176952664,
        "7": 0.5040487228979165,
        "8": 0.5671495067377618,
        "9": 0.5167030485296276
      }
    },