{
  "Static": {
    "test": {
      "n": 763,
      "probe_subj": {
        "accuracy": 0.8846657929226737,
        "f1": 0.8253968253968254,
        "auroc": 0.9373685723362734
      },
      "probe_sent": {
        "accuracy": 0.8715596330275229,
        "f1": 0.8070866141732284,
        "auroc": 0.9301863814465742
      },
      "precision_at_5": 0.8146788990825689,
      "cluster_ari": 0.03188444717884664,
      "cluster_nmi": 0.008080078863299365
    },
    "hard_verb": {
      "n": 215,
      "probe_subj": {
        "accuracy": 0.4883720930232558,
        "f1": 0.35294117647058826,
        "auroc": 0.45679999999999993
      },
      "probe_sent": {
        "accuracy": 0.5209302325581395,
        "f1": 0.4180790960451977,
        "auroc": 0.49973333333333336
      },
      "precision_at_5": 0.8027906976744186,
      "cluster_ari": 0.05915514590490853,
      "cluster_nmi": 0.03601284648014974
    },
    "hard_both": {
      "n": 69,
      "probe_subj": {
        "accuracy": 0.21739130434782608,
        "f1": 0.0,
        "auroc": 0.027079303675048363
      },
      "probe_sent": {
        "accuracy": 0.2028985507246377,
        "f1": 0.0,
        "auroc": 0.01934235976789169
      },
      "precision_at_5": 0.7304347826086957,
      "cluster_ari": 0.08274981263775005,
      "cluster_nmi": 0.039000732054857254
    },
    "ambiguous_test": {
      "n": 5000,
      "probe_subj": {
        "accuracy": 0.5532,
        "f1": 0.38760964912280704,
        "auroc": 0.5450713763449613
      },
      "probe_sent": {
        "accuracy": 0.5452,
        "f1": 0.38440714672441795,
        "auroc": 0.5441648629673024
      },
      "precision_at_5": 0.63904,
      "cluster_ari": 0.07099636022840576,
      "cluster_nmi": 0.024990159438098503
    },
    "continuation": {
      "n": 794,
      "probe_subj": {
        "accuracy": 0.7229219143576826,
        "f1": 0.7105263157894737,
        "auroc": 0.7834567053317053
      },
      "probe_sent": {
        "accuracy": 0.7443324937027708,
        "f1": 0.7325428194993412,
        "auroc": 0.7915712759462761
      },
      "precision_at_5": 0.7523929471032745,
      "cluster_ari": 0.020605121112802993,
      "cluster_nmi": 0.032196394928846156
    },
    "interpolation": {
      "n": 398,
      "probe_subj": {
        "accuracy": 0.7562814070351759,
        "f1": 0.6881028938906752,
        "auroc": 0.7826747311827957
      },
      "probe_sent": {
        "accuracy": 0.7788944723618091,
        "f1": 0.7124183006535948,
        "auroc": 0.7916532258064517
      },
      "precision_at_5": 0.6984924623115578,
      "cluster_ari": 0.1524177623174036,
      "cluster_nmi": 0.09170666303367989
    },
    "contrastive": {
      "sign_flip_rate": 0.0,
      "n_pairs": 29,
      "n_correct": 0
    }
  },
  "Additive": {
    "test": {
      "n": 763,
      "probe_subj": {
        "accuracy": 0.9003931847968545,
        "f1": 0.8527131782945736,
        "auroc": 0.9640323141858671
      },
      "probe_sent": {
        "accuracy": 0.8964613368283093,
        "f1": 0.8466019417475729,
        "auroc": 0.9623984508555089
      },
      "precision_at_5": 0.8377457404980341,
      "cluster_ari": -0.00028387159966253484,
      "cluster_nmi": 0.0007666722947141931
    },
    "hard_verb": {
      "n": 215,
      "probe_subj": {
        "accuracy": 0.4883720930232558,
        "f1": 0.38202247191011235,
        "auroc": 0.3661333333333333
      },
      "probe_sent": {
        "accuracy": 0.4883720930232558,
        "f1": 0.375,
        "auroc": 0.37048888888888887
      },
      "precision_at_5": 0.893953488372093,
      "cluster_ari": -0.0032120394359965703,
      "cluster_nmi": 0.0003037115306766008
    },
    "hard_both": {
      "n": 69,
      "probe_subj": {
        "accuracy": 0.2463768115942029,
        "f1": 0.10344827586206896,
        "auroc": 0.09381044487427466
      },
      "probe_sent": {
        "accuracy": 0.2318840579710145,
        "f1": 0.07017543859649122,
        "auroc": 0.07350096711798838
      },
      "precision_at_5": 0.7652173913043478,
      "cluster_ari": -0.005583201491570618,
      "cluster_nmi": 0.0017199442154628502
    },
    "ambiguous_test": {
      "n": 5000,
      "probe_subj": {
        "accuracy": 0.5774,
        "f1": 0.4360821990926074,
        "auroc": 0.580931802720594
      },
      "probe_sent": {
        "accuracy": 0.579,
        "f1": 0.4256480218281037,
        "auroc": 0.5776410810276508
      },
      "precision_at_5": 0.69016,
      "cluster_ari": -8.362876813902062e-06,
      "cluster_nmi": 7.657921701238712e-05
    },
    "continuation": {
      "n": 794,
      "probe_subj": {
        "accuracy": 0.7732997481108312,
        "f1": 0.7799511002444988,
        "auroc": 0.7838128306878307
      },
      "probe_sent": {
        "accuracy": 0.7732997481108312,
        "f1": 0.7799511002444988,
        "auroc": 0.7856379731379731
      },
      "precision_at_5": 0.7093198992443325,
      "cluster_ari": -0.0011009169644886833,
      "cluster_nmi": 0.00011699017059560003
    },
    "interpolation": {
      "n": 398,
      "probe_subj": {
        "accuracy": 0.7663316582914573,
        "f1": 0.7066246056782335,
        "auroc": 0.7946505376344085
      },
      "probe_sent": {
        "accuracy": 0.7663316582914573,
        "f1": 0.7009646302250804,
        "auroc": 0.7974731182795699
      },
      "precision_at_5": 0.7185929648241206,
      "cluster_ari": -0.0017501178010436178,
      "cluster_nmi": 0.00013006289651555484
    },
    "contrastive": {
      "sign_flip_rate": 0.9310344827586207,
      "n_pairs": 29,
      "n_correct": 27
    }
  },
  "Joint": {
    "test": {
      "n": 763,
      "probe_subj": {
        "accuracy": 0.8925294888597641,
        "f1": 0.8392156862745098,
        "auroc": 0.9601972738687765
      },
      "probe_sent": {
        "accuracy": 0.8938401048492791,
        "f1": 0.8408644400785854,
        "auroc": 0.9600686827733317
      },
      "precision_at_5": 0.8293577981651377,
      "cluster_ari": 0.00044040510913140785,
      "cluster_nmi": 0.001081090572597372
    },
    "hard_verb": {
      "n": 215,
      "probe_subj": {
        "accuracy": 0.4511627906976744,
        "f1": 0.32954545454545453,
        "auroc": 0.3022222222222223
      },
      "probe_sent": {
        "accuracy": 0.4604651162790698,
        "f1": 0.34831460674157305,
        "auroc": 0.3009777777777778
      },
      "precision_at_5": 0.9162790697674419,
      "cluster_ari": -0.003965245383511008,
      "cluster_nmi": 6.35415022242854e-05
    },
    "hard_both": {
      "n": 69,
      "probe_subj": {
        "accuracy": 0.18840579710144928,
        "f1": 0.06666666666666667,
        "auroc": 0.06286266924564797
      },
      "probe_sent": {
        "accuracy": 0.2028985507246377,
        "f1": 0.03508771929824561,
        "auroc": 0.045454545454545456
      },
      "precision_at_5": 0.8492753623188406,
      "cluster_ari": -0.011933368987230172,
      "cluster_nmi": 1.6177441234017735e-05
    },
    "ambiguous_test": {
      "n": 5000,
      "probe_subj": {
        "accuracy": 0.5764,
        "f1": 0.4272579772850189,
        "auroc": 0.5619271831182462
      },
      "probe_sent": {
        "accuracy": 0.576,
        "f1": 0.42702702702702705,
        "auroc": 0.5578922991606802
      },
      "precision_at_5": 0.67256,
      "cluster_ari": -0.00017064674625404843,
      "cluster_nmi": 1.5996785663796317e-05
    },
    "continuation": {
      "n": 794,
      "probe_subj": {
        "accuracy": 0.7594458438287154,
        "f1": 0.7679222357229648,
        "auroc": 0.7833040801790802
      },
      "probe_sent": {
        "accuracy": 0.7682619647355163,
        "f1": 0.7777777777777778,
        "auroc": 0.7778858872608873
      },
      "precision_at_5": 0.6909319899244333,
      "cluster_ari": -1.775444590350855e-05,
      "cluster_nmi": 0.0010450615219371273
    },
    "interpolation": {
      "n": 398,
      "probe_subj": {
        "accuracy": 0.7587939698492462,