{
  "run_id": "20260528_019",
  "k": 10,
  "drift_score": {
    "Static": {
      "0": 0.6153846153846153,
      "1": 0.6034482758620688,
      "2": 0.5575757575757575,
      "3": 0.5608695652173913,
      "4": 0.5851851851851853,
      "5": 0.5517241379310345,
      "6": 0.525925925925926,
      "7": 0.5130434782608695,
      "8": 0.4,
      "9": 0.4233333333333334
    },
    "Additive": {
      "0": 0.8423076923076922,
      "1": 0.7482758620689656,
      "2": 0.6333333333333333,
      "3": 0.726086956521739,
      "4": 0.5407407407407407,
      "5": 0.4827586206896552,
      "6": 0.4148148148148148,
      "7": 0.38260869565217387,
      "8": 0.32068965517241377,
      "9": 0.2866666666666667
    },
    "Joint": {
      "0": 0.7961538461538461,
      "1": 0.7379310344827585,
      "2": 0.7545454545454545,
      "3": 0.7130434782608697,
      "4": 0.5222222222222221,
      "5": 0.45517241379310347,
      "6": 0.41851851851851846,
      "7": 0.3173913043478261,
      "8": 0.27586206896551724,
      "9": 0.19999999999999998
    },
    "Timeformer": {
      "0": 0.8538461538461538,
      "1": 0.786206896551724,
      "2": 0.7000000000000001,
      "3": 0.7565217391304347,
      "4": 0.5740740740740742,
      "5": 0.510344827586207,
      "6": 0.4925925925925925,
      "7": 0.3826086956521739,
      "8": 0.34827586206896555,
      "9": 0.3433333333333333
    }
  },
  "drift_score_by_class": {
    "Static": {
      "stable": {
        "0": 0.7608695652173914,
        "1": 0.7833333333333333,
        "2": 0.7692307692307693,
        "3": 0.7652173913043478,
        "4": 0.7291666666666666,
        "5": 0.8034482758620691,
        "6": 0.7857142857142857,
        "7": 0.7956521739130435,
        "8": 0.7458333333333332,
        "9": 0.8045454545454547
      },
      "drift": {
        "0": 0.6153846153846153,
        "1": 0.6034482758620688,
        "2": 0.5575757575757575,
        "3": 0.5608695652173913,
        "4": 0.5851851851851853,
        "5": 0.5517241379310345,
        "6": 0.525925925925926,
        "7": 0.5130434782608695,
        "8": 0.4,
        "9": 0.4233333333333334
      },
      "bifurc": {
        "0": 0.7807692307692308,
        "1": 0.7678571428571427,
        "2": 0.7608695652173914,
        "3": 0.7217391304347827,
        "4": 0.773076923076923,
        "5": 0.6625,
        "6": 0.6571428571428571,
        "7": 0.5238095238095238,
        "8": 0.7315789473684211,
        "9": 0.6708333333333334
      }
    },
    "Additive": {
      "stable": {
        "0": 0.8086956521739131,
        "1": 0.8033333333333331,
        "2": 0.8423076923076922,
        "3": 0.7869565217391303,
        "4": 0.7125,
        "5": 0.7862068965517242,
        "6": 0.7428571428571428,
        "7": 0.7999999999999999,
        "8": 0.6375000000000001,
        "9": 0.7181818181818181
      },
      "drift": {
        "0": 0.8423076923076922,
        "1": 0.7482758620689656,
        "2": 0.6333333333333333,
        "3": 0.726086956521739,
        "4": 0.5407407407407407,
        "5": 0.4827586206896552,
        "6": 0.4148148148148148,
        "7": 0.38260869565217387,
        "8": 0.32068965517241377,
        "9": 0.2866666666666667
      },
      "bifurc": {
        "0": 0.8923076923076922,
        "1": 0.8321428571428571,
        "2": 0.8086956521739131,
        "3": 0.7304347826086957,
        "4": 0.75,
        "5": 0.5625,
        "6": 0.5761904761904761,
        "7": 0.4238095238095238,
        "8": 0.5842105263157894,
        "9": 0.5333333333333333
      }
    },
    "Joint": {
      "stable": {
        "0": 0.8260869565217391,
        "1": 0.8733333333333332,
        "2": 0.8884615384615385,
        "3": 0.8434782608695651,
        "4": 0.7458333333333332,
        "5": 0.7517241379310344,
        "6": 0.6857142857142857,
        "7": 0.7391304347826086,
        "8": 0.6124999999999999,
        "9": 0.5772727272727273
      },
      "drift": {
        "0": 0.7961538461538461,
        "1": 0.7379310344827585,
        "2": 0.7545454545454545,
        "3": 0.7130434782608697,
        "4": 0.5222222222222221,
        "5": 0.45517241379310347,
        "6": 0.41851851851851846,
        "7": 0.3173913043478261,
        "8": 0.27586206896551724,
        "9": 0.19999999999999998
      },
      "bifurc": {
        "0": 0.8807692307692307,
        "1": 0.8392857142857143,
        "2": 0.8086956521739129,
        "3": 0.691304347826087,
        "4": 0.7461538461538463,
        "5": 0.5916666666666667,
        "6": 0.5190476190476191,
        "7": 0.4333333333333333,
        "8": 0.5894736842105263,
        "9": 0.4541666666666666
      }
    },
    "Timeformer": {
      "stable": {
        "0": 0.8086956521739131,
        "1": 0.8533333333333332,
        "2": 0.8153846153846153,
        "3": 0.782608695652174,
        "4": 0.7708333333333334,
        "5": 0.8034482758620689,
        "6": 0.7214285714285714,
        "7": 0.7217391304347827,
        "8": 0.6083333333333334,
        "9": 0.7227272727272728
      },
      "drift": {
        "0": 0.8538461538461538,
        "1": 0.786206896551724,
        "2": 0.7000000000000001,
        "3": 0.7565217391304347,
        "4": 0.5740740740740742,
        "5": 0.510344827586207,
        "6": 0.4925925925925925,
        "7": 0.3826086956521739,
        "8": 0.34827586206896555,
        "9": 0.3433333333333333
      },
      "bifurc": {
        "0": 0.8730769230769232,
        "1": 0.8321428571428571,
        "2": 0.8434782608695653,
        "3": 0.717391304347826,
        "4": 0.8038461538461538,
        "5": 0.5416666666666666,
        "6": 0.5238095238095238,
        "7": 0.4666666666666667,
        "8": 0.5736842105263158,
        "9": 0.5416666666666666
      }
    }
  },
  "trajectory_dist": {
    "Static": {
      "stable": {
        "0": -2.0338270845243756e-08,
        "1": 0.028609252917000526,
        "2": 0.05248333488437075,
        "3": 0.017737965976851677,
        "4": 0.04971661230210741,
        "5": 0.024544404970224885,
        "6": 0.0435272486962577,
        "7": 0.03412929928389172,
        "8": 0.01893845732490777,
        "9": 0.0315744913638254
      },
      "drift": {
        "0": -2.968537662351167e-08,
        "1": 0.017089301818616075,
        "2": 0.019116950533325728,
        "3": 0.025259187880671517,
        "4": 0.03178018007144208,
        "5": 0.022656959841467074,
        "6": 0.02887000423957804,
        "7": 0.05040300376647474,
        "8": 0.03488318700193969,
        "9": 0.023788380016318666
      },
      "bifurc": {
        "0": -9.690350455393571e-09,
        "1": 0.020112694373054386,
        "2": 0.033223009760624964,
        "3": 0.033852113358730146,
        "4": 0.014897082993400557,
        "5": 0.0672391922930546,
        "6": 0.07933934450624928,
        "7": 0.038822781087751466,
        "8": 0.02821530794936353,
        "9": 0.04154739699554851
      }
    },
    "Additive": {
      "stable": {
        "0": 1.1097821794869845e-08,
        "1": 0.41945358136743244,
        "2": 0.1816497632139436,
        "3": 0.40190868495043636,
        "4": 0.5737454746056646,
        "5": 0.4066603556622538,
        "6": 0.46370954928478403,
        "7": 0.30746559273818114,
        "8": 0.49572198936966205,
        "9": 0.5406887639370774
      },
      "drift": {
        "0": 4.199751324485135e-10,
        "1": 0.24715268203289495,
        "2": 0.3102516203215274,
        "3": 0.36257318862162796,
        "4": 0.46903139008966954,
        "5": 0.3269994766846981,
        "6": 0.4071641817020252,
        "7": 0.6035032940603444,
        "8": 0.38122089578903845,
        "9": 0.5354159763188637
      },
      "bifurc": {
        "0": -3.551134348800389e-08,
        "1": 0.13935724362340907,
        "2": 0.21434772989578801,
        "3": 0.3132593496530874,
        "4": 0.26142699501722977,
        "5": 0.44733020399091145,
        "6": 0.45047549182995283,
        "7": 0.5832057254635146,
        "8": 0.4975584590064341,
        "9": 0.5040139663781902
      }
    },