{
  "Static": {
    "test": {
      "n": 763,
      "probe_subj": {
        "accuracy": 0.8479685452162516,
        "f1": 0.7661290322580645,
        "auroc": 0.9244338209709384
      },
      "probe_sent": {
        "accuracy": 0.872870249017038,
        "f1": 0.8116504854368932,
        "auroc": 0.9372551096049985
      },
      "precision_at_5": 0.7921363040629096,
      "cluster_ari": 0.029613272356183072,
      "cluster_nmi": 0.010606306110601312
    },
    "hard_verb": {
      "n": 215,
      "probe_subj": {
        "accuracy": 0.5023255813953489,
        "f1": 0.3592814371257485,
        "auroc": 0.44293333333333335
      },
      "probe_sent": {
        "accuracy": 0.5441860465116279,
        "f1": 0.45555555555555555,
        "auroc": 0.49573333333333336
      },
      "precision_at_5": 0.7786046511627907,
      "cluster_ari": 0.0014587525664237,
      "cluster_nmi": 0.007105047825561085
    },
    "hard_both": {
      "n": 69,
      "probe_subj": {
        "accuracy": 0.3333333333333333,
        "f1": 0.0,
        "auroc": 0.1150870406189555
      },
      "probe_sent": {
        "accuracy": 0.2463768115942029,
        "f1": 0.0,
        "auroc": 0.06092843326885877
      },
      "precision_at_5": 0.6869565217391305,
      "cluster_ari": 0.09133814913360991,
      "cluster_nmi": 0.052111643519638845
    },
    "ambiguous_test": {
      "n": 5000,
      "probe_subj": {
        "accuracy": 0.5784,
        "f1": 0.3882762623331399,
        "auroc": 0.5566599024912129
      },
      "probe_sent": {
        "accuracy": 0.5688,
        "f1": 0.41189307146753956,
        "auroc": 0.572306116248848
      },
      "precision_at_5": 0.63476,
      "cluster_ari": 0.03309527972153703,
      "cluster_nmi": 0.011166909404390824
    },
    "continuation": {
      "n": 794,
      "probe_subj": {
        "accuracy": 0.7216624685138538,
        "f1": 0.6976744186046512,
        "auroc": 0.797933836996337
      },
      "probe_sent": {
        "accuracy": 0.7355163727959698,
        "f1": 0.7229551451187335,
        "auroc": 0.8051771723646723
      },
      "precision_at_5": 0.7523929471032745,
      "cluster_ari": 0.008325621115410443,
      "cluster_nmi": 0.010034850964962344
    },
    "interpolation": {
      "n": 398,
      "probe_subj": {
        "accuracy": 0.7487437185929648,
        "f1": 0.6666666666666666,
        "auroc": 0.797755376344086
      },
      "probe_sent": {
        "accuracy": 0.7864321608040201,
        "f1": 0.7157190635451505,
        "auroc": 0.8288037634408603
      },
      "precision_at_5": 0.7040201005025125,
      "cluster_ari": 0.047090059745699124,
      "cluster_nmi": 0.023332352812475105
    },
    "contrastive": {
      "sign_flip_rate": 0.0,
      "n_pairs": 29,
      "n_correct": 0
    }
  },
  "Additive": {
    "test": {
      "n": 763,
      "probe_subj": {
        "accuracy": 0.8846657929226737,
        "f1": 0.8307692307692308,
        "auroc": 0.9626707614105687
      },
      "probe_sent": {
        "accuracy": 0.8859764089121888,
        "f1": 0.8336520076481836,
        "auroc": 0.962383322491339
      },
      "precision_at_5": 0.8314547837483617,
      "cluster_ari": -0.00028387159966253484,
      "cluster_nmi": 0.0007666722947141931
    },
    "hard_verb": {
      "n": 215,
      "probe_subj": {
        "accuracy": 0.5209302325581395,
        "f1": 0.44919786096256686,
        "auroc": 0.34302222222222223
      },
      "probe_sent": {
        "accuracy": 0.5116279069767442,
        "f1": 0.43243243243243246,
        "auroc": 0.33759999999999996
      },
      "precision_at_5": 0.958139534883721,
      "cluster_ari": -0.0032120394359965703,
      "cluster_nmi": 0.0003037115306766008
    },
    "hard_both": {
      "n": 69,
      "probe_subj": {
        "accuracy": 0.21739130434782608,
        "f1": 0.03571428571428571,
        "auroc": 0.03771760154738878
      },
      "probe_sent": {
        "accuracy": 0.21739130434782608,
        "f1": 0.03571428571428571,
        "auroc": 0.03384912959381045
      },
      "precision_at_5": 0.8898550724637682,
      "cluster_ari": -0.005583201491570618,
      "cluster_nmi": 0.0017199442154628502
    },
    "ambiguous_test": {
      "n": 5000,
      "probe_subj": {
        "accuracy": 0.5582,
        "f1": 0.420057757941717,
        "auroc": 0.5615414288787652
      },
      "probe_sent": {
        "accuracy": 0.5632,
        "f1": 0.4282722513089005,
        "auroc": 0.5589018378109656
      },
      "precision_at_5": 0.69396,
      "cluster_ari": -8.362876813902062e-06,
      "cluster_nmi": 7.657921701238712e-05
    },
    "continuation": {
      "n": 794,
      "probe_subj": {
        "accuracy": 0.7468513853904282,
        "f1": 0.760998810939358,
        "auroc": 0.7776442307692307
      },
      "probe_sent": {
        "accuracy": 0.7468513853904282,
        "f1": 0.763807285546416,
        "auroc": 0.7782928876678878
      },
      "precision_at_5": 0.7259445843828716,
      "cluster_ari": -0.0011009169644886833,
      "cluster_nmi": 0.00011699017059560003
    },
    "interpolation": {
      "n": 398,
      "probe_subj": {
        "accuracy": 0.7562814070351759,
        "f1": 0.6978193146417445,
        "auroc": 0.7903091397849462
      },
      "probe_sent": {
        "accuracy": 0.7638190954773869,
        "f1": 0.7025316455696202,
        "auroc": 0.7851478494623656
      },
      "precision_at_5": 0.714572864321608,
      "cluster_ari": -0.0017501178010436178,
      "cluster_nmi": 0.00013006289651555484
    },
    "contrastive": {
      "sign_flip_rate": 0.5862068965517241,
      "n_pairs": 29,
      "n_correct": 17
    }
  },
  "Joint": {
    "test": {
      "n": 763,
      "probe_subj": {
        "accuracy": 0.8597640891218873,
        "f1": 0.7881188118811882,
        "auroc": 0.9241615104158787
      },
      "probe_sent": {
        "accuracy": 0.8348623853211009,
        "f1": 0.7576923076923077,
        "auroc": 0.9051375924721261
      },
      "precision_at_5": 0.7342070773263434,
      "cluster_ari": -0.0024680988006800637,
      "cluster_nmi": 0.007838358946789303
    },
    "hard_verb": {
      "n": 215,
      "probe_subj": {
        "accuracy": 0.5953488372093023,
        "f1": 0.5028571428571429,
        "auroc": 0.5546666666666666
      },
      "probe_sent": {
        "accuracy": 0.627906976744186,
        "f1": 0.5652173913043478,
        "auroc": 0.5995555555555556
      },
      "precision_at_5": 0.8390697674418605,
      "cluster_ari": 0.006914627095779534,
      "cluster_nmi": 0.009212500068292039
    },
    "hard_both": {
      "n": 69,
      "probe_subj": {
        "accuracy": 0.2608695652173913,
        "f1": 0.10526315789473684,
        "auroc": 0.11508704061895553
      },
      "probe_sent": {
        "accuracy": 0.30434782608695654,
        "f1": 0.14285714285714285,
        "auroc": 0.18858800773694392
      },
      "precision_at_5": 0.7797101449275362,
      "cluster_ari": 0.003664721537789174,
      "cluster_nmi": 0.009531940821928198
    },
    "ambiguous_test": {
      "n": 5000,
      "probe_subj": {
        "accuracy": 0.6238,
        "f1": 0.4693935119887165,
        "auroc": 0.6113041800278514
      },
      "probe_sent": {
        "accuracy": 0.615,
        "f1": 0.47561972214655407,
        "auroc": 0.6321061999773234
      },
      "precision_at_5": 0.68616,
      "cluster_ari": -0.0031376929905650233,
      "cluster_nmi": 0.007098666130230481
    },
    "continuation": {
      "n": 794,
      "probe_subj": {
        "accuracy": 0.77455919395466,
        "f1": 0.7830303030303031,
        "auroc": 0.8158863705738706
      },
      "probe_sent": {
        "accuracy": 0.7619647355163728,
        "f1": 0.7741935483870968,
        "auroc": 0.8270470848595849
      },
      "precision_at_5": 0.7158690176322419,
      "cluster_ari": 0.013895521151876712,
      "cluster_nmi": 0.009791816808637483
    },
    "interpolation": {
      "n": 398,
      "probe_subj": {
        "accuracy": 0.7688442211055276,