{
  "run_id": "20260528_028",
  "k": 10,
  "drift_score": {
    "Static": {
      "0": 0.573076923076923,
      "1": 0.6413793103448276,
      "2": 0.5575757575757576,
      "3": 0.6695652173913045,
      "4": 0.5259259259259259,
      "5": 0.4862068965517242,
      "6": 0.5333333333333334,
      "7": 0.4,
      "8": 0.38275862068965527,
      "9": 0.38666666666666666
    },
    "Additive": {
      "0": 0.8653846153846152,
      "1": 0.7793103448275861,
      "2": 0.6757575757575758,
      "3": 0.7086956521739131,
      "4": 0.5592592592592593,
      "5": 0.4862068965517241,
      "6": 0.4222222222222222,
      "7": 0.3652173913043478,
      "8": 0.32413793103448285,
      "9": 0.22333333333333333
    },
    "Joint": {
      "0": 0.8615384615384615,
      "1": 0.7655172413793102,
      "2": 0.6515151515151515,
      "3": 0.7130434782608697,
      "4": 0.5370370370370371,
      "5": 0.5241379310344828,
      "6": 0.42592592592592593,
      "7": 0.3826086956521739,
      "8": 0.3068965517241379,
      "9": 0.29000000000000004
    },
    "Timeformer": {
      "0": 0.8769230769230768,
      "1": 0.796551724137931,
      "2": 0.7000000000000001,
      "3": 0.7217391304347825,
      "4": 0.5518518518518518,
      "5": 0.4965517241379311,
      "6": 0.40370370370370373,
      "7": 0.3826086956521739,
      "8": 0.33103448275862074,
      "9": 0.3133333333333333
    }
  },
  "drift_score_by_class": {
    "Static": {
      "stable": {
        "0": 0.7130434782608696,
        "1": 0.8166666666666665,
        "2": 0.7961538461538461,
        "3": 0.8,
        "4": 0.7583333333333333,
        "5": 0.8275862068965517,
        "6": 0.7678571428571429,
        "7": 0.8391304347826087,
        "8": 0.7333333333333334,
        "9": 0.8318181818181819
      },
      "drift": {
        "0": 0.573076923076923,
        "1": 0.6413793103448276,
        "2": 0.5575757575757576,
        "3": 0.6695652173913045,
        "4": 0.5259259259259259,
        "5": 0.4862068965517242,
        "6": 0.5333333333333334,
        "7": 0.4,
        "8": 0.38275862068965527,
        "9": 0.38666666666666666
      },
      "bifurc": {
        "0": 0.8269230769230771,
        "1": 0.75,
        "2": 0.7869565217391304,
        "3": 0.7434782608695653,
        "4": 0.7807692307692308,
        "5": 0.65,
        "6": 0.6904761904761904,
        "7": 0.5571428571428573,
        "8": 0.6842105263157896,
        "9": 0.6583333333333333
      }
    },
    "Additive": {
      "stable": {
        "0": 0.8217391304347827,
        "1": 0.81,
        "2": 0.8461538461538461,
        "3": 0.7652173913043477,
        "4": 0.7458333333333332,
        "5": 0.7827586206896553,
        "6": 0.7107142857142856,
        "7": 0.7260869565217393,
        "8": 0.6041666666666667,
        "9": 0.6727272727272727
      },
      "drift": {
        "0": 0.8653846153846152,
        "1": 0.7793103448275861,
        "2": 0.6757575757575758,
        "3": 0.7086956521739131,
        "4": 0.5592592592592593,
        "5": 0.4862068965517241,
        "6": 0.4222222222222222,
        "7": 0.3652173913043478,
        "8": 0.32413793103448285,
        "9": 0.22333333333333333
      },
      "bifurc": {
        "0": 0.8884615384615384,
        "1": 0.8250000000000001,
        "2": 0.8434782608695653,
        "3": 0.7478260869565219,
        "4": 0.7346153846153847,
        "5": 0.5166666666666667,
        "6": 0.5142857142857143,
        "7": 0.45238095238095244,
        "8": 0.531578947368421,
        "9": 0.5416666666666666
      }
    },
    "Joint": {
      "stable": {
        "0": 0.8086956521739131,
        "1": 0.8133333333333331,
        "2": 0.8153846153846154,
        "3": 0.8130434782608695,
        "4": 0.7333333333333334,
        "5": 0.8068965517241379,
        "6": 0.725,
        "7": 0.7608695652173914,
        "8": 0.6625,
        "9": 0.7636363636363637
      },
      "drift": {
        "0": 0.8615384615384615,
        "1": 0.7655172413793102,
        "2": 0.6515151515151515,
        "3": 0.7130434782608697,
        "4": 0.5370370370370371,
        "5": 0.5241379310344828,
        "6": 0.42592592592592593,
        "7": 0.3826086956521739,
        "8": 0.3068965517241379,
        "9": 0.29000000000000004
      },
      "bifurc": {
        "0": 0.9307692307692308,
        "1": 0.8071428571428572,
        "2": 0.8391304347826087,
        "3": 0.7260869565217393,
        "4": 0.7538461538461539,
        "5": 0.5166666666666667,
        "6": 0.4619047619047619,
        "7": 0.42857142857142855,
        "8": 0.5421052631578946,
        "9": 0.5291666666666667
      }
    },
    "Timeformer": {
      "stable": {
        "0": 0.8086956521739131,
        "1": 0.7833333333333332,
        "2": 0.8076923076923077,
        "3": 0.8347826086956521,
        "4": 0.7624999999999998,
        "5": 0.8206896551724138,
        "6": 0.7464285714285713,
        "7": 0.8130434782608695,
        "8": 0.65,
        "9": 0.7545454545454546
      },
      "drift": {
        "0": 0.8769230769230768,
        "1": 0.796551724137931,
        "2": 0.7000000000000001,
        "3": 0.7217391304347825,
        "4": 0.5518518518518518,
        "5": 0.4965517241379311,
        "6": 0.40370370370370373,
        "7": 0.3826086956521739,
        "8": 0.33103448275862074,
        "9": 0.3133333333333333
      },
      "bifurc": {
        "0": 0.8923076923076925,
        "1": 0.8321428571428572,
        "2": 0.8304347826086957,
        "3": 0.7608695652173914,
        "4": 0.7423076923076923,
        "5": 0.5375,
        "6": 0.5333333333333334,
        "7": 0.4666666666666666,
        "8": 0.5210526315789473,
        "9": 0.5583333333333332
      }
    }
  },
  "trajectory_dist": {
    "Static": {
      "stable": {
        "0": 4.516677032384564e-11,
        "1": 0.04233876985706769,
        "2": 0.07460773764191139,
        "3": 0.05277811258484335,
        "4": 0.07820614730771935,
        "5": 0.06947088425225315,
        "6": 0.04983878775593842,
        "7": 0.1005309318321152,
        "8": 0.059405720232002225,
        "9": 0.06247702703025874
      },
      "drift": {
        "0": -1.4434972250843003e-08,
        "1": 0.02925887090728051,
        "2": 0.02412044862144198,
        "3": 0.02602196792887316,
        "4": 0.018472129301423335,
        "5": 0.03355774763295248,
        "6": 0.027496250849984007,
        "7": 0.04019290773977113,
        "8": 0.02500211490695754,
        "9": 0.03255553042337154
      },
      "bifurc": {
        "0": -2.0313863124954425e-08,
        "1": 0.03678370244502762,
        "2": 0.028152646083665266,
        "3": 0.04477324887816911,
        "4": 0.03325793494398428,
        "5": 0.053953039021133645,
        "6": 0.07947294290632997,
        "7": 0.0708830483156318,
        "8": 0.10038689101148741,
        "9": 0.033479219302003496
      }
    },
    "Additive": {
      "stable": {
        "0": 7.954491465511637e-09,
        "1": 0.4231483561288826,
        "2": 0.19034839068151807,
        "3": 0.43041542137115385,
        "4": 0.5734121023146039,
        "5": 0.38672264644121324,
        "6": 0.4543206544842717,
        "7": 0.36528093944318,
        "8": 0.5843831574803744,
        "9": 0.6107092607207244
      },
      "drift": {
        "0": -1.216997103092865e-09,
        "1": 0.2290414722547835,
        "2": 0.2856552197839815,
        "3": 0.37124601819683767,
        "4": 0.4608901176189203,
        "5": 0.414030677761016,
        "6": 0.5312511694257395,
        "7": 0.6044679469370108,
        "8": 0.494352494015229,
        "9": 0.6584396822534822
      },
      "bifurc": {
        "0": 6.439687250114901e-09,
        "1": 0.17113174774672849,
        "2": 0.19820944065544427,
        "3": 0.2505345019762223,
        "4": 0.300850534780973,
        "5": 0.5226724591277094,
        "6": 0.5084869112509287,
        "7": 0.5069361415663688,
        "8": 0.6332463155586388,
        "9": 0.5024077951039917
      }
    },
    "Joint": {
      "stable": {
        "0": 7.788700995270403e-09,