{
  "Static": {
    "test": {
      "n": 763,
      "probe_subj": {
        "accuracy": 0.8754914809960681,
        "f1": 0.8133595284872298,
        "auroc": 0.9391121163068638
      },
      "probe_sent": {
        "accuracy": 0.8807339449541285,
        "f1": 0.821917808219178,
        "auroc": 0.9404434123538221
      },
      "precision_at_5": 0.8078636959370904,
      "cluster_ari": 0.004016327589109759,
      "cluster_nmi": 0.0005479753013012835
    },
    "hard_verb": {
      "n": 215,
      "probe_subj": {
        "accuracy": 0.5302325581395348,
        "f1": 0.4093567251461988,
        "auroc": 0.41342222222222225
      },
      "probe_sent": {
        "accuracy": 0.5162790697674419,
        "f1": 0.38823529411764707,
        "auroc": 0.3991111111111111
      },
      "precision_at_5": 0.7469767441860465,
      "cluster_ari": -0.005585168214126398,
      "cluster_nmi": 0.000327691616324307
    },
    "hard_both": {
      "n": 69,
      "probe_subj": {
        "accuracy": 0.2753623188405797,
        "f1": 0.0,
        "auroc": 0.02611218568665377
      },
      "probe_sent": {
        "accuracy": 0.21739130434782608,
        "f1": 0.0,
        "auroc": 0.04158607350096712
      },
      "precision_at_5": 0.7623188405797101,
      "cluster_ari": 0.012180407678491831,
      "cluster_nmi": 0.030887938010496566
    },
    "ambiguous_test": {
      "n": 5000,
      "probe_subj": {
        "accuracy": 0.5782,
        "f1": 0.39828815977175464,
        "auroc": 0.5559503545377635
      },
      "probe_sent": {
        "accuracy": 0.5732,
        "f1": 0.39785553047404065,
        "auroc": 0.5513716352345706
      },
      "precision_at_5": 0.6392,
      "cluster_ari": -0.005457897202416102,
      "cluster_nmi": 0.0010188581006544137
    },
    "continuation": {
      "n": 794,
      "probe_subj": {
        "accuracy": 0.7355163727959698,
        "f1": 0.7131147540983607,
        "auroc": 0.798127798127798
      },
      "probe_sent": {
        "accuracy": 0.7342569269521411,
        "f1": 0.7160161507402423,
        "auroc": 0.778381919006919
      },
      "precision_at_5": 0.7501259445843829,
      "cluster_ari": 0.003996595294210212,
      "cluster_nmi": 0.0028535893641274206
    },
    "interpolation": {
      "n": 398,
      "probe_subj": {
        "accuracy": 0.7688442211055276,
        "f1": 0.6891891891891891,
        "auroc": 0.8041801075268818
      },
      "probe_sent": {
        "accuracy": 0.7713567839195979,
        "f1": 0.6956521739130435,
        "auroc": 0.792271505376344
      },
      "precision_at_5": 0.7180904522613065,
      "cluster_ari": 0.003780263354858835,
      "cluster_nmi": 0.0011272989966390249
    },
    "contrastive": {
      "sign_flip_rate": 0.0,
      "n_pairs": 29,
      "n_correct": 0
    }
  },
  "Additive": {
    "test": {
      "n": 763,
      "probe_subj": {
        "accuracy": 0.8807339449541285,
        "f1": 0.8212180746561886,
        "auroc": 0.950356272976203
      },
      "probe_sent": {
        "accuracy": 0.8807339449541285,
        "f1": 0.821917808219178,
        "auroc": 0.9505075566179029
      },
      "precision_at_5": 0.8136304062909567,
      "cluster_ari": -0.00028387159966253484,
      "cluster_nmi": 0.0007666722947141931
    },
    "hard_verb": {
      "n": 215,
      "probe_subj": {
        "accuracy": 0.5162790697674419,
        "f1": 0.3953488372093023,
        "auroc": 0.3832
      },
      "probe_sent": {
        "accuracy": 0.5162790697674419,
        "f1": 0.3953488372093023,
        "auroc": 0.3663111111111111
      },
      "precision_at_5": 0.9386046511627907,
      "cluster_ari": -0.0032120394359965703,
      "cluster_nmi": 0.0003037115306766008
    },
    "hard_both": {
      "n": 69,
      "probe_subj": {
        "accuracy": 0.2608695652173913,
        "f1": 0.03773584905660377,
        "auroc": 0.06286266924564798
      },
      "probe_sent": {
        "accuracy": 0.2898550724637681,
        "f1": 0.07547169811320754,
        "auroc": 0.08220502901353965
      },
      "precision_at_5": 0.7623188405797101,
      "cluster_ari": -0.005583201491570618,
      "cluster_nmi": 0.0017199442154628502
    },
    "ambiguous_test": {
      "n": 5000,
      "probe_subj": {
        "accuracy": 0.6036,
        "f1": 0.45519516217702033,
        "auroc": 0.5860449996947399
      },
      "probe_sent": {
        "accuracy": 0.601,
        "f1": 0.45357436318816763,
        "auroc": 0.5865580364800317
      },
      "precision_at_5": 0.68164,
      "cluster_ari": -8.362876813902062e-06,
      "cluster_nmi": 7.657921701238712e-05
    },
    "continuation": {
      "n": 794,
      "probe_subj": {
        "accuracy": 0.7758186397984886,
        "f1": 0.7797029702970297,
        "auroc": 0.7889257733007733
      },
      "probe_sent": {
        "accuracy": 0.7858942065491183,
        "f1": 0.7911547911547911,
        "auroc": 0.7931420431420431
      },
      "precision_at_5": 0.7188916876574307,
      "cluster_ari": -0.0011009169644886833,
      "cluster_nmi": 0.00011699017059560003
    },
    "interpolation": {
      "n": 398,
      "probe_subj": {
        "accuracy": 0.7713567839195979,
        "f1": 0.7129337539432177,
        "auroc": 0.7828629032258063
      },
      "probe_sent": {
        "accuracy": 0.7713567839195979,
        "f1": 0.7111111111111111,
        "auroc": 0.7821639784946236
      },
      "precision_at_5": 0.6974874371859296,
      "cluster_ari": -0.0017501178010436178,
      "cluster_nmi": 0.00013006289651555484
    },
    "contrastive": {
      "sign_flip_rate": 0.5172413793103449,
      "n_pairs": 29,
      "n_correct": 15
    }
  },
  "Joint": {
    "test": {
      "n": 763,
      "probe_subj": {
        "accuracy": 0.8925294888597641,
        "f1": 0.8392156862745098,
        "auroc": 0.9611125399010605
      },
      "probe_sent": {
        "accuracy": 0.8846657929226737,
        "f1": 0.8320610687022901,
        "auroc": 0.9608251009818308
      },
      "precision_at_5": 0.8495412844036697,
      "cluster_ari": -0.00028387159966253484,
      "cluster_nmi": 0.0007666722947141931
    },
    "hard_verb": {
      "n": 215,
      "probe_subj": {
        "accuracy": 0.4604651162790698,
        "f1": 0.35555555555555557,
        "auroc": 0.3095111111111111
      },
      "probe_sent": {
        "accuracy": 0.49767441860465117,
        "f1": 0.425531914893617,
        "auroc": 0.3100444444444444
      },
      "precision_at_5": 0.9227906976744186,
      "cluster_ari": -0.0032120394359965703,
      "cluster_nmi": 0.0003037115306766008
    },
    "hard_both": {
      "n": 69,
      "probe_subj": {
        "accuracy": 0.21739130434782608,
        "f1": 0.12903225806451613,
        "auroc": 0.10348162475822051
      },
      "probe_sent": {
        "accuracy": 0.2028985507246377,
        "f1": 0.12698412698412698,
        "auroc": 0.09381044487427467
      },
      "precision_at_5": 0.8231884057971014,
      "cluster_ari": -0.005583201491570618,
      "cluster_nmi": 0.0017199442154628502
    },
    "ambiguous_test": {
      "n": 5000,
      "probe_subj": {
        "accuracy": 0.5938,
        "f1": 0.4524130493394446,
        "auroc": 0.5564577585480087
      },
      "probe_sent": {
        "accuracy": 0.5818,
        "f1": 0.4575875486381323,
        "auroc": 0.5648452331460102
      },
      "precision_at_5": 0.67864,
      "cluster_ari": -8.362876813902062e-06,
      "cluster_nmi": 7.657921701238712e-05
    },
    "continuation": {
      "n": 794,
      "probe_subj": {
        "accuracy": 0.7707808564231738,
        "f1": 0.7843601895734598,
        "auroc": 0.7733516483516485
      },
      "probe_sent": {
        "accuracy": 0.7707808564231738,
        "f1": 0.7828162291169452,
        "auroc": 0.7787253256003256
      },
      "precision_at_5": 0.7022670025188917,
      "cluster_ari": -0.0011009169644886833,
      "cluster_nmi": 0.00011699017059560003
    },
    "interpolation": {
      "n": 398,
      "probe_subj": {
        "accuracy": 0.7638190954773869,