{
  "Static": {
    "test": {
      "n": 763,
      "probe_subj": {
        "accuracy": 0.8689384010484927,
        "f1": 0.8054474708171206,
        "auroc": 0.9303452292703589
      },
      "probe_sent": {
        "accuracy": 0.872870249017038,
        "f1": 0.8094302554027505,
        "auroc": 0.9473343822332492
      },
      "precision_at_5": 0.7955439056356488,
      "cluster_ari": -0.015820556017524804,
      "cluster_nmi": 0.0031797403224576625
    },
    "hard_verb": {
      "n": 215,
      "probe_subj": {
        "accuracy": 0.5116279069767442,
        "f1": 0.4,
        "auroc": 0.3990222222222222
      },
      "probe_sent": {
        "accuracy": 0.5116279069767442,
        "f1": 0.4,
        "auroc": 0.3661333333333333
      },
      "precision_at_5": 0.8483720930232558,
      "cluster_ari": -0.014067762868245248,
      "cluster_nmi": 0.0104109154651285
    },
    "hard_both": {
      "n": 69,
      "probe_subj": {
        "accuracy": 0.2753623188405797,
        "f1": 0.0,
        "auroc": 0.11508704061895553
      },
      "probe_sent": {
        "accuracy": 0.18840579710144928,
        "f1": 0.0,
        "auroc": 0.0019342359767891711
      },
      "precision_at_5": 0.7420289855072464,
      "cluster_ari": 0.010833019706195138,
      "cluster_nmi": 0.0018876354328465528
    },
    "ambiguous_test": {
      "n": 5000,
      "probe_subj": {
        "accuracy": 0.5688,
        "f1": 0.3954010095344924,
        "auroc": 0.5445740568190738
      },
      "probe_sent": {
        "accuracy": 0.558,
        "f1": 0.38916528468767275,
        "auroc": 0.5356365689931359
      },
      "precision_at_5": 0.63472,
      "cluster_ari": -0.016021900467371175,
      "cluster_nmi": 0.0025441181678145697
    },
    "continuation": {
      "n": 794,
      "probe_subj": {
        "accuracy": 0.7267002518891688,
        "f1": 0.7079407806191117,
        "auroc": 0.775278540903541
      },
      "probe_sent": {
        "accuracy": 0.7367758186397985,
        "f1": 0.7231788079470198,
        "auroc": 0.804347273097273
      },
      "precision_at_5": 0.7554156171284635,
      "cluster_ari": 0.005739177266256391,
      "cluster_nmi": 0.004191781185603367
    },
    "interpolation": {
      "n": 398,
      "probe_subj": {
        "accuracy": 0.7738693467336684,
        "f1": 0.697986577181208,
        "auroc": 0.7889650537634408
      },
      "probe_sent": {
        "accuracy": 0.7512562814070352,
        "f1": 0.6710963455149501,
        "auroc": 0.7742338709677421
      },
      "precision_at_5": 0.721608040201005,
      "cluster_ari": -0.017500090165450843,
      "cluster_nmi": 0.006869432756501486
    },
    "contrastive": {
      "sign_flip_rate": 0.0,
      "n_pairs": 29,
      "n_correct": 0
    }
  },
  "Additive": {
    "test": {
      "n": 763,
      "probe_subj": {
        "accuracy": 0.8872870249017037,
        "f1": 0.833976833976834,
        "auroc": 0.9518010317544363
      },
      "probe_sent": {
        "accuracy": 0.8899082568807339,
        "f1": 0.8372093023255814,
        "auroc": 0.9548947822271977
      },
      "precision_at_5": 0.7748361730013106,
      "cluster_ari": -0.00028387159966253484,
      "cluster_nmi": 0.0007666722947141931
    },
    "hard_verb": {
      "n": 215,
      "probe_subj": {
        "accuracy": 0.5069767441860465,
        "f1": 0.38372093023255816,
        "auroc": 0.4202666666666667
      },
      "probe_sent": {
        "accuracy": 0.5162790697674419,
        "f1": 0.4090909090909091,
        "auroc": 0.3901333333333334
      },
      "precision_at_5": 0.8874418604651163,
      "cluster_ari": -0.0032120394359965703,
      "cluster_nmi": 0.0003037115306766008
    },
    "hard_both": {
      "n": 69,
      "probe_subj": {
        "accuracy": 0.2028985507246377,
        "f1": 0.03508771929824561,
        "auroc": 0.06382978723404255
      },
      "probe_sent": {
        "accuracy": 0.17391304347826086,
        "f1": 0.03389830508474576,
        "auroc": 0.05319148936170214
      },
      "precision_at_5": 0.8,
      "cluster_ari": -0.005583201491570618,
      "cluster_nmi": 0.0017199442154628502
    },
    "ambiguous_test": {
      "n": 5000,
      "probe_subj": {
        "accuracy": 0.595,
        "f1": 0.4329319518342201,
        "auroc": 0.5882837552221276
      },
      "probe_sent": {
        "accuracy": 0.578,
        "f1": 0.4238121245221191,
        "auroc": 0.5777570980233684
      },
      "precision_at_5": 0.69428,
      "cluster_ari": -8.362876813902062e-06,
      "cluster_nmi": 7.657921701238712e-05
    },
    "continuation": {
      "n": 794,
      "probe_subj": {
        "accuracy": 0.7695214105793451,
        "f1": 0.7771010962241169,
        "auroc": 0.7873104904354906
      },
      "probe_sent": {
        "accuracy": 0.7468513853904282,
        "f1": 0.7581227436823105,
        "auroc": 0.7838001119251119
      },
      "precision_at_5": 0.7204030226700252,
      "cluster_ari": -0.0011009169644886833,
      "cluster_nmi": 0.00011699017059560003
    },
    "interpolation": {
      "n": 398,
      "probe_subj": {
        "accuracy": 0.7587939698492462,
        "f1": 0.6883116883116883,
        "auroc": 0.7941532258064516
      },
      "probe_sent": {
        "accuracy": 0.7562814070351759,
        "f1": 0.6840390879478827,
        "auroc": 0.7864112903225806
      },
      "precision_at_5": 0.7075376884422111,
      "cluster_ari": -0.0017501178010436178,
      "cluster_nmi": 0.00013006289651555484
    },
    "contrastive": {
      "sign_flip_rate": 0.5517241379310345,
      "n_pairs": 29,
      "n_correct": 16
    }
  },
  "Joint": {
    "test": {
      "n": 763,
      "probe_subj": {
        "accuracy": 0.8610747051114024,
        "f1": 0.7913385826771654,
        "auroc": 0.9288966884010832
      },
      "probe_sent": {
        "accuracy": 0.8558322411533421,
        "f1": 0.78515625,
        "auroc": 0.9318088985038048
      },
      "precision_at_5": 0.7570117955439056,
      "cluster_ari": -0.0005189832552757522,
      "cluster_nmi": 0.0029529406201781417
    },
    "hard_verb": {
      "n": 215,
      "probe_subj": {
        "accuracy": 0.5813953488372093,
        "f1": 0.47674418604651164,
        "auroc": 0.4949333333333333
      },
      "probe_sent": {
        "accuracy": 0.5581395348837209,
        "f1": 0.4692737430167598,
        "auroc": 0.44568888888888886
      },
      "precision_at_5": 0.8390697674418605,
      "cluster_ari": 0.0031684672470723837,
      "cluster_nmi": 0.004466945818425677
    },
    "hard_both": {
      "n": 69,
      "probe_subj": {
        "accuracy": 0.3188405797101449,
        "f1": 0.0784313725490196,
        "auroc": 0.1160541586073501
      },
      "probe_sent": {
        "accuracy": 0.17391304347826086,
        "f1": 0.0,
        "auroc": 0.014506769825918763
      },
      "precision_at_5": 0.7884057971014493,
      "cluster_ari": -0.012276409535210777,
      "cluster_nmi": 3.997272331737276e-05
    },
    "ambiguous_test": {
      "n": 5000,
      "probe_subj": {
        "accuracy": 0.6158,
        "f1": 0.46265734265734265,
        "auroc": 0.5924849877459888
      },
      "probe_sent": {
        "accuracy": 0.5862,
        "f1": 0.43112455320318943,
        "auroc": 0.57340605185351
      },
      "precision_at_5": 0.6806,
      "cluster_ari": -0.0006094229805909522,
      "cluster_nmi": 6.288931830005099e-05
    },
    "continuation": {
      "n": 794,
      "probe_subj": {
        "accuracy": 0.7380352644836272,
        "f1": 0.7598152424942263,
        "auroc": 0.7806903744403745
      },
      "probe_sent": {
        "accuracy": 0.7682619647355163,
        "f1": 0.7772397094430993,
        "auroc": 0.7776315120065119
      },
      "precision_at_5": 0.7206549118387909,
      "cluster_ari": 0.00013276617872712206,
      "cluster_nmi": 0.0016685743036674316
    },
    "interpolation": {
      "n": 398,
      "probe_subj": {
        "accuracy": 0.7587939698492462,
        "f1": 0.6821192052980133,