{
  "run_id": "20260528_023",
  "k": 10,
  "drift_score": {
    "Static": {
      "0": 0.6692307692307693,
      "1": 0.5517241379310345,
      "2": 0.5757575757575758,
      "3": 0.6608695652173914,
      "4": 0.5925925925925926,
      "5": 0.49655172413793097,
      "6": 0.5666666666666667,
      "7": 0.4913043478260869,
      "8": 0.503448275862069,
      "9": 0.4733333333333334
    },
    "Additive": {
      "0": 0.8423076923076924,
      "1": 0.7275862068965515,
      "2": 0.6909090909090908,
      "3": 0.7391304347826086,
      "4": 0.5666666666666667,
      "5": 0.5137931034482759,
      "6": 0.47777777777777775,
      "7": 0.39999999999999997,
      "8": 0.3137931034482758,
      "9": 0.3266666666666667
    },
    "Joint": {
      "0": 0.8269230769230768,
      "1": 0.7586206896551725,
      "2": 0.703030303030303,
      "3": 0.7304347826086955,
      "4": 0.5296296296296297,
      "5": 0.4931034482758621,
      "6": 0.41851851851851846,
      "7": 0.37391304347826093,
      "8": 0.3241379310344828,
      "9": 0.3566666666666667
    },
    "Timeformer": {
      "0": 0.8384615384615384,
      "1": 0.6620689655172415,
      "2": 0.603030303030303,
      "3": 0.6695652173913045,
      "4": 0.5740740740740741,
      "5": 0.4517241379310345,
      "6": 0.4666666666666667,
      "7": 0.3565217391304348,
      "8": 0.3103448275862069,
      "9": 0.22333333333333333
    }
  },
  "drift_score_by_class": {
    "Static": {
      "stable": {
        "0": 0.7217391304347827,
        "1": 0.75,
        "2": 0.773076923076923,
        "3": 0.782608695652174,
        "4": 0.7624999999999998,
        "5": 0.8379310344827585,
        "6": 0.7678571428571429,
        "7": 0.8086956521739131,
        "8": 0.7208333333333332,
        "9": 0.7681818181818183
      },
      "drift": {
        "0": 0.6692307692307693,
        "1": 0.5517241379310345,
        "2": 0.5757575757575758,
        "3": 0.6608695652173914,
        "4": 0.5925925925925926,
        "5": 0.49655172413793097,
        "6": 0.5666666666666667,
        "7": 0.4913043478260869,
        "8": 0.503448275862069,
        "9": 0.4733333333333334
      },
      "bifurc": {
        "0": 0.8,
        "1": 0.7678571428571429,
        "2": 0.7956521739130435,
        "3": 0.7434782608695653,
        "4": 0.7384615384615384,
        "5": 0.5499999999999999,
        "6": 0.5714285714285714,
        "7": 0.5047619047619047,
        "8": 0.7000000000000001,
        "9": 0.6124999999999999
      }
    },
    "Additive": {
      "stable": {
        "0": 0.7782608695652173,
        "1": 0.8099999999999998,
        "2": 0.8500000000000001,
        "3": 0.8173913043478261,
        "4": 0.7291666666666666,
        "5": 0.7862068965517242,
        "6": 0.7214285714285715,
        "7": 0.726086956521739,
        "8": 0.6583333333333333,
        "9": 0.7681818181818184
      },
      "drift": {
        "0": 0.8423076923076924,
        "1": 0.7275862068965515,
        "2": 0.6909090909090908,
        "3": 0.7391304347826086,
        "4": 0.5666666666666667,
        "5": 0.5137931034482759,
        "6": 0.47777777777777775,
        "7": 0.39999999999999997,
        "8": 0.3137931034482758,
        "9": 0.3266666666666667
      },
      "bifurc": {
        "0": 0.8807692307692309,
        "1": 0.8214285714285713,
        "2": 0.8217391304347827,
        "3": 0.6739130434782609,
        "4": 0.7192307692307692,
        "5": 0.5416666666666666,
        "6": 0.5285714285714287,
        "7": 0.44761904761904764,
        "8": 0.6210526315789474,
        "9": 0.5708333333333333
      }
    },
    "Joint": {
      "stable": {
        "0": 0.7739130434782611,
        "1": 0.7999999999999999,
        "2": 0.8038461538461539,
        "3": 0.7999999999999999,
        "4": 0.7291666666666666,
        "5": 0.7586206896551724,
        "6": 0.6964285714285714,
        "7": 0.6869565217391304,
        "8": 0.6083333333333333,
        "9": 0.6772727272727272
      },
      "drift": {
        "0": 0.8269230769230768,
        "1": 0.7586206896551725,
        "2": 0.703030303030303,
        "3": 0.7304347826086955,
        "4": 0.5296296296296297,
        "5": 0.4931034482758621,
        "6": 0.41851851851851846,
        "7": 0.37391304347826093,
        "8": 0.3241379310344828,
        "9": 0.3566666666666667
      },
      "bifurc": {
        "0": 0.9230769230769231,
        "1": 0.8142857142857142,
        "2": 0.8826086956521738,
        "3": 0.7521739130434782,
        "4": 0.7269230769230769,
        "5": 0.5499999999999999,
        "6": 0.47142857142857136,
        "7": 0.4714285714285714,
        "8": 0.5894736842105264,
        "9": 0.5958333333333333
      }
    },
    "Timeformer": {
      "stable": {
        "0": 0.8217391304347825,
        "1": 0.8033333333333331,
        "2": 0.7999999999999999,
        "3": 0.7782608695652175,
        "4": 0.7208333333333332,
        "5": 0.7689655172413792,
        "6": 0.75,
        "7": 0.7565217391304347,
        "8": 0.6333333333333333,
        "9": 0.7454545454545456
      },
      "drift": {
        "0": 0.8384615384615384,
        "1": 0.6620689655172415,
        "2": 0.603030303030303,
        "3": 0.6695652173913045,
        "4": 0.5740740740740741,
        "5": 0.4517241379310345,
        "6": 0.4666666666666667,
        "7": 0.3565217391304348,
        "8": 0.3103448275862069,
        "9": 0.22333333333333333
      },
      "bifurc": {
        "0": 0.9230769230769231,
        "1": 0.8464285714285714,
        "2": 0.8826086956521736,
        "3": 0.7391304347826086,
        "4": 0.7192307692307692,
        "5": 0.5333333333333333,
        "6": 0.45714285714285713,
        "7": 0.419047619047619,
        "8": 0.5421052631578948,
        "9": 0.5708333333333333
      }
    }
  },
  "trajectory_dist": {
    "Static": {
      "stable": {
        "0": -1.0576917186533307e-08,
        "1": 0.04787260235529138,
        "2": 0.023131109073094146,
        "3": 0.055387677359472906,
        "4": 0.06055807137922845,
        "5": 0.06469111408304508,
        "6": 0.02946013719913767,
        "7": 0.05346613389439893,
        "8": 0.024857141418641912,
        "9": 0.06239446443393008
      },
      "drift": {
        "0": 7.846011296219756e-09,
        "1": 0.1044800303560943,
        "2": 0.0684755727250158,
        "3": 0.10896227547917073,
        "4": 0.048209292701082804,
        "5": 0.13368697560077877,
        "6": 0.04663163674767114,
        "7": 0.07285261518638866,
        "8": 0.042047879626198936,
        "9": 0.03155770203897131
      },
      "bifurc": {
        "0": -1.8592387296401114e-08,
        "1": 0.0246697359283229,
        "2": 0.04754982711030348,
        "3": 0.04588936225672121,
        "4": 0.032871840562286994,
        "5": 0.11032423377037218,
        "6": 0.1205729153940907,
        "7": 0.08271854681051288,
        "8": 0.04645332601808569,
        "9": 0.04835780174944534
      }
    },
    "Additive": {
      "stable": {
        "0": -7.9207410408344e-09,
        "1": 0.42300722339649466,
        "2": 0.2172649770195739,
        "3": 0.3834974653158567,
        "4": 0.5558253919908885,
        "5": 0.378727773976712,
        "6": 0.4110270899024955,
        "7": 0.3407163376463605,
        "8": 0.5164577007505406,
        "9": 0.527750117660327
      },
      "drift": {
        "0": 7.627471776405769e-09,
        "1": 0.2515807868911365,
        "2": 0.2928395179800559,
        "3": 0.3602527155816754,
        "4": 0.43267554989885293,
        "5": 0.3137928497888179,
        "6": 0.36388964618503106,
        "7": 0.49894962710679486,
        "8": 0.36253859695847435,
        "9": 0.45714115778903
      },
      "bifurc": {
        "0": -1.0292786445376124e-08,
        "1": 0.16462031178967956,
        "2": 0.21241434839135137,
        "3": 0.22831639152639477,
        "4": 0.2833917078047203,
        "5": 0.45661981642824695,
        "6": 0.4296166478405323,
        "7": 0.4373599798925951,
        "8": 0.527517880949052,