{
  "Static": {
    "test": {
      "n": 763,
      "probe_subj": {
        "accuracy": 0.8754914809960681,
        "f1": 0.817658349328215,
        "auroc": 0.948234519901363
      },
      "probe_sent": {
        "accuracy": 0.8938401048492791,
        "f1": 0.8462998102466793,
        "auroc": 0.9574892966823498
      },
      "precision_at_5": 0.8280471821756226,
      "cluster_ari": 0.06115063376628334,
      "cluster_nmi": 0.0222973783086111
    },
    "hard_verb": {
      "n": 215,
      "probe_subj": {
        "accuracy": 0.5023255813953489,
        "f1": 0.3954802259887006,
        "auroc": 0.3622222222222222
      },
      "probe_sent": {
        "accuracy": 0.5069767441860465,
        "f1": 0.4111111111111111,
        "auroc": 0.3214222222222223
      },
      "precision_at_5": 0.8530232558139534,
      "cluster_ari": 0.031082617407322675,
      "cluster_nmi": 0.01599554719731792
    },
    "hard_both": {
      "n": 69,
      "probe_subj": {
        "accuracy": 0.2608695652173913,
        "f1": 0.03773584905660377,
        "auroc": 0.024177949709864605
      },
      "probe_sent": {
        "accuracy": 0.15942028985507245,
        "f1": 0.0,
        "auroc": 0.010638297872340425
      },
      "precision_at_5": 0.8115942028985508,
      "cluster_ari": 0.12111856802741372,
      "cluster_nmi": 0.05839871004359806
    },
    "ambiguous_test": {
      "n": 5000,
      "probe_subj": {
        "accuracy": 0.5622,
        "f1": 0.4123489932885906,
        "auroc": 0.5413594684404699
      },
      "probe_sent": {
        "accuracy": 0.5432,
        "f1": 0.3967247754886424,
        "auroc": 0.5321901283255177
      },
      "precision_at_5": 0.63704,
      "cluster_ari": 0.09419134622909651,
      "cluster_nmi": 0.037167923437262385
    },
    "continuation": {
      "n": 794,
      "probe_subj": {
        "accuracy": 0.7556675062972292,
        "f1": 0.7467362924281984,
        "auroc": 0.8030753968253969
      },
      "probe_sent": {
        "accuracy": 0.7443324937027708,
        "f1": 0.7339449541284404,
        "auroc": 0.7900323056573056
      },
      "precision_at_5": 0.7503778337531486,
      "cluster_ari": 0.06199187031630797,
      "cluster_nmi": 0.09377760636110063
    },
    "interpolation": {
      "n": 398,
      "probe_subj": {
        "accuracy": 0.7788944723618091,
        "f1": 0.7124183006535948,
        "auroc": 0.8032930107526882
      },
      "probe_sent": {
        "accuracy": 0.7738693467336684,
        "f1": 0.7133757961783439,
        "auroc": 0.7903897849462366
      },
      "precision_at_5": 0.7311557788944724,
      "cluster_ari": 0.16339175321480442,
      "cluster_nmi": 0.1018861964138185
    },
    "contrastive": {
      "sign_flip_rate": 0.0,
      "n_pairs": 29,
      "n_correct": 0
    }
  },
  "Additive": {
    "test": {
      "n": 763,
      "probe_subj": {
        "accuracy": 0.8925294888597641,
        "f1": 0.83984375,
        "auroc": 0.9640247500037822
      },
      "probe_sent": {
        "accuracy": 0.891218872870249,
        "f1": 0.8382066276803118,
        "auroc": 0.963275895977368
      },
      "precision_at_5": 0.8385321100917431,
      "cluster_ari": -0.00028387159966253484,
      "cluster_nmi": 0.0007666722947141931
    },
    "hard_verb": {
      "n": 215,
      "probe_subj": {
        "accuracy": 0.4883720930232558,
        "f1": 0.38202247191011235,
        "auroc": 0.3209777777777778
      },
      "probe_sent": {
        "accuracy": 0.4930232558139535,
        "f1": 0.384180790960452,
        "auroc": 0.32266666666666666
      },
      "precision_at_5": 0.9655813953488372,
      "cluster_ari": -0.0032120394359965703,
      "cluster_nmi": 0.0003037115306766008
    },
    "hard_both": {
      "n": 69,
      "probe_subj": {
        "accuracy": 0.2028985507246377,
        "f1": 0.03508771929824561,
        "auroc": 0.026112185686653768
      },
      "probe_sent": {
        "accuracy": 0.15942028985507245,
        "f1": 0.0,
        "auroc": 0.017408123791102518
      },
      "precision_at_5": 0.9217391304347826,
      "cluster_ari": -0.005583201491570618,
      "cluster_nmi": 0.0017199442154628502
    },
    "ambiguous_test": {
      "n": 5000,
      "probe_subj": {
        "accuracy": 0.5766,
        "f1": 0.43711778782238764,
        "auroc": 0.5676502642680008
      },
      "probe_sent": {
        "accuracy": 0.5748,
        "f1": 0.43306666666666666,
        "auroc": 0.5654354026089561
      },
      "precision_at_5": 0.67444,
      "cluster_ari": -8.362876813902062e-06,
      "cluster_nmi": 7.657921701238712e-05
    },
    "continuation": {
      "n": 794,
      "probe_subj": {
        "accuracy": 0.7770780856423174,
        "f1": 0.7905325443786982,
        "auroc": 0.7847540191290191
      },
      "probe_sent": {
        "accuracy": 0.7758186397984886,
        "f1": 0.7875894988066826,
        "auroc": 0.7841149013024012
      },
      "precision_at_5": 0.7105793450881612,
      "cluster_ari": -0.0011009169644886833,
      "cluster_nmi": 0.00011699017059560003
    },
    "interpolation": {
      "n": 398,
      "probe_subj": {
        "accuracy": 0.7613065326633166,
        "f1": 0.7040498442367601,
        "auroc": 0.7894758064516129
      },
      "probe_sent": {
        "accuracy": 0.7512562814070352,
        "f1": 0.6934984520123839,
        "auroc": 0.7859005376344085
      },
      "precision_at_5": 0.7120603015075377,
      "cluster_ari": -0.0017501178010436178,
      "cluster_nmi": 0.00013006289651555484
    },
    "contrastive": {
      "sign_flip_rate": 0.5517241379310345,
      "n_pairs": 29,
      "n_correct": 16
    }
  },
  "Joint": {
    "test": {
      "n": 763,
      "probe_subj": {
        "accuracy": 0.8872870249017037,
        "f1": 0.8252032520325203,
        "auroc": 0.9569068546618054
      },
      "probe_sent": {
        "accuracy": 0.8781127129750983,
        "f1": 0.8113590263691683,
        "auroc": 0.9576784012344745
      },
      "precision_at_5": 0.8290956749672346,
      "cluster_ari": -0.0013413204722049188,
      "cluster_nmi": 0.0003445179033870892
    },
    "hard_verb": {
      "n": 215,
      "probe_subj": {
        "accuracy": 0.4790697674418605,
        "f1": 0.3563218390804598,
        "auroc": 0.3095111111111111
      },
      "probe_sent": {
        "accuracy": 0.4604651162790698,
        "f1": 0.32558139534883723,
        "auroc": 0.3067555555555555
      },
      "precision_at_5": 0.892093023255814,
      "cluster_ari": -0.004482080012848917,
      "cluster_nmi": 5.075519501534555e-06
    },
    "hard_both": {
      "n": 69,
      "probe_subj": {
        "accuracy": 0.30434782608695654,
        "f1": 0.0,
        "auroc": 0.0735009671179884
      },
      "probe_sent": {
        "accuracy": 0.2753623188405797,
        "f1": 0.0,
        "auroc": 0.08510638297872342
      },
      "precision_at_5": 0.8492753623188406,
      "cluster_ari": 0.0022551602603248827,
      "cluster_nmi": 0.006157439897719199
    },
    "ambiguous_test": {
      "n": 5000,
      "probe_subj": {
        "accuracy": 0.5896,
        "f1": 0.4140491147915477,
        "auroc": 0.5598072609740994
      },
      "probe_sent": {
        "accuracy": 0.5794,
        "f1": 0.41042893187552565,
        "auroc": 0.5487754710453558
      },
      "precision_at_5": 0.67092,
      "cluster_ari": 0.001202105883931258,
      "cluster_nmi": 0.0004470128721800821
    },
    "continuation": {
      "n": 794,
      "probe_subj": {
        "accuracy": 0.7506297229219143,
        "f1": 0.7461538461538462,
        "auroc": 0.7803628663003663
      },
      "probe_sent": {
        "accuracy": 0.7279596977329975,
        "f1": 0.7272727272727273,
        "auroc": 0.7669700091575091
      },
      "precision_at_5": 0.6730478589420655,
      "cluster_ari": 0.0005699320882135049,
      "cluster_nmi": 0.0015826048146670192
    },
    "interpolation": {
      "n": 398,
      "probe_subj": {
        "accuracy": 0.7663316582914573,
        "f1": 0.693069306930693,