{
  "run_id": "20260528_013",
  "k": 10,
  "drift_score": {
    "Static": {
      "0": 0.6038461538461538,
      "1": 0.5448275862068965,
      "2": 0.5424242424242424,
      "3": 0.6130434782608696,
      "4": 0.5370370370370371,
      "5": 0.4655172413793104,
      "6": 0.5222222222222223,
      "7": 0.4826086956521739,
      "8": 0.406896551724138,
      "9": 0.4133333333333332
    },
    "Additive": {
      "0": 0.8923076923076921,
      "1": 0.7793103448275861,
      "2": 0.7000000000000001,
      "3": 0.7347826086956523,
      "4": 0.5851851851851851,
      "5": 0.4862068965517241,
      "6": 0.4814814814814814,
      "7": 0.3695652173913043,
      "8": 0.3379310344827586,
      "9": 0.26999999999999996
    },
    "Joint": {
      "0": 0.8269230769230769,
      "1": 0.789655172413793,
      "2": 0.7272727272727273,
      "3": 0.7217391304347825,
      "4": 0.6481481481481481,
      "5": 0.48275862068965525,
      "6": 0.4555555555555555,
      "7": 0.3652173913043478,
      "8": 0.2689655172413793,
      "9": 0.22999999999999998
    },
    "Timeformer": {
      "0": 0.8,
      "1": 0.7758620689655172,
      "2": 0.7515151515151516,
      "3": 0.7521739130434781,
      "4": 0.6037037037037037,
      "5": 0.5379310344827586,
      "6": 0.5222222222222223,
      "7": 0.41304347826086957,
      "8": 0.3896551724137931,
      "9": 0.3433333333333334
    }
  },
  "drift_score_by_class": {
    "Static": {
      "stable": {
        "0": 0.7347826086956522,
        "1": 0.76,
        "2": 0.8153846153846154,
        "3": 0.7999999999999999,
        "4": 0.7916666666666666,
        "5": 0.8655172413793103,
        "6": 0.8035714285714286,
        "7": 0.7956521739130435,
        "8": 0.7041666666666667,
        "9": 0.8136363636363637
      },
      "drift": {
        "0": 0.6038461538461538,
        "1": 0.5448275862068965,
        "2": 0.5424242424242424,
        "3": 0.6130434782608696,
        "4": 0.5370370370370371,
        "5": 0.4655172413793104,
        "6": 0.5222222222222223,
        "7": 0.4826086956521739,
        "8": 0.406896551724138,
        "9": 0.4133333333333332
      },
      "bifurc": {
        "0": 0.8076923076923077,
        "1": 0.7392857142857141,
        "2": 0.7869565217391304,
        "3": 0.7608695652173914,
        "4": 0.7653846153846153,
        "5": 0.6208333333333333,
        "6": 0.6190476190476191,
        "7": 0.580952380952381,
        "8": 0.7052631578947369,
        "9": 0.7041666666666666
      }
    },
    "Additive": {
      "stable": {
        "0": 0.7608695652173914,
        "1": 0.7999999999999999,
        "2": 0.8384615384615384,
        "3": 0.8260869565217391,
        "4": 0.7916666666666666,
        "5": 0.8206896551724138,
        "6": 0.7714285714285714,
        "7": 0.791304347826087,
        "8": 0.6416666666666666,
        "9": 0.7272727272727273
      },
      "drift": {
        "0": 0.8923076923076921,
        "1": 0.7793103448275861,
        "2": 0.7000000000000001,
        "3": 0.7347826086956523,
        "4": 0.5851851851851851,
        "5": 0.4862068965517241,
        "6": 0.4814814814814814,
        "7": 0.3695652173913043,
        "8": 0.3379310344827586,
        "9": 0.26999999999999996
      },
      "bifurc": {
        "0": 0.8730769230769231,
        "1": 0.8357142857142856,
        "2": 0.8608695652173912,
        "3": 0.7956521739130435,
        "4": 0.7846153846153846,
        "5": 0.5458333333333333,
        "6": 0.5333333333333333,
        "7": 0.46190476190476193,
        "8": 0.5842105263157894,
        "9": 0.5833333333333334
      }
    },
    "Joint": {
      "stable": {
        "0": 0.8130434782608696,
        "1": 0.8266666666666665,
        "2": 0.8346153846153845,
        "3": 0.8304347826086957,
        "4": 0.7374999999999999,
        "5": 0.8206896551724138,
        "6": 0.7357142857142857,
        "7": 0.7391304347826086,
        "8": 0.6666666666666666,
        "9": 0.6772727272727272
      },
      "drift": {
        "0": 0.8269230769230769,
        "1": 0.789655172413793,
        "2": 0.7272727272727273,
        "3": 0.7217391304347825,
        "4": 0.6481481481481481,
        "5": 0.48275862068965525,
        "6": 0.4555555555555555,
        "7": 0.3652173913043478,
        "8": 0.2689655172413793,
        "9": 0.22999999999999998
      },
      "bifurc": {
        "0": 0.8653846153846154,
        "1": 0.825,
        "2": 0.8782608695652173,
        "3": 0.7565217391304347,
        "4": 0.7576923076923077,
        "5": 0.5416666666666666,
        "6": 0.5095238095238097,
        "7": 0.43333333333333324,
        "8": 0.5210526315789474,
        "9": 0.5750000000000001
      }
    },
    "Timeformer": {
      "stable": {
        "0": 0.8130434782608696,
        "1": 0.8333333333333331,
        "2": 0.8423076923076922,
        "3": 0.8304347826086955,
        "4": 0.775,
        "5": 0.7965517241379311,
        "6": 0.7464285714285713,
        "7": 0.7956521739130433,
        "8": 0.6708333333333334,
        "9": 0.6454545454545454
      },
      "drift": {
        "0": 0.8,
        "1": 0.7758620689655172,
        "2": 0.7515151515151516,
        "3": 0.7521739130434781,
        "4": 0.6037037037037037,
        "5": 0.5379310344827586,
        "6": 0.5222222222222223,
        "7": 0.41304347826086957,
        "8": 0.3896551724137931,
        "9": 0.3433333333333334
      },
      "bifurc": {
        "0": 0.8038461538461538,
        "1": 0.8142857142857142,
        "2": 0.8043478260869565,
        "3": 0.7695652173913043,
        "4": 0.7884615384615384,
        "5": 0.6125,
        "6": 0.5047619047619049,
        "7": 0.46190476190476193,
        "8": 0.5263157894736842,
        "9": 0.5708333333333333
      }
    }
  },
  "trajectory_dist": {
    "Static": {
      "stable": {
        "0": 8.247351379608859e-09,
        "1": 0.3925695860209292,
        "2": 0.14388510095395865,
        "3": 0.22903182616993453,
        "4": 0.37704261569163444,
        "5": 0.17792558883013604,
        "6": 0.2124602148977642,
        "7": 0.23661441662489502,
        "8": 0.2501807932873418,
        "9": 0.44156048196074177
      },
      "drift": {
        "0": 2.5783090118469686e-08,
        "1": 0.08882840610745583,
        "2": 0.11417285571820206,
        "3": 0.09790063490891529,
        "4": 0.09961622637906743,
        "5": 0.15708761804938262,
        "6": 0.16226084816926395,
        "7": 0.16685216963979876,
        "8": 0.08961497320068114,
        "9": 0.10001934669111792
      },
      "bifurc": {
        "0": -1.5036736722429113e-08,
        "1": 0.09776176554714569,
        "2": 0.1183142668601648,
        "3": 0.14288831121563728,
        "4": 0.10932774412060058,
        "5": 0.16395030959251328,
        "6": 0.1897084687017455,
        "7": 0.17090613094677687,
        "8": 0.19372033863306423,
        "9": 0.1297246241426891
      }
    },
    "Additive": {
      "stable": {
        "0": 2.9900816866934574e-08,
        "1": 0.44734873617848947,
        "2": 0.219025081436954,
        "3": 0.44205685419173973,
        "4": 0.5963584504896164,
        "5": 0.4079410440703356,
        "6": 0.459291596737199,
        "7": 0.31539016939654774,
        "8": 0.43821379072223915,
        "9": 0.4871680139306859
      },
      "drift": {
        "0": -2.689646039222282e-09,
        "1": 0.2623555397872904,
        "2": 0.29797955285706434,
        "3": 0.34880867225176554,
        "4": 0.3852275329509037,
        "5": 0.31595772570622627,
        "6": 0.35322056283414405,
        "7": 0.46820228621114424,
        "8": 0.30841740959213026,
        "9": 0.42297521723796344
      },
      "bifurc": {
        "0": 8.923235883528945e-09,
        "1": 0.15861088680735555,
        "2": 0.21725959590573987,
        "3": 0.3077865036402458,
        "4": 0.291175093471472,
        "5": 0.45371915324768225,
        "6": 0.4559379600019386,
        "7": 0.4768980044033564,
        "8": 0.49242072901033446,
        "9": 0.44001648919260095
      }
    },