{
  "Static": {
    "test": {
      "n": 763,
      "probe_subj": {
        "accuracy": 0.8610747051114024,
        "f1": 0.788,
        "auroc": 0.9278793059106518
      },
      "probe_sent": {
        "accuracy": 0.8807339449541285,
        "f1": 0.821917808219178,
        "auroc": 0.9453979516194914
      },
      "precision_at_5": 0.7884665792922674,
      "cluster_ari": 0.008227919782009393,
      "cluster_nmi": 0.0022879860281933896
    },
    "hard_verb": {
      "n": 215,
      "probe_subj": {
        "accuracy": 0.4930232558139535,
        "f1": 0.37714285714285717,
        "auroc": 0.4283555555555556
      },
      "probe_sent": {
        "accuracy": 0.4930232558139535,
        "f1": 0.39779005524861877,
        "auroc": 0.3984888888888889
      },
      "precision_at_5": 0.7674418604651163,
      "cluster_ari": 0.006997574029113548,
      "cluster_nmi": 0.0028734045726471922
    },
    "hard_both": {
      "n": 69,
      "probe_subj": {
        "accuracy": 0.2318840579710145,
        "f1": 0.07017543859649122,
        "auroc": 0.09284332688588008
      },
      "probe_sent": {
        "accuracy": 0.11594202898550725,
        "f1": 0.0,
        "auroc": 0.004835589941972923
      },
      "precision_at_5": 0.6869565217391305,
      "cluster_ari": -0.01844646286881963,
      "cluster_nmi": 0.0172224803787055
    },
    "ambiguous_test": {
      "n": 5000,
      "probe_subj": {
        "accuracy": 0.5758,
        "f1": 0.4037109924093337,
        "auroc": 0.5533313866947311
      },
      "probe_sent": {
        "accuracy": 0.551,
        "f1": 0.3867795684239279,
        "auroc": 0.531977082237062
      },
      "precision_at_5": 0.63148,
      "cluster_ari": 0.005719515911598318,
      "cluster_nmi": 0.0008408139609180792
    },
    "continuation": {
      "n": 794,
      "probe_subj": {
        "accuracy": 0.7380352644836272,
        "f1": 0.7204301075268817,
        "auroc": 0.7890974765974765
      },
      "probe_sent": {
        "accuracy": 0.7191435768261965,
        "f1": 0.704635761589404,
        "auroc": 0.7691353785103786
      },
      "precision_at_5": 0.7322418136020151,
      "cluster_ari": 0.0014876300107974799,
      "cluster_nmi": 0.003181992283991377
    },
    "interpolation": {
      "n": 398,
      "probe_subj": {
        "accuracy": 0.7587939698492462,
        "f1": 0.68,
        "auroc": 0.8193145161290323
      },
      "probe_sent": {
        "accuracy": 0.7587939698492462,
        "f1": 0.68,
        "auroc": 0.7898252688172044
      },
      "precision_at_5": 0.700502512562814,
      "cluster_ari": 0.0337807742044961,
      "cluster_nmi": 0.013870918115956225
    },
    "contrastive": {
      "sign_flip_rate": 0.0,
      "n_pairs": 29,
      "n_correct": 0
    }
  },
  "Additive": {
    "test": {
      "n": 763,
      "probe_subj": {
        "accuracy": 0.8951507208387942,
        "f1": 0.8443579766536965,
        "auroc": 0.9607494591609809
      },
      "probe_sent": {
        "accuracy": 0.9003931847968545,
        "f1": 0.8515625,
        "auroc": 0.9613167728173553
      },
      "precision_at_5": 0.8306684141546526,
      "cluster_ari": -0.00028387159966253484,
      "cluster_nmi": 0.0007666722947141931
    },
    "hard_verb": {
      "n": 215,
      "probe_subj": {
        "accuracy": 0.5116279069767442,
        "f1": 0.4198895027624309,
        "auroc": 0.34328888888888887
      },
      "probe_sent": {
        "accuracy": 0.49767441860465117,
        "f1": 0.39325842696629215,
        "auroc": 0.3368
      },
      "precision_at_5": 0.8948837209302326,
      "cluster_ari": -0.0032120394359965703,
      "cluster_nmi": 0.0003037115306766008
    },
    "hard_both": {
      "n": 69,
      "probe_subj": {
        "accuracy": 0.14492753623188406,
        "f1": 0.0,
        "auroc": 0.031914893617021274
      },
      "probe_sent": {
        "accuracy": 0.18840579710144928,
        "f1": 0.0,
        "auroc": 0.03481624758220502
      },
      "precision_at_5": 0.7797101449275362,
      "cluster_ari": -0.005583201491570618,
      "cluster_nmi": 0.0017199442154628502
    },
    "ambiguous_test": {
      "n": 5000,
      "probe_subj": {
        "accuracy": 0.5678,
        "f1": 0.41420439143399296,
        "auroc": 0.5730665408801374
      },
      "probe_sent": {
        "accuracy": 0.569,
        "f1": 0.4139243948871362,
        "auroc": 0.570934808078635
      },
      "precision_at_5": 0.70104,
      "cluster_ari": -8.362876813902062e-06,
      "cluster_nmi": 7.657921701238712e-05
    },
    "continuation": {
      "n": 794,
      "probe_subj": {
        "accuracy": 0.7594458438287154,
        "f1": 0.7656441717791411,
        "auroc": 0.7847921754171754
      },
      "probe_sent": {
        "accuracy": 0.7619647355163728,
        "f1": 0.7680981595092025,
        "auroc": 0.7844805657305657
      },
      "precision_at_5": 0.7307304785894206,
      "cluster_ari": -0.0011009169644886833,
      "cluster_nmi": 0.00011699017059560003
    },
    "interpolation": {
      "n": 398,
      "probe_subj": {
        "accuracy": 0.7638190954773869,
        "f1": 0.7025316455696202,
        "auroc": 0.7889112903225806
      },
      "probe_sent": {
        "accuracy": 0.7587939698492462,
        "f1": 0.6942675159235668,
        "auroc": 0.7903629032258065
      },
      "precision_at_5": 0.7135678391959799,
      "cluster_ari": -0.0017501178010436178,
      "cluster_nmi": 0.00013006289651555484
    },
    "contrastive": {
      "sign_flip_rate": 0.41379310344827586,
      "n_pairs": 29,
      "n_correct": 12
    }
  },
  "Joint": {
    "test": {
      "n": 763,
      "probe_subj": {
        "accuracy": 0.8833551769331586,
        "f1": 0.8278529980657641,
        "auroc": 0.9502428102449282
      },
      "probe_sent": {
        "accuracy": 0.8754914809960681,
        "f1": 0.8155339805825242,
        "auroc": 0.9411884842891939
      },
      "precision_at_5": 0.8083879423328965,
      "cluster_ari": -0.0007526666948457319,
      "cluster_nmi": 0.0007317215342379388
    },
    "hard_verb": {
      "n": 215,
      "probe_subj": {
        "accuracy": 0.5162790697674419,
        "f1": 0.43478260869565216,
        "auroc": 0.4252444444444444
      },
      "probe_sent": {
        "accuracy": 0.5488372093023256,
        "f1": 0.4581005586592179,
        "auroc": 0.3872
      },
      "precision_at_5": 0.8772093023255814,
      "cluster_ari": -0.0038540901058748338,
      "cluster_nmi": 0.00011217498521766612
    },
    "hard_both": {
      "n": 69,
      "probe_subj": {
        "accuracy": 0.2028985507246377,
        "f1": 0.09836065573770492,
        "auroc": 0.08994197292069632
      },
      "probe_sent": {
        "accuracy": 0.15942028985507245,
        "f1": 0.03333333333333333,
        "auroc": 0.03191489361702128
      },
      "precision_at_5": 0.7710144927536232,
      "cluster_ari": 0.0022551602603248827,
      "cluster_nmi": 0.006157439897719199
    },
    "ambiguous_test": {
      "n": 5000,
      "probe_subj": {
        "accuracy": 0.5934,
        "f1": 0.4562717304092003,
        "auroc": 0.5796137333596922
      },
      "probe_sent": {
        "accuracy": 0.5928,
        "f1": 0.447939262472885,
        "auroc": 0.5716986850559207
      },
      "precision_at_5": 0.69,
      "cluster_ari": -0.00036219892502623583,
      "cluster_nmi": 0.0004636775200514339
    },
    "continuation": {
      "n": 794,
      "probe_subj": {
        "accuracy": 0.7695214105793451,
        "f1": 0.7869615832363213,
        "auroc": 0.7851610195360195
      },
      "probe_sent": {
        "accuracy": 0.7720403022670025,
        "f1": 0.7847800237812128,
        "auroc": 0.7798954517704518
      },
      "precision_at_5": 0.726448362720403,
      "cluster_ari": 0.0005727636306036849,
      "cluster_nmi": 0.0011660389341894427
    },
    "interpolation": {
      "n": 398,
      "probe_subj": {
        "accuracy": 0.7688442211055276,
        "f1": 0.7051282051282052,
        "auroc": 0.7918817204301074
      },