{
  "run_id": "20260528_031",
  "k": 10,
  "drift_score": {
    "Static": {
      "0": 0.7307692307692307,
      "1": 0.6758620689655174,
      "2": 0.6212121212121212,
      "3": 0.6608695652173914,
      "4": 0.5592592592592592,
      "5": 0.503448275862069,
      "6": 0.562962962962963,
      "7": 0.48260869565217385,
      "8": 0.4482758620689655,
      "9": 0.45
    },
    "Additive": {
      "0": 0.8923076923076922,
      "1": 0.8586206896551721,
      "2": 0.7454545454545455,
      "3": 0.7086956521739133,
      "4": 0.6296296296296297,
      "5": 0.5241379310344828,
      "6": 0.5,
      "7": 0.3391304347826086,
      "8": 0.2517241379310345,
      "9": 0.2666666666666666
    },
    "Joint": {
      "0": 0.8576923076923078,
      "1": 0.8448275862068966,
      "2": 0.7848484848484848,
      "3": 0.7608695652173914,
      "4": 0.562962962962963,
      "5": 0.4931034482758621,
      "6": 0.42962962962962964,
      "7": 0.3391304347826087,
      "8": 0.3172413793103448,
      "9": 0.24000000000000005
    },
    "Timeformer": {
      "0": 0.8653846153846152,
      "1": 0.7344827586206895,
      "2": 0.6818181818181818,
      "3": 0.7260869565217393,
      "4": 0.5592592592592592,
      "5": 0.5172413793103449,
      "6": 0.5222222222222221,
      "7": 0.36521739130434777,
      "8": 0.3448275862068966,
      "9": 0.29
    }
  },
  "drift_score_by_class": {
    "Static": {
      "stable": {
        "0": 0.7521739130434782,
        "1": 0.7699999999999999,
        "2": 0.7769230769230767,
        "3": 0.7826086956521737,
        "4": 0.7625000000000001,
        "5": 0.8103448275862069,
        "6": 0.7714285714285715,
        "7": 0.7956521739130435,
        "8": 0.725,
        "9": 0.7681818181818183
      },
      "drift": {
        "0": 0.7307692307692307,
        "1": 0.6758620689655174,
        "2": 0.6212121212121212,
        "3": 0.6608695652173914,
        "4": 0.5592592592592592,
        "5": 0.503448275862069,
        "6": 0.562962962962963,
        "7": 0.48260869565217385,
        "8": 0.4482758620689655,
        "9": 0.45
      },
      "bifurc": {
        "0": 0.8384615384615384,
        "1": 0.7464285714285712,
        "2": 0.7521739130434782,
        "3": 0.7782608695652173,
        "4": 0.7615384615384616,
        "5": 0.6,
        "6": 0.6142857142857143,
        "7": 0.5619047619047619,
        "8": 0.6631578947368421,
        "9": 0.6333333333333333
      }
    },
    "Additive": {
      "stable": {
        "0": 0.8652173913043477,
        "1": 0.8166666666666667,
        "2": 0.8307692307692307,
        "3": 0.7999999999999999,
        "4": 0.7374999999999999,
        "5": 0.7517241379310344,
        "6": 0.6928571428571428,
        "7": 0.7478260869565219,
        "8": 0.6333333333333334,
        "9": 0.6681818181818181
      },
      "drift": {
        "0": 0.8923076923076922,
        "1": 0.8586206896551721,
        "2": 0.7454545454545455,
        "3": 0.7086956521739133,
        "4": 0.6296296296296297,
        "5": 0.5241379310344828,
        "6": 0.5,
        "7": 0.3391304347826086,
        "8": 0.2517241379310345,
        "9": 0.2666666666666666
      },
      "bifurc": {
        "0": 0.8769230769230768,
        "1": 0.8142857142857143,
        "2": 0.8043478260869565,
        "3": 0.7478260869565219,
        "4": 0.7923076923076923,
        "5": 0.525,
        "6": 0.4428571428571429,
        "7": 0.4619047619047619,
        "8": 0.5105263157894736,
        "9": 0.4625000000000001
      }
    },
    "Joint": {
      "stable": {
        "0": 0.8956521739130434,
        "1": 0.86,
        "2": 0.8115384615384614,
        "3": 0.7999999999999999,
        "4": 0.7875,
        "5": 0.7896551724137931,
        "6": 0.675,
        "7": 0.7260869565217393,
        "8": 0.6291666666666667,
        "9": 0.5863636363636364
      },
      "drift": {
        "0": 0.8576923076923078,
        "1": 0.8448275862068966,
        "2": 0.7848484848484848,
        "3": 0.7608695652173914,
        "4": 0.562962962962963,
        "5": 0.4931034482758621,
        "6": 0.42962962962962964,
        "7": 0.3391304347826087,
        "8": 0.3172413793103448,
        "9": 0.24000000000000005
      },
      "bifurc": {
        "0": 0.8538461538461539,
        "1": 0.8892857142857142,
        "2": 0.8391304347826087,
        "3": 0.7652173913043478,
        "4": 0.7576923076923077,
        "5": 0.5499999999999999,
        "6": 0.5,
        "7": 0.4619047619047619,
        "8": 0.5263157894736842,
        "9": 0.5083333333333334
      }
    },
    "Timeformer": {
      "stable": {
        "0": 0.8956521739130434,
        "1": 0.8433333333333334,
        "2": 0.8423076923076922,
        "3": 0.8043478260869565,
        "4": 0.7416666666666666,
        "5": 0.7931034482758621,
        "6": 0.7178571428571429,
        "7": 0.7478260869565218,
        "8": 0.6458333333333334,
        "9": 0.6727272727272727
      },
      "drift": {
        "0": 0.8653846153846152,
        "1": 0.7344827586206895,
        "2": 0.6818181818181818,
        "3": 0.7260869565217393,
        "4": 0.5592592592592592,
        "5": 0.5172413793103449,
        "6": 0.5222222222222221,
        "7": 0.36521739130434777,
        "8": 0.3448275862068966,
        "9": 0.29
      },
      "bifurc": {
        "0": 0.8846153846153845,
        "1": 0.7964285714285715,
        "2": 0.8173913043478259,
        "3": 0.7478260869565219,
        "4": 0.7307692307692306,
        "5": 0.5083333333333333,
        "6": 0.49523809523809526,
        "7": 0.47142857142857136,
        "8": 0.5421052631578946,
        "9": 0.5583333333333332
      }
    }
  },
  "trajectory_dist": {
    "Static": {
      "stable": {
        "0": -1.5239719008963702e-08,
        "1": 0.22417036087622666,
        "2": 0.11284686386107534,
        "3": 0.10092626503385016,
        "4": 0.27951443477735205,
        "5": 0.1391517806321957,
        "6": 0.18495084452055016,
        "7": 0.12175833272214318,
        "8": 0.18295396376547465,
        "9": 0.2038335546260849
      },
      "drift": {
        "0": -8.374712656689098e-09,
        "1": 0.04544194766565209,
        "2": 0.07954035702732257,
        "3": 0.08418948706571619,
        "4": 0.09246481304610348,
        "5": 0.1007844970846837,
        "6": 0.09957133024392711,
        "7": 0.060807107274094094,
        "8": 0.053744184559247066,
        "9": 0.06428752024795188
      },
      "bifurc": {
        "0": 9.968742153976252e-09,
        "1": 0.0677961539885146,
        "2": 0.17514775196585247,
        "3": 0.13407956183299033,
        "4": 0.06325249095838552,
        "5": 0.15677755376230135,
        "6": 0.1872520486707411,
        "7": 0.12543455286994526,
        "8": 0.16753626246748404,
        "9": 0.11528088100563767
      }
    },
    "Additive": {
      "stable": {
        "0": -9.402510880995863e-10,
        "1": 0.5259519726969965,
        "2": 0.24834545127553462,
        "3": 0.5332955296751278,
        "4": 0.6804785512499532,
        "5": 0.4915643451101201,
        "6": 0.5810379621390058,
        "7": 0.4353382460342164,
        "8": 0.6393286125803136,
        "9": 0.6685830637407167
      },
      "drift": {
        "0": 3.01959447446265e-08,
        "1": 0.2759746386183162,
        "2": 0.3878083816574563,
        "3": 0.460881942173164,
        "4": 0.5227218669349026,
        "5": 0.3793938323788323,
        "6": 0.5071015799653785,
        "7": 0.6286947459858621,
        "8": 0.522210881554265,
        "9": 0.6819271467905081
      },
      "bifurc": {
        "0": 1.872826631554858e-08,
        "1": 0.170125660999426,
        "2": 0.26545522906144814,
        "3": 0.40216438959351614,
        "4": 0.32607369818844967,
        "5": 0.5707640187491445,
        "6": 0.6308859874490987,
        "7": 0.6514070771268489,
        "8": 0.6271495970575047,
        "9": 0.6196432340460964
      }
    },
    "Joint": {
      "stable": {
        "0": 8.9704304873095e-09,
        "1": 0.4270423049493742,
        "2": 0.19596016554704043,