{
  "Static": {
    "test": {
      "n": 763,
      "probe_subj": {
        "accuracy": 0.8859764089121888,
        "f1": 0.8310679611650486,
        "auroc": 0.9431135686298241
      },
      "probe_sent": {
        "accuracy": 0.8938401048492791,
        "f1": 0.8414872798434442,
        "auroc": 0.95512548978079
      },
      "precision_at_5": 0.8238532110091743,
      "cluster_ari": 0.0016464886493914566,
      "cluster_nmi": 0.0004116784701093005
    },
    "hard_verb": {
      "n": 215,
      "probe_subj": {
        "accuracy": 0.5209302325581395,
        "f1": 0.4180790960451977,
        "auroc": 0.3768
      },
      "probe_sent": {
        "accuracy": 0.5116279069767442,
        "f1": 0.4,
        "auroc": 0.3393777777777777
      },
      "precision_at_5": 0.9116279069767442,
      "cluster_ari": -0.005273921019176526,
      "cluster_nmi": 0.0031126703302665594
    },
    "hard_both": {
      "n": 69,
      "probe_subj": {
        "accuracy": 0.2608695652173913,
        "f1": 0.0,
        "auroc": 0.048355899419729204
      },
      "probe_sent": {
        "accuracy": 0.21739130434782608,
        "f1": 0.0,
        "auroc": 0.06092843326885879
      },
      "precision_at_5": 0.8,
      "cluster_ari": 0.03784880726513974,
      "cluster_nmi": 0.01815250495138572
    },
    "ambiguous_test": {
      "n": 5000,
      "probe_subj": {
        "accuracy": 0.5596,
        "f1": 0.3986892408519934,
        "auroc": 0.5463221249589353
      },
      "probe_sent": {
        "accuracy": 0.5564,
        "f1": 0.3866150442477876,
        "auroc": 0.5363277650020787
      },
      "precision_at_5": 0.63716,
      "cluster_ari": -0.004469499740854367,
      "cluster_nmi": 0.0019248398507701117
    },
    "continuation": {
      "n": 794,
      "probe_subj": {
        "accuracy": 0.7279596977329975,
        "f1": 0.713527851458886,
        "auroc": 0.775154532967033
      },
      "probe_sent": {
        "accuracy": 0.7304785894206549,
        "f1": 0.713903743315508,
        "auroc": 0.775637845950346
      },
      "precision_at_5": 0.7521410579345088,
      "cluster_ari": 0.008839759963578511,
      "cluster_nmi": 0.006224552735601727
    },
    "interpolation": {
      "n": 398,
      "probe_subj": {
        "accuracy": 0.7914572864321608,
        "f1": 0.7278688524590164,
        "auroc": 0.8061155913978495
      },
      "probe_sent": {
        "accuracy": 0.7713567839195979,
        "f1": 0.7035830618892508,
        "auroc": 0.7898252688172044
      },
      "precision_at_5": 0.714572864321608,
      "cluster_ari": -0.004874961183043412,
      "cluster_nmi": 0.0007308182952653235
    },
    "contrastive": {
      "sign_flip_rate": 0.0,
      "n_pairs": 29,
      "n_correct": 0
    }
  },
  "Additive": {
    "test": {
      "n": 763,
      "probe_subj": {
        "accuracy": 0.8964613368283093,
        "f1": 0.8466019417475729,
        "auroc": 0.9554015824268922
      },
      "probe_sent": {
        "accuracy": 0.8990825688073395,
        "f1": 0.8493150684931506,
        "auroc": 0.9539190027382338
      },
      "precision_at_5": 0.8052424639580603,
      "cluster_ari": -0.00028387159966253484,
      "cluster_nmi": 0.0007666722947141931
    },
    "hard_verb": {
      "n": 215,
      "probe_subj": {
        "accuracy": 0.5023255813953489,
        "f1": 0.4022346368715084,
        "auroc": 0.3244444444444444
      },
      "probe_sent": {
        "accuracy": 0.49767441860465117,
        "f1": 0.38636363636363635,
        "auroc": 0.3312
      },
      "precision_at_5": 0.9265116279069767,
      "cluster_ari": -0.0032120394359965703,
      "cluster_nmi": 0.0003037115306766008
    },
    "hard_both": {
      "n": 69,
      "probe_subj": {
        "accuracy": 0.2463768115942029,
        "f1": 0.07142857142857142,
        "auroc": 0.05802707930367506
      },
      "probe_sent": {
        "accuracy": 0.2753623188405797,
        "f1": 0.07407407407407407,
        "auroc": 0.06382978723404255
      },
      "precision_at_5": 0.7623188405797101,
      "cluster_ari": -0.005583201491570618,
      "cluster_nmi": 0.0017199442154628502
    },
    "ambiguous_test": {
      "n": 5000,
      "probe_subj": {
        "accuracy": 0.581,
        "f1": 0.43055178037510194,
        "auroc": 0.5659558891935029
      },
      "probe_sent": {
        "accuracy": 0.5814,
        "f1": 0.42547351084271207,
        "auroc": 0.5667750945579398
      },
      "precision_at_5": 0.67136,
      "cluster_ari": -8.362876813902062e-06,
      "cluster_nmi": 7.657921701238712e-05
    },
    "continuation": {
      "n": 794,
      "probe_subj": {
        "accuracy": 0.7644836272040302,
        "f1": 0.7722289890377588,
        "auroc": 0.7815806878306879
      },
      "probe_sent": {
        "accuracy": 0.7644836272040302,
        "f1": 0.772782503037667,
        "auroc": 0.7823247354497354
      },
      "precision_at_5": 0.7047858942065491,
      "cluster_ari": -0.0011009169644886833,
      "cluster_nmi": 0.00011699017059560003
    },
    "interpolation": {
      "n": 398,
      "probe_subj": {
        "accuracy": 0.7613065326633166,
        "f1": 0.6964856230031949,
        "auroc": 0.7791263440860217
      },
      "probe_sent": {
        "accuracy": 0.7587939698492462,
        "f1": 0.6923076923076923,
        "auroc": 0.7776209677419355
      },
      "precision_at_5": 0.678391959798995,
      "cluster_ari": -0.0017501178010436178,
      "cluster_nmi": 0.00013006289651555484
    },
    "contrastive": {
      "sign_flip_rate": 0.4827586206896552,
      "n_pairs": 29,
      "n_correct": 14
    }
  },
  "Joint": {
    "test": {
      "n": 763,
      "probe_subj": {
        "accuracy": 0.8741808650065531,
        "f1": 0.8117647058823529,
        "auroc": 0.9328376272673636
      },
      "probe_sent": {
        "accuracy": 0.8885976408912188,
        "f1": 0.8349514563106796,
        "auroc": 0.951354745011422
      },
      "precision_at_5": 0.7703800786369593,
      "cluster_ari": -0.0005323455922404601,
      "cluster_nmi": 0.000254961886473494
    },
    "hard_verb": {
      "n": 215,
      "probe_subj": {
        "accuracy": 0.5441860465116279,
        "f1": 0.46153846153846156,
        "auroc": 0.4232888888888889
      },
      "probe_sent": {
        "accuracy": 0.5255813953488372,
        "f1": 0.43956043956043955,
        "auroc": 0.3490666666666667
      },
      "precision_at_5": 0.8502325581395349,
      "cluster_ari": 0.002395495882284064,
      "cluster_nmi": 0.0024592927957872122
    },
    "hard_both": {
      "n": 69,
      "probe_subj": {
        "accuracy": 0.2028985507246377,
        "f1": 0.03508771929824561,
        "auroc": 0.03481624758220504
      },
      "probe_sent": {
        "accuracy": 0.18840579710144928,
        "f1": 0.034482758620689655,
        "auroc": 0.023210831721470024
      },
      "precision_at_5": 0.8376811594202899,
      "cluster_ari": 3.205936228099448e-05,
      "cluster_nmi": 0.003526013376695813
    },
    "ambiguous_test": {
      "n": 5000,
      "probe_subj": {
        "accuracy": 0.6002,
        "f1": 0.4461069548351344,
        "auroc": 0.5747114020449517
      },
      "probe_sent": {
        "accuracy": 0.5674,
        "f1": 0.4251926654265214,
        "auroc": 0.5531644930211734
      },
      "precision_at_5": 0.68676,
      "cluster_ari": -0.000321313715923968,
      "cluster_nmi": 6.923619066566584e-05
    },
    "continuation": {
      "n": 794,
      "probe_subj": {
        "accuracy": 0.7644836272040302,
        "f1": 0.7733333333333333,
        "auroc": 0.7691735347985349
      },
      "probe_sent": {
        "accuracy": 0.7682619647355163,
        "f1": 0.7766990291262136,
        "auroc": 0.7754438848188849
      },
      "precision_at_5": 0.710831234256927,
      "cluster_ari": -0.0011009169644886833,
      "cluster_nmi": 0.00011699017059560003
    },
    "interpolation": {
      "n": 398,
      "probe_subj": {
        "accuracy": 0.7763819095477387,
        "f1": 0.7244582043343654,