{
  "run_id": "20260528_007",
  "k": 10,
  "drift_score": {
    "Static": {
      "0": 0.6346153846153846,
      "1": 0.6482758620689658,
      "2": 0.5454545454545454,
      "3": 0.6260869565217392,
      "4": 0.588888888888889,
      "5": 0.4896551724137931,
      "6": 0.5518518518518519,
      "7": 0.4913043478260869,
      "8": 0.43103448275862066,
      "9": 0.43666666666666665
    },
    "Additive": {
      "0": 0.8384615384615384,
      "1": 0.7620689655172413,
      "2": 0.7454545454545455,
      "3": 0.7695652173913043,
      "4": 0.5814814814814815,
      "5": 0.5137931034482759,
      "6": 0.48518518518518516,
      "7": 0.3869565217391305,
      "8": 0.30689655172413793,
      "9": 0.22
    },
    "Joint": {
      "0": 0.823076923076923,
      "1": 0.7689655172413792,
      "2": 0.6757575757575758,
      "3": 0.7652173913043477,
      "4": 0.5703703703703704,
      "5": 0.5137931034482759,
      "6": 0.4888888888888889,
      "7": 0.41304347826086957,
      "8": 0.36896551724137927,
      "9": 0.33666666666666667
    },
    "Timeformer": {
      "0": 0.773076923076923,
      "1": 0.7241379310344828,
      "2": 0.709090909090909,
      "3": 0.7000000000000001,
      "4": 0.588888888888889,
      "5": 0.4724137931034483,
      "6": 0.5074074074074074,
      "7": 0.3565217391304348,
      "8": 0.36896551724137927,
      "9": 0.28666666666666674
    }
  },
  "drift_score_by_class": {
    "Static": {
      "stable": {
        "0": 0.717391304347826,
        "1": 0.7799999999999999,
        "2": 0.7692307692307693,
        "3": 0.7478260869565218,
        "4": 0.7416666666666666,
        "5": 0.796551724137931,
        "6": 0.7642857142857142,
        "7": 0.8130434782608696,
        "8": 0.7166666666666668,
        "9": 0.8363636363636364
      },
      "drift": {
        "0": 0.6346153846153846,
        "1": 0.6482758620689658,
        "2": 0.5454545454545454,
        "3": 0.6260869565217392,
        "4": 0.588888888888889,
        "5": 0.4896551724137931,
        "6": 0.5518518518518519,
        "7": 0.4913043478260869,
        "8": 0.43103448275862066,
        "9": 0.43666666666666665
      },
      "bifurc": {
        "0": 0.7884615384615384,
        "1": 0.7321428571428573,
        "2": 0.7347826086956523,
        "3": 0.7521739130434782,
        "4": 0.7423076923076923,
        "5": 0.7000000000000001,
        "6": 0.6619047619047619,
        "7": 0.5714285714285715,
        "8": 0.7315789473684211,
        "9": 0.7000000000000001
      }
    },
    "Additive": {
      "stable": {
        "0": 0.7956521739130435,
        "1": 0.8033333333333332,
        "2": 0.8192307692307691,
        "3": 0.8130434782608695,
        "4": 0.7458333333333332,
        "5": 0.7655172413793103,
        "6": 0.7071428571428572,
        "7": 0.7652173913043478,
        "8": 0.6416666666666667,
        "9": 0.7636363636363638
      },
      "drift": {
        "0": 0.8384615384615384,
        "1": 0.7620689655172413,
        "2": 0.7454545454545455,
        "3": 0.7695652173913043,
        "4": 0.5814814814814815,
        "5": 0.5137931034482759,
        "6": 0.48518518518518516,
        "7": 0.3869565217391305,
        "8": 0.30689655172413793,
        "9": 0.22
      },
      "bifurc": {
        "0": 0.8884615384615384,
        "1": 0.8535714285714285,
        "2": 0.8434782608695651,
        "3": 0.7652173913043478,
        "4": 0.7884615384615384,
        "5": 0.5666666666666668,
        "6": 0.5047619047619046,
        "7": 0.4714285714285714,
        "8": 0.5842105263157894,
        "9": 0.5541666666666667
      }
    },
    "Joint": {
      "stable": {
        "0": 0.791304347826087,
        "1": 0.8166666666666665,
        "2": 0.8307692307692307,
        "3": 0.8086956521739131,
        "4": 0.7458333333333332,
        "5": 0.7724137931034484,
        "6": 0.7285714285714286,
        "7": 0.7304347826086955,
        "8": 0.6041666666666666,
        "9": 0.6499999999999999
      },
      "drift": {
        "0": 0.823076923076923,
        "1": 0.7689655172413792,
        "2": 0.6757575757575758,
        "3": 0.7652173913043477,
        "4": 0.5703703703703704,
        "5": 0.5137931034482759,
        "6": 0.4888888888888889,
        "7": 0.41304347826086957,
        "8": 0.36896551724137927,
        "9": 0.33666666666666667
      },
      "bifurc": {
        "0": 0.9384615384615386,
        "1": 0.8285714285714286,
        "2": 0.8739130434782608,
        "3": 0.7086956521739131,
        "4": 0.7423076923076923,
        "5": 0.5291666666666667,
        "6": 0.4619047619047619,
        "7": 0.43809523809523804,
        "8": 0.5894736842105261,
        "9": 0.5166666666666666
      }
    },
    "Timeformer": {
      "stable": {
        "0": 0.7999999999999999,
        "1": 0.7766666666666666,
        "2": 0.8538461538461539,
        "3": 0.7782608695652175,
        "4": 0.7458333333333332,
        "5": 0.7965517241379311,
        "6": 0.7678571428571429,
        "7": 0.8043478260869565,
        "8": 0.6375000000000001,
        "9": 0.7090909090909091
      },
      "drift": {
        "0": 0.773076923076923,
        "1": 0.7241379310344828,
        "2": 0.709090909090909,
        "3": 0.7000000000000001,
        "4": 0.588888888888889,
        "5": 0.4724137931034483,
        "6": 0.5074074074074074,
        "7": 0.3565217391304348,
        "8": 0.36896551724137927,
        "9": 0.28666666666666674
      },
      "bifurc": {
        "0": 0.8461538461538461,
        "1": 0.8357142857142856,
        "2": 0.8434782608695651,
        "3": 0.7608695652173914,
        "4": 0.7230769230769231,
        "5": 0.5625,
        "6": 0.4714285714285714,
        "7": 0.4571428571428572,
        "8": 0.5578947368421052,
        "9": 0.5291666666666667
      }
    }
  },
  "trajectory_dist": {
    "Static": {
      "stable": {
        "0": 9.747810525428946e-09,
        "1": 0.03639533510729896,
        "2": 0.06589312972758729,
        "3": 0.028248906722819954,
        "4": 0.07652833091968334,
        "5": 0.046567722061978414,
        "6": 0.07607062367406793,
        "7": 0.04642998037383804,
        "8": 0.07776421038393234,
        "9": 0.04455126616685327
      },
      "drift": {
        "0": 1.9667696826708435e-08,
        "1": 0.01057960102890676,
        "2": 0.010500673403688331,
        "3": 0.015496955052562345,
        "4": 0.01194419439526112,
        "5": 0.012087442021353301,
        "6": 0.010845986402441821,
        "7": 0.02030421500014774,
        "8": 0.01686436554626064,
        "9": 0.01892731291333477
      },
      "bifurc": {
        "0": 2.7202723817953965e-08,
        "1": 0.05089537965822738,
        "2": 0.08414776865061953,
        "3": 0.07094524404770379,
        "4": 0.044556483527691294,
        "5": 0.08492501484136479,
        "6": 0.09015910877519713,
        "7": 0.060000643809441735,
        "8": 0.07100698575236691,
        "9": 0.08714561629644621
      }
    },
    "Additive": {
      "stable": {
        "0": 3.0356361246930416e-08,
        "1": 0.35856318126265324,
        "2": 0.2069460602221112,
        "3": 0.3771797437787696,
        "4": 0.5073854853291676,
        "5": 0.37920407095229747,
        "6": 0.4482786635258444,
        "7": 0.3107003445858769,
        "8": 0.48682870930492483,
        "9": 0.5135427999653037
      },
      "drift": {
        "0": -1.5233514338852672e-09,
        "1": 0.244251274680295,
        "2": 0.2996218900475321,
        "3": 0.37148900140944513,
        "4": 0.42537727965602545,
        "5": 0.34612507680103705,
        "6": 0.39629171067735564,
        "7": 0.5192772920780638,
        "8": 0.4090553788744625,
        "9": 0.5280090875914125
      },
      "bifurc": {
        "0": -2.783564712061093e-09,
        "1": 0.139977817841415,
        "2": 0.21103215276590337,
        "3": 0.30093139959778614,
        "4": 0.28087972640439407,
        "5": 0.4727492077561594,
        "6": 0.4724768481224026,
        "7": 0.5408502458548103,
        "8": 0.5546329384996822,