{
  "Static": {
    "test": {
      "n": 763,
      "probe_subj": {
        "accuracy": 0.8754914809960681,
        "f1": 0.8126232741617357,
        "auroc": 0.9312907520309829
      },
      "probe_sent": {
        "accuracy": 0.8859764089121888,
        "f1": 0.8290766208251473,
        "auroc": 0.9410409827385365
      },
      "precision_at_5": 0.7910878112712975,
      "cluster_ari": -0.0070935919392113335,
      "cluster_nmi": 0.0012687273729776512
    },
    "hard_verb": {
      "n": 215,
      "probe_subj": {
        "accuracy": 0.5162790697674419,
        "f1": 0.3953488372093023,
        "auroc": 0.4856888888888889
      },
      "probe_sent": {
        "accuracy": 0.5162790697674419,
        "f1": 0.38823529411764707,
        "auroc": 0.46160000000000007
      },
      "precision_at_5": 0.7525581395348837,
      "cluster_ari": 0.0027490040564899978,
      "cluster_nmi": 0.0017843955201234
    },
    "hard_both": {
      "n": 69,
      "probe_subj": {
        "accuracy": 0.18840579710144928,
        "f1": 0.0,
        "auroc": 0.040618955512572545
      },
      "probe_sent": {
        "accuracy": 0.2608695652173913,
        "f1": 0.0,
        "auroc": 0.024177949709864616
      },
      "precision_at_5": 0.7072463768115942,
      "cluster_ari": -0.01895081591956578,
      "cluster_nmi": 0.0014365564533032858
    },
    "ambiguous_test": {
      "n": 5000,
      "probe_subj": {
        "accuracy": 0.5682,
        "f1": 0.39370963212580734,
        "auroc": 0.5512822376435085
      },
      "probe_sent": {
        "accuracy": 0.5582,
        "f1": 0.38416504042375244,
        "auroc": 0.5491195245792498
      },
      "precision_at_5": 0.63196,
      "cluster_ari": -0.003991892498185218,
      "cluster_nmi": 0.00040849729017454885
    },
    "continuation": {
      "n": 794,
      "probe_subj": {
        "accuracy": 0.7267002518891688,
        "f1": 0.7079407806191117,
        "auroc": 0.793358262108262
      },
      "probe_sent": {
        "accuracy": 0.7317380352644837,
        "f1": 0.7171314741035857,
        "auroc": 0.7981945716320717
      },
      "precision_at_5": 0.7498740554156171,
      "cluster_ari": -0.0010264410912813966,
      "cluster_nmi": 0.0007626957347544023
    },
    "interpolation": {
      "n": 398,
      "probe_subj": {
        "accuracy": 0.7688442211055276,
        "f1": 0.6891891891891891,
        "auroc": 0.805013440860215
      },
      "probe_sent": {
        "accuracy": 0.7638190954773869,
        "f1": 0.6845637583892618,
        "auroc": 0.7949596774193549
      },
      "precision_at_5": 0.6964824120603015,
      "cluster_ari": -0.007025936853113739,
      "cluster_nmi": 0.0016692071181867419
    },
    "contrastive": {
      "sign_flip_rate": 0.0,
      "n_pairs": 29,
      "n_correct": 0
    }
  },
  "Additive": {
    "test": {
      "n": 763,
      "probe_subj": {
        "accuracy": 0.8990825688073395,
        "f1": 0.8481262327416174,
        "auroc": 0.9617933162887096
      },
      "probe_sent": {
        "accuracy": 0.8899082568807339,
        "f1": 0.8352941176470589,
        "auroc": 0.9605717008819836
      },
      "precision_at_5": 0.8343381389252948,
      "cluster_ari": -0.00028387159966253484,
      "cluster_nmi": 0.0007666722947141931
    },
    "hard_verb": {
      "n": 215,
      "probe_subj": {
        "accuracy": 0.5023255813953489,
        "f1": 0.4022346368715084,
        "auroc": 0.3353777777777778
      },
      "probe_sent": {
        "accuracy": 0.4790697674418605,
        "f1": 0.3563218390804598,
        "auroc": 0.33795555555555556
      },
      "precision_at_5": 0.9451162790697675,
      "cluster_ari": -0.0032120394359965703,
      "cluster_nmi": 0.0003037115306766008
    },
    "hard_both": {
      "n": 69,
      "probe_subj": {
        "accuracy": 0.17391304347826086,
        "f1": 0.0,
        "auroc": 0.030947775628626682
      },
      "probe_sent": {
        "accuracy": 0.17391304347826086,
        "f1": 0.0,
        "auroc": 0.038684719535783355
      },
      "precision_at_5": 0.9130434782608695,
      "cluster_ari": -0.005583201491570618,
      "cluster_nmi": 0.0017199442154628502
    },
    "ambiguous_test": {
      "n": 5000,
      "probe_subj": {
        "accuracy": 0.577,
        "f1": 0.42480282839271144,
        "auroc": 0.5728502241481064
      },
      "probe_sent": {
        "accuracy": 0.5732,
        "f1": 0.41916167664670656,
        "auroc": 0.5765473233052978
      },
      "precision_at_5": 0.67596,
      "cluster_ari": -8.362876813902062e-06,
      "cluster_nmi": 7.657921701238712e-05
    },
    "continuation": {
      "n": 794,
      "probe_subj": {
        "accuracy": 0.7770780856423174,
        "f1": 0.7812113720642769,
        "auroc": 0.7817714692714692
      },
      "probe_sent": {
        "accuracy": 0.7770780856423174,
        "f1": 0.781750924784217,
        "auroc": 0.785351800976801
      },
      "precision_at_5": 0.7085642317380353,
      "cluster_ari": -0.0011009169644886833,
      "cluster_nmi": 0.00011699017059560003
    },
    "interpolation": {
      "n": 398,
      "probe_subj": {
        "accuracy": 0.7688442211055276,
        "f1": 0.7070063694267515,
        "auroc": 0.7965456989247313
      },
      "probe_sent": {
        "accuracy": 0.7688442211055276,
        "f1": 0.7125,
        "auroc": 0.7957930107526882
      },
      "precision_at_5": 0.7296482412060301,
      "cluster_ari": -0.0017501178010436178,
      "cluster_nmi": 0.00013006289651555484
    },
    "contrastive": {
      "sign_flip_rate": 0.4482758620689655,
      "n_pairs": 29,
      "n_correct": 13
    }
  },
  "Joint": {
    "test": {
      "n": 763,
      "probe_subj": {
        "accuracy": 0.8820445609436435,
        "f1": 0.8235294117647058,
        "auroc": 0.9578901983328543
      },
      "probe_sent": {
        "accuracy": 0.8833551769331586,
        "f1": 0.825147347740668,
        "auroc": 0.9574741683181798
      },
      "precision_at_5": 0.8335517693315858,
      "cluster_ari": -0.00028387159966253484,
      "cluster_nmi": 0.0007666722947141931
    },
    "hard_verb": {
      "n": 215,
      "probe_subj": {
        "accuracy": 0.5069767441860465,
        "f1": 0.42391304347826086,
        "auroc": 0.31324444444444444
      },
      "probe_sent": {
        "accuracy": 0.5302325581395348,
        "f1": 0.4419889502762431,
        "auroc": 0.32711111111111113
      },
      "precision_at_5": 0.9395348837209302,
      "cluster_ari": -0.0032120394359965703,
      "cluster_nmi": 0.0003037115306766008
    },
    "hard_both": {
      "n": 69,
      "probe_subj": {
        "accuracy": 0.18840579710144928,
        "f1": 0.0,
        "auroc": 0.02998065764023211
      },
      "probe_sent": {
        "accuracy": 0.17391304347826086,
        "f1": 0.0,
        "auroc": 0.008704061895551259
      },
      "precision_at_5": 0.8434782608695652,
      "cluster_ari": -0.005583201491570618,
      "cluster_nmi": 0.0017199442154628502
    },
    "ambiguous_test": {
      "n": 5000,
      "probe_subj": {
        "accuracy": 0.5738,
        "f1": 0.4220233251966368,
        "auroc": 0.5525126355863464
      },
      "probe_sent": {
        "accuracy": 0.5708,
        "f1": 0.422497308934338,
        "auroc": 0.5488825846224514
      },
      "precision_at_5": 0.66244,
      "cluster_ari": -8.362876813902062e-06,
      "cluster_nmi": 7.657921701238712e-05
    },
    "continuation": {
      "n": 794,
      "probe_subj": {
        "accuracy": 0.756926952141058,
        "f1": 0.7688622754491018,
        "auroc": 0.7671353530728531
      },
      "probe_sent": {
        "accuracy": 0.7657430730478589,
        "f1": 0.774818401937046,
        "auroc": 0.7650780932030933
      },
      "precision_at_5": 0.6879093198992443,
      "cluster_ari": -0.0011009169644886833,
      "cluster_nmi": 0.00011699017059560003
    },
    "interpolation": {
      "n": 398,
      "probe_subj": {
        "accuracy": 0.7763819095477387,
        "f1": 0.7156549520766773,