{
  "run_id": "20260528_029",
  "k": 10,
  "drift_score": {
    "Static": {
      "0": 0.5423076923076923,
      "1": 0.4896551724137931,
      "2": 0.5636363636363636,
      "3": 0.6347826086956523,
      "4": 0.47777777777777775,
      "5": 0.4103448275862069,
      "6": 0.49629629629629624,
      "7": 0.39565217391304347,
      "8": 0.410344827586207,
      "9": 0.37666666666666665
    },
    "Additive": {
      "0": 0.8307692307692307,
      "1": 0.7586206896551722,
      "2": 0.703030303030303,
      "3": 0.7086956521739131,
      "4": 0.5444444444444444,
      "5": 0.5172413793103449,
      "6": 0.4666666666666667,
      "7": 0.391304347826087,
      "8": 0.29655172413793107,
      "9": 0.22666666666666666
    },
    "Joint": {
      "0": 0.8076923076923077,
      "1": 0.7482758620689653,
      "2": 0.6333333333333334,
      "3": 0.6565217391304349,
      "4": 0.5148148148148148,
      "5": 0.3965517241379311,
      "6": 0.4481481481481481,
      "7": 0.3391304347826086,
      "8": 0.3689655172413793,
      "9": 0.24000000000000002
    },
    "Timeformer": {
      "0": 0.7153846153846153,
      "1": 0.7724137931034483,
      "2": 0.7333333333333333,
      "3": 0.7565217391304349,
      "4": 0.6037037037037037,
      "5": 0.4931034482758621,
      "6": 0.49259259259259264,
      "7": 0.42608695652173917,
      "8": 0.36206896551724144,
      "9": 0.28666666666666657
    }
  },
  "drift_score_by_class": {
    "Static": {
      "stable": {
        "0": 0.7739130434782611,
        "1": 0.7166666666666665,
        "2": 0.7846153846153846,
        "3": 0.7521739130434782,
        "4": 0.7083333333333334,
        "5": 0.8551724137931035,
        "6": 0.7428571428571429,
        "7": 0.7782608695652173,
        "8": 0.7291666666666666,
        "9": 0.740909090909091
      },
      "drift": {
        "0": 0.5423076923076923,
        "1": 0.4896551724137931,
        "2": 0.5636363636363636,
        "3": 0.6347826086956523,
        "4": 0.47777777777777775,
        "5": 0.4103448275862069,
        "6": 0.49629629629629624,
        "7": 0.39565217391304347,
        "8": 0.410344827586207,
        "9": 0.37666666666666665
      },
      "bifurc": {
        "0": 0.7846153846153846,
        "1": 0.7892857142857143,
        "2": 0.7478260869565219,
        "3": 0.7043478260869567,
        "4": 0.7730769230769231,
        "5": 0.6166666666666667,
        "6": 0.6380952380952382,
        "7": 0.5523809523809524,
        "8": 0.6947368421052632,
        "9": 0.6625
      }
    },
    "Additive": {
      "stable": {
        "0": 0.8130434782608696,
        "1": 0.7999999999999999,
        "2": 0.8653846153846154,
        "3": 0.8086956521739131,
        "4": 0.7208333333333332,
        "5": 0.7896551724137931,
        "6": 0.7285714285714285,
        "7": 0.717391304347826,
        "8": 0.5833333333333334,
        "9": 0.6909090909090909
      },
      "drift": {
        "0": 0.8307692307692307,
        "1": 0.7586206896551722,
        "2": 0.703030303030303,
        "3": 0.7086956521739131,
        "4": 0.5444444444444444,
        "5": 0.5172413793103449,
        "6": 0.4666666666666667,
        "7": 0.391304347826087,
        "8": 0.29655172413793107,
        "9": 0.22666666666666666
      },
      "bifurc": {
        "0": 0.8923076923076922,
        "1": 0.8285714285714284,
        "2": 0.826086956521739,
        "3": 0.7304347826086957,
        "4": 0.7538461538461539,
        "5": 0.5375,
        "6": 0.4904761904761905,
        "7": 0.4523809523809524,
        "8": 0.6,
        "9": 0.5333333333333333
      }
    },
    "Joint": {
      "stable": {
        "0": 0.8521739130434781,
        "1": 0.8433333333333333,
        "2": 0.8692307692307693,
        "3": 0.773913043478261,
        "4": 0.7166666666666667,
        "5": 0.7551724137931035,
        "6": 0.6892857142857143,
        "7": 0.6782608695652176,
        "8": 0.6124999999999999,
        "9": 0.6772727272727274
      },
      "drift": {
        "0": 0.8076923076923077,
        "1": 0.7482758620689653,
        "2": 0.6333333333333334,
        "3": 0.6565217391304349,
        "4": 0.5148148148148148,
        "5": 0.3965517241379311,
        "6": 0.4481481481481481,
        "7": 0.3391304347826086,
        "8": 0.3689655172413793,
        "9": 0.24000000000000002
      },
      "bifurc": {
        "0": 0.8615384615384615,
        "1": 0.8464285714285715,
        "2": 0.7956521739130435,
        "3": 0.7217391304347827,
        "4": 0.7807692307692307,
        "5": 0.5833333333333334,
        "6": 0.5714285714285715,
        "7": 0.5238095238095238,
        "8": 0.5736842105263158,
        "9": 0.5708333333333333
      }
    },
    "Timeformer": {
      "stable": {
        "0": 0.8608695652173913,
        "1": 0.8099999999999999,
        "2": 0.8576923076923075,
        "3": 0.8217391304347827,
        "4": 0.7333333333333334,
        "5": 0.789655172413793,
        "6": 0.7071428571428572,
        "7": 0.708695652173913,
        "8": 0.6125,
        "9": 0.6636363636363636
      },
      "drift": {
        "0": 0.7153846153846153,
        "1": 0.7724137931034483,
        "2": 0.7333333333333333,
        "3": 0.7565217391304349,
        "4": 0.6037037037037037,
        "5": 0.4931034482758621,
        "6": 0.49259259259259264,
        "7": 0.42608695652173917,
        "8": 0.36206896551724144,
        "9": 0.28666666666666657
      },
      "bifurc": {
        "0": 0.8653846153846152,
        "1": 0.8714285714285713,
        "2": 0.7913043478260869,
        "3": 0.7478260869565219,
        "4": 0.7615384615384616,
        "5": 0.6,
        "6": 0.5523809523809524,
        "7": 0.5428571428571429,
        "8": 0.6526315789473685,
        "9": 0.5208333333333334
      }
    }
  },
  "trajectory_dist": {
    "Static": {
      "stable": {
        "0": -1.2158241669002478e-08,
        "1": 0.17169086063754246,
        "2": 0.048973401585385955,
        "3": 0.1450177156864246,
        "4": 0.14810935942873704,
        "5": 0.13571539027954987,
        "6": 0.1277384761869286,
        "7": 0.09940448467956921,
        "8": 0.13576718012028918,
        "9": 0.13215602290807965
      },
      "drift": {
        "0": -5.516686385487191e-09,
        "1": 0.08283326982407432,
        "2": 0.09943029264393782,
        "3": 0.10340900419406887,
        "4": 0.05772686698781634,
        "5": 0.05670597508861358,
        "6": 0.05167507412511333,
        "7": 0.05842008816035865,
        "8": 0.08675755572169608,
        "9": 0.07919517496160787
      },
      "bifurc": {
        "0": 2.5335164366424578e-08,
        "1": 0.024789856521008014,
        "2": 0.047393377363420544,
        "3": 0.1401332469588073,
        "4": 0.10192823933566839,
        "5": 0.11268751883583569,
        "6": 0.1734131263237674,
        "7": 0.06750874543185133,
        "8": 0.08176065458971121,
        "9": 0.13026858956158172
      }
    },
    "Additive": {
      "stable": {
        "0": -3.1144588585885205e-08,
        "1": 0.3775580253632199,
        "2": 0.15667378381692773,
        "3": 0.3971379770700508,
        "4": 0.5333615807150076,
        "5": 0.4086112000556115,
        "6": 0.4613324567153172,
        "7": 0.3120524661423228,
        "8": 0.44755200046410476,
        "9": 0.48436949245716254
      },
      "drift": {
        "0": -1.4616419630186783e-08,
        "1": 0.22740886819562034,
        "2": 0.30038107385074303,
        "3": 0.3566766467064557,
        "4": 0.454171099947307,
        "5": 0.32709640913482163,
        "6": 0.4360753965332277,
        "7": 0.5745663527767553,
        "8": 0.43996670333315063,
        "9": 0.6259465603761736
      },
      "bifurc": {
        "0": 4.8380204398235095e-09,
        "1": 0.12917209343208222,
        "2": 0.21031084982497852,
        "3": 0.3156558554936451,
        "4": 0.2501827035888053,
        "5": 0.43504419136715355,
        "6": 0.488990876497143,
        "7": 0.5474399966828896,
        "8": 0.5251139183964837,
        "9": 0.512304115608661
      }
    },