{
  "Static": {
    "test": {
      "n": 763,
      "probe_subj": {
        "accuracy": 0.8558322411533421,
        "f1": 0.7782258064516129,
        "auroc": 0.9246115792499356
      },
      "probe_sent": {
        "accuracy": 0.8584534731323722,
        "f1": 0.788235294117647,
        "auroc": 0.9279889865508844
      },
      "precision_at_5": 0.7612057667103539,
      "cluster_ari": -0.003869889960188371,
      "cluster_nmi": 0.0004928107267432846
    },
    "hard_verb": {
      "n": 215,
      "probe_subj": {
        "accuracy": 0.5302325581395348,
        "f1": 0.39520958083832336,
        "auroc": 0.4437333333333333
      },
      "probe_sent": {
        "accuracy": 0.5395348837209303,
        "f1": 0.40718562874251496,
        "auroc": 0.43742222222222227
      },
      "precision_at_5": 0.7367441860465116,
      "cluster_ari": -8.134999254165729e-05,
      "cluster_nmi": 0.006483941596442362
    },
    "hard_both": {
      "n": 69,
      "probe_subj": {
        "accuracy": 0.36231884057971014,
        "f1": 0.043478260869565216,
        "auroc": 0.1257253384912959
      },
      "probe_sent": {
        "accuracy": 0.3188405797101449,
        "f1": 0.04081632653061224,
        "auroc": 0.06382978723404255
      },
      "precision_at_5": 0.6840579710144927,
      "cluster_ari": -0.013980578574832344,
      "cluster_nmi": 0.0023337043505132532
    },
    "ambiguous_test": {
      "n": 5000,
      "probe_subj": {
        "accuracy": 0.5892,
        "f1": 0.398711943793911,
        "auroc": 0.5570954431940088
      },
      "probe_sent": {
        "accuracy": 0.5806,
        "f1": 0.39550302680887867,
        "auroc": 0.5472393587794249
      },
      "precision_at_5": 0.63788,
      "cluster_ari": 0.004819595979842379,
      "cluster_nmi": 0.0007888542993123605
    },
    "continuation": {
      "n": 794,
      "probe_subj": {
        "accuracy": 0.7153652392947103,
        "f1": 0.6869806094182825,
        "auroc": 0.7790655525030524
      },
      "probe_sent": {
        "accuracy": 0.7229219143576826,
        "f1": 0.7002724795640327,
        "auroc": 0.7840703856328857
      },
      "precision_at_5": 0.7355163727959698,
      "cluster_ari": -0.0009834260821689651,
      "cluster_nmi": 0.0005300028081268665
    },
    "interpolation": {
      "n": 398,
      "probe_subj": {
        "accuracy": 0.7562814070351759,
        "f1": 0.6711864406779661,
        "auroc": 0.7972983870967741
      },
      "probe_sent": {
        "accuracy": 0.7738693467336684,
        "f1": 0.6917808219178082,
        "auroc": 0.7952016129032259
      },
      "precision_at_5": 0.7065326633165829,
      "cluster_ari": -0.003378300041562106,
      "cluster_nmi": 0.000170425327535678
    },
    "contrastive": {
      "sign_flip_rate": 0.0,
      "n_pairs": 29,
      "n_correct": 0
    }
  },
  "Additive": {
    "test": {
      "n": 763,
      "probe_subj": {
        "accuracy": 0.8964613368283093,
        "f1": 0.8466019417475729,
        "auroc": 0.9597434229436772
      },
      "probe_sent": {
        "accuracy": 0.8885976408912188,
        "f1": 0.8362235067437379,
        "auroc": 0.9595921393019773
      },
      "precision_at_5": 0.8416775884665793,
      "cluster_ari": -0.00028387159966253484,
      "cluster_nmi": 0.0007666722947141931
    },
    "hard_verb": {
      "n": 215,
      "probe_subj": {
        "accuracy": 0.4930232558139535,
        "f1": 0.40437158469945356,
        "auroc": 0.32159999999999994
      },
      "probe_sent": {
        "accuracy": 0.4790697674418605,
        "f1": 0.38461538461538464,
        "auroc": 0.3242666666666667
      },
      "precision_at_5": 0.906046511627907,
      "cluster_ari": -0.0032120394359965703,
      "cluster_nmi": 0.0003037115306766008
    },
    "hard_both": {
      "n": 69,
      "probe_subj": {
        "accuracy": 0.2463768115942029,
        "f1": 0.037037037037037035,
        "auroc": 0.05609284332688588
      },
      "probe_sent": {
        "accuracy": 0.2753623188405797,
        "f1": 0.07407407407407407,
        "auroc": 0.06963249516441006
      },
      "precision_at_5": 0.8753623188405797,
      "cluster_ari": -0.005583201491570618,
      "cluster_nmi": 0.0017199442154628502
    },
    "ambiguous_test": {
      "n": 5000,
      "probe_subj": {
        "accuracy": 0.5738,
        "f1": 0.4257612503368364,
        "auroc": 0.5650060397884693
      },
      "probe_sent": {
        "accuracy": 0.574,
        "f1": 0.4301765650080257,
        "auroc": 0.5643377382845547
      },
      "precision_at_5": 0.6864,
      "cluster_ari": -8.362876813902062e-06,
      "cluster_nmi": 7.657921701238712e-05
    },
    "continuation": {
      "n": 794,
      "probe_subj": {
        "accuracy": 0.7518891687657431,
        "f1": 0.7646356033452808,
        "auroc": 0.7767857142857143
      },
      "probe_sent": {
        "accuracy": 0.760705289672544,
        "f1": 0.7748815165876777,
        "auroc": 0.7797046703296705
      },
      "precision_at_5": 0.7143576826196474,
      "cluster_ari": -0.0011009169644886833,
      "cluster_nmi": 0.00011699017059560003
    },
    "interpolation": {
      "n": 398,
      "probe_subj": {
        "accuracy": 0.7713567839195979,
        "f1": 0.707395498392283,
        "auroc": 0.7874327956989247
      },
      "probe_sent": {
        "accuracy": 0.7688442211055276,
        "f1": 0.7051282051282052,
        "auroc": 0.7863844086021504
      },
      "precision_at_5": 0.7055276381909548,
      "cluster_ari": -0.0017501178010436178,
      "cluster_nmi": 0.00013006289651555484
    },
    "contrastive": {
      "sign_flip_rate": 0.6206896551724138,
      "n_pairs": 29,
      "n_correct": 18
    }
  },
  "Joint": {
    "test": {
      "n": 763,
      "probe_subj": {
        "accuracy": 0.8440366972477065,
        "f1": 0.7680311890838206,
        "auroc": 0.920485317922573
      },
      "probe_sent": {
        "accuracy": 0.8492791612057667,
        "f1": 0.7817836812144212,
        "auroc": 0.9268165383277105
      },
      "precision_at_5": 0.7297509829619921,
      "cluster_ari": -0.0015521250001660379,
      "cluster_nmi": 0.00045189696293710627
    },
    "hard_verb": {
      "n": 215,
      "probe_subj": {
        "accuracy": 0.6,
        "f1": 0.4880952380952381,
        "auroc": 0.5478222222222223
      },
      "probe_sent": {
        "accuracy": 0.6232558139534884,
        "f1": 0.5423728813559322,
        "auroc": 0.5351111111111111
      },
      "precision_at_5": 0.8269767441860465,
      "cluster_ari": 0.005692703573759945,
      "cluster_nmi": 0.0037729343353244747
    },
    "hard_both": {
      "n": 69,
      "probe_subj": {
        "accuracy": 0.3333333333333333,
        "f1": 0.14814814814814814,
        "auroc": 0.14119922630560927
      },
      "probe_sent": {
        "accuracy": 0.2753623188405797,
        "f1": 0.07407407407407407,
        "auroc": 0.13056092843326883
      },
      "precision_at_5": 0.6956521739130435,
      "cluster_ari": 0.0071710635764256755,
      "cluster_nmi": 0.006020271814412211
    },
    "ambiguous_test": {
      "n": 5000,
      "probe_subj": {
        "accuracy": 0.64,
        "f1": 0.4889267461669506,
        "auroc": 0.631956295480116
      },
      "probe_sent": {
        "accuracy": 0.6186,
        "f1": 0.48023984736985553,
        "auroc": 0.6242335791888223
      },
      "precision_at_5": 0.69252,
      "cluster_ari": -0.00012763781545903515,
      "cluster_nmi": 0.001525963313555798
    },
    "continuation": {
      "n": 794,
      "probe_subj": {
        "accuracy": 0.7443324937027708,
        "f1": 0.7568862275449102,
        "auroc": 0.7709541615791616
      },
      "probe_sent": {
        "accuracy": 0.7632241813602015,
        "f1": 0.7734939759036145,
        "auroc": 0.7810592185592186
      },
      "precision_at_5": 0.7244332493702771,
      "cluster_ari": 0.0020974428622885,
      "cluster_nmi": 0.0022125905727739675
    },
    "interpolation": {
      "n": 398,