{
  "run_id": "20260528_014",
  "k": 10,
  "drift_score": {
    "Static": {
      "0": 0.6346153846153846,
      "1": 0.5758620689655172,
      "2": 0.5757575757575758,
      "3": 0.6434782608695652,
      "4": 0.5333333333333334,
      "5": 0.4862068965517241,
      "6": 0.5296296296296297,
      "7": 0.41304347826086957,
      "8": 0.4551724137931034,
      "9": 0.4033333333333333
    },
    "Additive": {
      "0": 0.8153846153846153,
      "1": 0.793103448275862,
      "2": 0.7121212121212122,
      "3": 0.7956521739130433,
      "4": 0.5814814814814815,
      "5": 0.4620689655172414,
      "6": 0.5000000000000001,
      "7": 0.391304347826087,
      "8": 0.3724137931034483,
      "9": 0.2899999999999999
    },
    "Joint": {
      "0": 0.8692307692307691,
      "1": 0.8448275862068966,
      "2": 0.7393939393939395,
      "3": 0.726086956521739,
      "4": 0.5592592592592592,
      "5": 0.5206896551724138,
      "6": 0.4962962962962963,
      "7": 0.41304347826086957,
      "8": 0.3103448275862069,
      "9": 0.24333333333333332
    },
    "Timeformer": {
      "0": 0.7846153846153846,
      "1": 0.7999999999999999,
      "2": 0.7424242424242424,
      "3": 0.6956521739130435,
      "4": 0.6296296296296297,
      "5": 0.4689655172413793,
      "6": 0.4444444444444444,
      "7": 0.34782608695652173,
      "8": 0.3241379310344828,
      "9": 0.26
    }
  },
  "drift_score_by_class": {
    "Static": {
      "stable": {
        "0": 0.7565217391304347,
        "1": 0.7633333333333333,
        "2": 0.8192307692307692,
        "3": 0.773913043478261,
        "4": 0.7666666666666667,
        "5": 0.8137931034482758,
        "6": 0.7285714285714285,
        "7": 0.8434782608695651,
        "8": 0.7125,
        "9": 0.6909090909090909
      },
      "drift": {
        "0": 0.6346153846153846,
        "1": 0.5758620689655172,
        "2": 0.5757575757575758,
        "3": 0.6434782608695652,
        "4": 0.5333333333333334,
        "5": 0.4862068965517241,
        "6": 0.5296296296296297,
        "7": 0.41304347826086957,
        "8": 0.4551724137931034,
        "9": 0.4033333333333333
      },
      "bifurc": {
        "0": 0.7807692307692308,
        "1": 0.8,
        "2": 0.6956521739130435,
        "3": 0.7869565217391304,
        "4": 0.7346153846153846,
        "5": 0.5875,
        "6": 0.6571428571428571,
        "7": 0.6190476190476192,
        "8": 0.7473684210526317,
        "9": 0.6625
      }
    },
    "Additive": {
      "stable": {
        "0": 0.8521739130434783,
        "1": 0.8133333333333331,
        "2": 0.8269230769230769,
        "3": 0.7782608695652175,
        "4": 0.7666666666666666,
        "5": 0.7724137931034483,
        "6": 0.7285714285714285,
        "7": 0.7391304347826086,
        "8": 0.6333333333333333,
        "9": 0.6136363636363636
      },
      "drift": {
        "0": 0.8153846153846153,
        "1": 0.793103448275862,
        "2": 0.7121212121212122,
        "3": 0.7956521739130433,
        "4": 0.5814814814814815,
        "5": 0.4620689655172414,
        "6": 0.5000000000000001,
        "7": 0.391304347826087,
        "8": 0.3724137931034483,
        "9": 0.2899999999999999
      },
      "bifurc": {
        "0": 0.8807692307692307,
        "1": 0.8464285714285714,
        "2": 0.8130434782608694,
        "3": 0.7565217391304347,
        "4": 0.75,
        "5": 0.5458333333333334,
        "6": 0.523809523809524,
        "7": 0.5095238095238095,
        "8": 0.5631578947368421,
        "9": 0.5416666666666666
      }
    },
    "Joint": {
      "stable": {
        "0": 0.8521739130434781,
        "1": 0.8533333333333334,
        "2": 0.8192307692307691,
        "3": 0.782608695652174,
        "4": 0.75,
        "5": 0.803448275862069,
        "6": 0.7178571428571429,
        "7": 0.7565217391304347,
        "8": 0.5958333333333333,
        "9": 0.6272727272727274
      },
      "drift": {
        "0": 0.8692307692307691,
        "1": 0.8448275862068966,
        "2": 0.7393939393939395,
        "3": 0.726086956521739,
        "4": 0.5592592592592592,
        "5": 0.5206896551724138,
        "6": 0.4962962962962963,
        "7": 0.41304347826086957,
        "8": 0.3103448275862069,
        "9": 0.24333333333333332
      },
      "bifurc": {
        "0": 0.8884615384615385,
        "1": 0.8321428571428572,
        "2": 0.8652173913043479,
        "3": 0.7869565217391304,
        "4": 0.7346153846153847,
        "5": 0.4958333333333333,
        "6": 0.47619047619047616,
        "7": 0.48571428571428565,
        "8": 0.5894736842105264,
        "9": 0.5291666666666667
      }
    },
    "Timeformer": {
      "stable": {
        "0": 0.8565217391304347,
        "1": 0.7899999999999999,
        "2": 0.8153846153846154,
        "3": 0.7913043478260869,
        "4": 0.7666666666666666,
        "5": 0.7482758620689656,
        "6": 0.6964285714285713,
        "7": 0.7956521739130435,
        "8": 0.6208333333333333,
        "9": 0.6363636363636364
      },
      "drift": {
        "0": 0.7846153846153846,
        "1": 0.7999999999999999,
        "2": 0.7424242424242424,
        "3": 0.6956521739130435,
        "4": 0.6296296296296297,
        "5": 0.4689655172413793,
        "6": 0.4444444444444444,
        "7": 0.34782608695652173,
        "8": 0.3241379310344828,
        "9": 0.26
      },
      "bifurc": {
        "0": 0.8538461538461537,
        "1": 0.8642857142857141,
        "2": 0.8173913043478259,
        "3": 0.7782608695652172,
        "4": 0.7576923076923077,
        "5": 0.6541666666666667,
        "6": 0.523809523809524,
        "7": 0.5190476190476191,
        "8": 0.5736842105263158,
        "9": 0.525
      }
    }
  },
  "trajectory_dist": {
    "Static": {
      "stable": {
        "0": 4.012798182628785e-09,
        "1": 0.051653878469366324,
        "2": 0.029821942958595127,
        "3": 0.05243659252625541,
        "4": 0.03728170485101147,
        "5": 0.06236617659484328,
        "6": 0.061906805231282246,
        "7": 0.05893245986960808,
        "8": 0.052482613450620566,
        "9": 0.035236688716020204
      },
      "drift": {
        "0": -5.5896716055769956e-08,
        "1": 0.030053646334758023,
        "2": 0.04625453177898718,
        "3": 0.04942153988238944,
        "4": 0.04782164861699199,
        "5": 0.025508210501816952,
        "6": 0.03087122574302805,
        "7": 0.045544661159584096,
        "8": 0.03282891629861454,
        "9": 0.03087272231220336
      },
      "bifurc": {
        "0": -4.198150053147387e-08,
        "1": 0.015397308832542523,
        "2": 0.02290913316892268,
        "3": 0.013014308188387348,
        "4": 0.019369119472904362,
        "5": 0.04420145045713871,
        "6": 0.035478338445342185,
        "7": 0.046783203995862714,
        "8": 0.04173149000955929,
        "9": 0.027936847185931445
      }
    },
    "Additive": {
      "stable": {
        "0": 2.1572596942132093e-08,
        "1": 0.4794994187368107,
        "2": 0.25768385650596076,
        "3": 0.4398851913027399,
        "4": 0.6199911260831943,
        "5": 0.42428367510019793,
        "6": 0.5046493243878833,
        "7": 0.4155974508332354,
        "8": 0.6276882434321847,
        "9": 0.6938668834605571
      },
      "drift": {
        "0": 1.8890611519495336e-09,
        "1": 0.2716785771246719,
        "2": 0.3211019356900498,
        "3": 0.39307519569215243,
        "4": 0.46666387162622947,
        "5": 0.47286011607554324,
        "6": 0.548625174147133,
        "7": 0.5734102846350738,
        "8": 0.5278997883919632,
        "9": 0.7112279707039902
      },
      "bifurc": {
        "0": 2.3743294830236295e-08,
        "1": 0.17504084939763606,
        "2": 0.23722035035312983,
        "3": 0.2900272248664559,
        "4": 0.31774600875461234,
        "5": 0.4802932448286691,
        "6": 0.5692754226570648,
        "7": 0.5691687352249025,
        "8": 0.7180861452838985,
        "9": 0.5923652280079005
      }
    },