{
  "Static": {
    "test": {
      "n": 763,
      "probe_subj": {
        "accuracy": 0.8414154652686763,
        "f1": 0.7555555555555555,
        "auroc": 0.9075921695587056
      },
      "probe_sent": {
        "accuracy": 0.8676277850589778,
        "f1": 0.8068833652007649,
        "auroc": 0.9091352627040438
      },
      "precision_at_5": 0.7716906946264744,
      "cluster_ari": 0.02008115773918839,
      "cluster_nmi": 0.004313359326904807
    },
    "hard_verb": {
      "n": 215,
      "probe_subj": {
        "accuracy": 0.5255813953488372,
        "f1": 0.37037037037037035,
        "auroc": 0.5035555555555555
      },
      "probe_sent": {
        "accuracy": 0.5162790697674419,
        "f1": 0.43478260869565216,
        "auroc": 0.5122666666666666
      },
      "precision_at_5": 0.8055813953488372,
      "cluster_ari": 0.04028245257786997,
      "cluster_nmi": 0.022428380305494405
    },
    "hard_both": {
      "n": 69,
      "probe_subj": {
        "accuracy": 0.2463768115942029,
        "f1": 0.037037037037037035,
        "auroc": 0.06866537717601547
      },
      "probe_sent": {
        "accuracy": 0.2463768115942029,
        "f1": 0.0,
        "auroc": 0.05512572533849129
      },
      "precision_at_5": 0.7478260869565218,
      "cluster_ari": 0.08108873924928328,
      "cluster_nmi": 0.03236093453782241
    },
    "ambiguous_test": {
      "n": 5000,
      "probe_subj": {
        "accuracy": 0.5752,
        "f1": 0.3993212669683258,
        "auroc": 0.5560527438519169
      },
      "probe_sent": {
        "accuracy": 0.5568,
        "f1": 0.4090666666666667,
        "auroc": 0.5617824571400329
      },
      "precision_at_5": 0.63924,
      "cluster_ari": 0.05144841706065427,
      "cluster_nmi": 0.015181030725022422
    },
    "continuation": {
      "n": 794,
      "probe_subj": {
        "accuracy": 0.7204030226700252,
        "f1": 0.6933701657458563,
        "auroc": 0.793822496947497
      },
      "probe_sent": {
        "accuracy": 0.7405541561712846,
        "f1": 0.7253333333333334,
        "auroc": 0.8265605921855923
      },
      "precision_at_5": 0.7448362720403022,
      "cluster_ari": 0.004607170135859691,
      "cluster_nmi": 0.010641045070161498
    },
    "interpolation": {
      "n": 398,
      "probe_subj": {
        "accuracy": 0.7613065326633166,
        "f1": 0.6779661016949152,
        "auroc": 0.7888440860215054
      },
      "probe_sent": {
        "accuracy": 0.7512562814070352,
        "f1": 0.6775244299674267,
        "auroc": 0.8021236559139785
      },
      "precision_at_5": 0.6939698492462312,
      "cluster_ari": 0.08673786001903482,
      "cluster_nmi": 0.043894780880699466
    },
    "contrastive": {
      "sign_flip_rate": 0.0,
      "n_pairs": 29,
      "n_correct": 0
    }
  },
  "Additive": {
    "test": {
      "n": 763,
      "probe_subj": {
        "accuracy": 0.891218872870249,
        "f1": 0.8406909788867563,
        "auroc": 0.9569749323005704
      },
      "probe_sent": {
        "accuracy": 0.9043250327653998,
        "f1": 0.859344894026975,
        "auroc": 0.9591004674664529
      },
      "precision_at_5": 0.8073394495412844,
      "cluster_ari": -0.00028387159966253484,
      "cluster_nmi": 0.0007666722947141931
    },
    "hard_verb": {
      "n": 215,
      "probe_subj": {
        "accuracy": 0.4883720930232558,
        "f1": 0.3956043956043956,
        "auroc": 0.33528888888888886
      },
      "probe_sent": {
        "accuracy": 0.48372093023255813,
        "f1": 0.39344262295081966,
        "auroc": 0.3158222222222223
      },
      "precision_at_5": 0.9451162790697675,
      "cluster_ari": -0.0032120394359965703,
      "cluster_nmi": 0.0003037115306766008
    },
    "hard_both": {
      "n": 69,
      "probe_subj": {
        "accuracy": 0.2898550724637681,
        "f1": 0.10909090909090909,
        "auroc": 0.09864603481624756
      },
      "probe_sent": {
        "accuracy": 0.2463768115942029,
        "f1": 0.0,
        "auroc": 0.039651837524177946
      },
      "precision_at_5": 0.8,
      "cluster_ari": -0.005583201491570618,
      "cluster_nmi": 0.0017199442154628502
    },
    "ambiguous_test": {
      "n": 5000,
      "probe_subj": {
        "accuracy": 0.565,
        "f1": 0.4277821625887924,
        "auroc": 0.5593872558282869
      },
      "probe_sent": {
        "accuracy": 0.5616,
        "f1": 0.417331206804891,
        "auroc": 0.5471465088423666
      },
      "precision_at_5": 0.68664,
      "cluster_ari": -8.362876813902062e-06,
      "cluster_nmi": 7.657921701238712e-05
    },
    "continuation": {
      "n": 794,
      "probe_subj": {
        "accuracy": 0.7556675062972292,
        "f1": 0.7668269230769231,
        "auroc": 0.7765059015059016
      },
      "probe_sent": {
        "accuracy": 0.7594458438287154,
        "f1": 0.7662178702570379,
        "auroc": 0.7738921957671958
      },
      "precision_at_5": 0.7269521410579345,
      "cluster_ari": -0.0011009169644886833,
      "cluster_nmi": 0.00011699017059560003
    },
    "interpolation": {
      "n": 398,
      "probe_subj": {
        "accuracy": 0.7663316582914573,
        "f1": 0.7028753993610224,
        "auroc": 0.7790322580645161
      },
      "probe_sent": {
        "accuracy": 0.7663316582914573,
        "f1": 0.7009646302250804,
        "auroc": 0.7778225806451613
      },
      "precision_at_5": 0.6748743718592964,
      "cluster_ari": -0.0017501178010436178,
      "cluster_nmi": 0.00013006289651555484
    },
    "contrastive": {
      "sign_flip_rate": 0.5172413793103449,
      "n_pairs": 29,
      "n_correct": 15
    }
  },
  "Joint": {
    "test": {
      "n": 763,
      "probe_subj": {
        "accuracy": 0.8859764089121888,
        "f1": 0.8290766208251473,
        "auroc": 0.9585028970817386
      },
      "probe_sent": {
        "accuracy": 0.8885976408912188,
        "f1": 0.8355899419729207,
        "auroc": 0.9595997034840622
      },
      "precision_at_5": 0.8078636959370904,
      "cluster_ari": -0.00028387159966253484,
      "cluster_nmi": 0.0007666722947141931
    },
    "hard_verb": {
      "n": 215,
      "probe_subj": {
        "accuracy": 0.48372093023255813,
        "f1": 0.37988826815642457,
        "auroc": 0.3265777777777778
      },
      "probe_sent": {
        "accuracy": 0.4790697674418605,
        "f1": 0.38461538461538464,
        "auroc": 0.3421333333333333
      },
      "precision_at_5": 0.8325581395348837,
      "cluster_ari": -0.0032120394359965703,
      "cluster_nmi": 0.0003037115306766008
    },
    "hard_both": {
      "n": 69,
      "probe_subj": {
        "accuracy": 0.2028985507246377,
        "f1": 0.03508771929824561,
        "auroc": 0.030947775628626693
      },
      "probe_sent": {
        "accuracy": 0.18840579710144928,
        "f1": 0.06666666666666667,
        "auroc": 0.047388781431334626
      },
      "precision_at_5": 0.7420289855072464,
      "cluster_ari": -0.005583201491570618,
      "cluster_nmi": 0.0017199442154628502
    },
    "ambiguous_test": {
      "n": 5000,
      "probe_subj": {
        "accuracy": 0.5836,
        "f1": 0.4418230563002681,
        "auroc": 0.5631883796214193
      },
      "probe_sent": {
        "accuracy": 0.5826,
        "f1": 0.44744506221869207,
        "auroc": 0.5706721572292852
      },
      "precision_at_5": 0.67924,
      "cluster_ari": -8.362876813902062e-06,
      "cluster_nmi": 7.657921701238712e-05
    },
    "continuation": {
      "n": 794,
      "probe_subj": {
        "accuracy": 0.7670025188916877,
        "f1": 0.7718865598027127,
        "auroc": 0.7767284798534797
      },
      "probe_sent": {
        "accuracy": 0.7758186397984886,
        "f1": 0.7829268292682927,
        "auroc": 0.8035205535205535
      },
      "precision_at_5": 0.7020151133501259,
      "cluster_ari": -0.0011009169644886833,
      "cluster_nmi": 0.00011699017059560003
    },
    "interpolation": {
      "n": 398,
      "probe_subj": {
        "accuracy": 0.7713567839195979,