{
  "B1": {
    "test": {
      "n": 763,
      "probe_subj": {
        "accuracy": 0.8899082568807339,
        "f1": 0.8378378378378378,
        "auroc": 0.9556852392550794
      },
      "probe_sent": {
        "accuracy": 0.8925294888597641,
        "f1": 0.8446969696969697,
        "auroc": 0.9553751077895947
      },
      "precision_at_5": 0.8343381389252948,
      "cluster_ari": 0.029764116806961467,
      "cluster_nmi": 0.012799453695546296
    },
    "hard_verb": {
      "n": 215,
      "probe_subj": {
        "accuracy": 0.5255813953488372,
        "f1": 0.43333333333333335,
        "auroc": 0.3446222222222222
      },
      "probe_sent": {
        "accuracy": 0.5209302325581395,
        "f1": 0.4371584699453552,
        "auroc": 0.3202666666666667
      },
      "precision_at_5": 0.8995348837209303,
      "cluster_ari": -0.004455242788530396,
      "cluster_nmi": 0.00042597816731123527
    },
    "hard_both": {
      "n": 69,
      "probe_subj": {
        "accuracy": 0.18840579710144928,
        "f1": 0.0,
        "auroc": 0.033849129593810444
      },
      "probe_sent": {
        "accuracy": 0.17391304347826086,
        "f1": 0.0,
        "auroc": 0.0029013539651837564
      },
      "precision_at_5": 0.7391304347826086,
      "cluster_ari": -0.014119561436320793,
      "cluster_nmi": 0.00018469089477137767
    },
    "ambiguous_test": {
      "n": 5000,
      "probe_subj": {
        "accuracy": 0.5506,
        "f1": 0.4044526901669759,
        "auroc": 0.5370457621180978
      },
      "probe_sent": {
        "accuracy": 0.5418,
        "f1": 0.3969465648854962,
        "auroc": 0.5340225063886571
      },
      "precision_at_5": 0.63584,
      "cluster_ari": 0.024595012589298634,
      "cluster_nmi": 0.00854209705359905
    },
    "continuation": {
      "n": 794,
      "probe_subj": {
        "accuracy": 0.7443324937027708,
        "f1": 0.7373868046571799,
        "auroc": 0.7864424348799347
      },
      "probe_sent": {
        "accuracy": 0.7594458438287154,
        "f1": 0.7535483870967742,
        "auroc": 0.7892087657712658
      },
      "precision_at_5": 0.7478589420654912,
      "cluster_ari": 0.046787609486091765,
      "cluster_nmi": 0.040334752596175374
    },
    "interpolation": {
      "n": 398,
      "probe_subj": {
        "accuracy": 0.7663316582914573,
        "f1": 0.7009646302250804,
        "auroc": 0.7949999999999999
      },
      "probe_sent": {
        "accuracy": 0.7738693467336684,
        "f1": 0.7096774193548387,
        "auroc": 0.7938037634408601
      },
      "precision_at_5": 0.7246231155778895,
      "cluster_ari": 0.04249655411011202,
      "cluster_nmi": 0.023796084976413442
    },
    "contrastive": {
      "sign_flip_rate": 0.0,
      "n_pairs": 29,
      "n_correct": 0
    }
  },
  "B2a": {
    "test": {
      "n": 763,
      "probe_subj": {
        "accuracy": 0.8977719528178244,
        "f1": 0.8464566929133859,
        "auroc": 0.9589643121889231
      },
      "probe_sent": {
        "accuracy": 0.8964613368283093,
        "f1": 0.8454011741682974,
        "auroc": 0.9571337801243552
      },
      "precision_at_5": 0.8107470511140236,
      "cluster_ari": -0.00028387159966253484,
      "cluster_nmi": 0.0007666722947141931
    },
    "hard_verb": {
      "n": 215,
      "probe_subj": {
        "accuracy": 0.4790697674418605,
        "f1": 0.3411764705882353,
        "auroc": 0.3361777777777778
      },
      "probe_sent": {
        "accuracy": 0.4883720930232558,
        "f1": 0.367816091954023,
        "auroc": 0.35048888888888885
      },
      "precision_at_5": 0.8855813953488372,
      "cluster_ari": -0.0032120394359965703,
      "cluster_nmi": 0.0003037115306766008
    },
    "hard_both": {
      "n": 69,
      "probe_subj": {
        "accuracy": 0.3188405797101449,
        "f1": 0.04081632653061224,
        "auroc": 0.0589941972920696
      },
      "probe_sent": {
        "accuracy": 0.3188405797101449,
        "f1": 0.04081632653061224,
        "auroc": 0.04835589941972919
      },
      "precision_at_5": 0.782608695652174,
      "cluster_ari": -0.005583201491570618,
      "cluster_nmi": 0.0017199442154628502
    },
    "ambiguous_test": {
      "n": 5000,
      "probe_subj": {
        "accuracy": 0.5876,
        "f1": 0.4191549295774648,
        "auroc": 0.5809235352604449
      },
      "probe_sent": {
        "accuracy": 0.5856,
        "f1": 0.42251950947603123,
        "auroc": 0.5820730756260012
      },
      "precision_at_5": 0.69532,
      "cluster_ari": -8.362876813902062e-06,
      "cluster_nmi": 7.657921701238712e-05
    },
    "continuation": {
      "n": 794,
      "probe_subj": {
        "accuracy": 0.756926952141058,
        "f1": 0.7596513075965131,
        "auroc": 0.7821466727716727
      },
      "probe_sent": {
        "accuracy": 0.760705289672544,
        "f1": 0.7625,
        "auroc": 0.787087912087912
      },
      "precision_at_5": 0.7229219143576826,
      "cluster_ari": -0.0011009169644886833,
      "cluster_nmi": 0.00011699017059560003
    },
    "interpolation": {
      "n": 398,
      "probe_subj": {
        "accuracy": 0.7537688442211056,
        "f1": 0.6858974358974359,
        "auroc": 0.788991935483871
      },
      "probe_sent": {
        "accuracy": 0.7512562814070352,
        "f1": 0.6837060702875399,
        "auroc": 0.791411290322581
      },
      "precision_at_5": 0.714572864321608,
      "cluster_ari": -0.0017501178010436178,
      "cluster_nmi": 0.00013006289651555484
    },
    "contrastive": {
      "sign_flip_rate": 0.6896551724137931,
      "n_pairs": 29,
      "n_correct": 20
    }
  },
  "B2b": {
    "test": {
      "n": 763,
      "probe_subj": {
        "accuracy": 0.8859764089121888,
        "f1": 0.8323699421965318,
        "auroc": 0.9531625845297348
      },
      "probe_sent": {
        "accuracy": 0.8899082568807339,
        "f1": 0.83399209486166,
        "auroc": 0.9572169861272901
      },
      "precision_at_5": 0.8044560943643513,
      "cluster_ari": -0.0004364560803346393,
      "cluster_nmi": 0.0006776744852477961
    },
    "hard_verb": {
      "n": 215,
      "probe_subj": {
        "accuracy": 0.49767441860465117,
        "f1": 0.38636363636363635,
        "auroc": 0.3517333333333334
      },
      "probe_sent": {
        "accuracy": 0.49767441860465117,
        "f1": 0.39325842696629215,
        "auroc": 0.3303111111111111
      },
      "precision_at_5": 0.8762790697674419,
      "cluster_ari": -0.0032120394359965703,
      "cluster_nmi": 0.0003037115306766008
    },
    "hard_both": {
      "n": 69,
      "probe_subj": {
        "accuracy": 0.15942028985507245,
        "f1": 0.06451612903225806,
        "auroc": 0.03868471953578337
      },
      "probe_sent": {
        "accuracy": 0.21739130434782608,
        "f1": 0.1,
        "auroc": 0.043520309477756286
      },
      "precision_at_5": 0.7246376811594203,
      "cluster_ari": -0.005583201491570618,
      "cluster_nmi": 0.0017199442154628502
    },
    "ambiguous_test": {
      "n": 5000,
      "probe_subj": {
        "accuracy": 0.5772,
        "f1": 0.43746673762639704,
        "auroc": 0.5641982816765465
      },
      "probe_sent": {
        "accuracy": 0.5756,
        "f1": 0.4353379457158063,
        "auroc": 0.5629338145297977
      },
      "precision_at_5": 0.69128,
      "cluster_ari": -1.222693709035996e-05,
      "cluster_nmi": 5.9507559333979643e-05
    },
    "continuation": {
      "n": 794,
      "probe_subj": {
        "accuracy": 0.7758186397984886,
        "f1": 0.7865707434052758,
        "auroc": 0.7929735195360196
      },
      "probe_sent": {
        "accuracy": 0.7795969773299748,
        "f1": 0.7878787878787878,
        "auroc": 0.8032757173382172
      },
      "precision_at_5": 0.7327455919395466,
      "cluster_ari": -0.0011009169644886833,
      "cluster_nmi": 0.00011699017059560003
    },
    "interpolation": {
      "n": 398,
      "probe_subj": {
        "accuracy": 0.7587939698492462,
        "f1": 0.6923076923076923,